dataset,class,class_label,unit,geometry,mentions,docs,split,family,cls,as_named,aliases
census,admin_linked,named area,point,yes — coordinates or a layer exists,50,36,True,"satellite / raster / index, household or phone survey, official statistics series, registry / administrative database, facility / asset / infrastructure records, mapped layer / geospatial product","{""non_spatial"": 6, ""admin_linked"": 27, ""point_geocoded"": 1, ""unclear"": 16}",2003 census,
human capital index,non_spatial,no place,—,no — aggregate,43,43,True,"household or phone survey, official statistics series, facility / asset / infrastructure records","{""non_spatial"": 35, ""admin_linked"": 7, ""unclear"": 1}",Human Capital Index,
hmis (dhis2),unclear,place not stated,—,maybe — needs the survey's own geography,40,12,True,"household or phone survey, official statistics series, monitoring / tracking system, facility / asset / infrastructure records","{""admin_linked"": 18, ""unclear"": 22}",HMIS (DHIS2),DHIS2
world development indicators,non_spatial,no place,—,no — aggregate,38,31,True,"official statistics series, registry / administrative database, facility / asset / infrastructure records","{""non_spatial"": 30, ""admin_linked"": 8}",World Development Indicators,
household survey,unclear,place not stated,—,yes — coordinates or a layer exists,35,29,True,"satellite / raster / index, household or phone survey, official statistics series, registry / administrative database, monitoring / tracking system","{""non_spatial"": 6, ""admin_linked"": 6, ""unclear"": 23}",household survey data,
population census,unclear,place not stated,—,yes — coordinates or a layer exists,35,22,True,"satellite / raster / index, household or phone survey, official statistics series, registry / administrative database, facility / asset / infrastructure records","{""admin_linked"": 13, ""national_spatial_derived"": 1, ""unclear"": 21}",population census,
survey,unclear,place not stated,—,maybe — needs the survey's own geography,31,27,True,"household or phone survey, registry / administrative database, monitoring / tracking system","{""non_spatial"": 5, ""admin_linked"": 7, ""unclear"": 19}",2015 survey,
population and housing census,admin_linked,named area,district / sub-county,no — aggregate,26,18,True,"household or phone survey, official statistics series, facility / asset / infrastructure records","{""admin_linked"": 17, ""unclear"": 9}",population and housing census,
emis,admin_linked,named area,point,maybe — needs the survey's own geography,25,11,True,"household or phone survey, official statistics series, registry / administrative database, facility / asset / infrastructure records","{""non_spatial"": 1, ""admin_linked"": 18, ""unclear"": 6}",EMIS data,
household surveys,unclear,place not stated,—,maybe — needs the survey's own geography,23,19,True,"household or phone survey, official statistics series, registry / administrative database, facility / asset / infrastructure records","{""admin_linked"": 2, ""non_spatial"": 1, ""unclear"": 20}",household surveys,
human development index,non_spatial,no place,—,no — aggregate,23,23,True,"named source, family not stated","{""non_spatial"": 19, ""admin_linked"": 4}",Human Development Index,
social registry,admin_linked,named area,point,yes — coordinates or a layer exists,23,19,True,"household or phone survey, official statistics series, registry / administrative database","{""non_spatial"": 1, ""admin_linked"": 14, ""unclear"": 8}",social registry,
labor force survey,unclear,place not stated,—,no — aggregate,21,16,True,"household or phone survey, official statistics series, registry / administrative database, monitoring / tracking system","{""unclear"": 19, ""admin_linked"": 2}",Labor Force Survey,
agricultural census,unclear,place not stated,—,yes — coordinates or a layer exists,20,14,True,"household or phone survey, official statistics series, registry / administrative database, mapped layer / geospatial product","{""non_spatial"": 2, ""admin_linked"": 7, ""unclear"": 11}",agricultural census,
housing and population census,unclear,place not stated,—,maybe — needs the survey's own geography,19,2,True,"household or phone survey, official statistics series","{""non_spatial"": 1, ""admin_linked"": 7, ""unclear"": 11}",Housing and Population Census,
household budget survey,unclear,place not stated,—,no — aggregate,18,15,True,"household or phone survey, official statistics series, monitoring / tracking system","{""non_spatial"": 1, ""admin_linked"": 7, ""unclear"": 10}",2019 Household Budget Survey,
mics,unclear,place not stated,—,maybe — needs the survey's own geography,18,14,True,"household or phone survey, registry / administrative database, facility / asset / infrastructure records","{""non_spatial"": 5, ""admin_linked"": 4, ""unclear"": 9}",MICS,
beneficiary surveys,unclear,place not stated,—,maybe — needs the survey's own geography,17,14,True,"household or phone survey, registry / administrative database, monitoring / tracking system, facility / asset / infrastructure records","{""admin_linked"": 1, ""unclear"": 16}",beneficiary surveys,
demographic and health survey,unclear,place not stated,—,maybe — needs the survey's own geography,16,15,True,"household or phone survey, official statistics series","{""non_spatial"": 1, ""admin_linked"": 3, ""unclear"": 12}",Demographic and Health Survey,
gender inequality index,non_spatial,no place,—,no — aggregate,16,15,True,"official statistics series, facility / asset / infrastructure records","{""non_spatial"": 12, ""admin_linked"": 3, ""unclear"": 1}",Gender Inequality Index,
geospatial,point_geocoded,exact point,point,yes — coordinates or a layer exists,16,14,True,"household or phone survey, official statistics series, registry / administrative database, facility / asset / infrastructure records, mapped layer / geospatial product","{""point_geocoded"": 10, ""unclear"": 1, ""admin_linked"": 5}",geospatial datasets,
enterprise survey,unclear,place not stated,—,maybe — needs the survey's own geography,15,13,True,household or phone survey,"{""non_spatial"": 5, ""admin_linked"": 1, ""unclear"": 9}",Enterprise survey,
gender disaggregated,unclear,place not stated,—,maybe — needs the survey's own geography,15,11,True,"registry / administrative database, monitoring / tracking system, facility / asset / infrastructure records","{""non_spatial"": 3, ""admin_linked"": 4, ""unclear"": 8}",gender disaggregated data,
national social registry,admin_linked,named area,country only,maybe — needs the survey's own geography,15,14,True,"official statistics series, registry / administrative database, facility / asset / infrastructure records","{""non_spatial"": 1, ""admin_linked"": 10, ""unclear"": 4}",National Social Registry,
school census,admin_linked,named area,point,yes — coordinates or a layer exists,15,11,True,"household or phone survey, official statistics series, facility / asset / infrastructure records","{""admin_linked"": 13, ""point_geocoded"": 1, ""unclear"": 1}",annual school census,
disaggregated,unclear,place not stated,—,maybe — needs the survey's own geography,13,13,True,"monitoring / tracking system, facility / asset / infrastructure records","{""non_spatial"": 4, ""admin_linked"": 1, ""unclear"": 8}",disaggregated data,
global climate risk index,admin_linked,named area,country only,no — aggregate,13,13,True,"named source, family not stated","{""non_spatial"": 5, ""admin_linked"": 8}",Global Climate Risk Index,
household income and expenditure survey,admin_linked,named area,province / region / state,no — aggregate,13,11,True,"household or phone survey, official statistics series, registry / administrative database","{""non_spatial"": 3, ""admin_linked"": 6, ""unclear"": 4}",Household Income and Expenditure Survey,
multiple indicator cluster survey,unclear,place not stated,—,maybe — needs the survey's own geography,13,12,True,"household or phone survey, official statistics series","{""non_spatial"": 1, ""admin_linked"": 2, ""unclear"": 10}",Multiple Indicator Cluster Survey,
sex-disaggregated,unclear,place not stated,—,maybe — needs the survey's own geography,13,8,True,registry / administrative database,"{""admin_linked"": 1, ""non_spatial"": 2, ""unclear"": 10}",Sex-disaggregated data,
world bank enterprise survey,non_spatial,no place,—,maybe — needs the survey's own geography,13,12,True,"household or phone survey, official statistics series","{""non_spatial"": 7, ""unclear"": 5, ""admin_linked"": 1}",World Bank Enterprise Survey,
dhs,unclear,place not stated,—,maybe — needs the survey's own geography,12,8,True,household or phone survey,"{""non_spatial"": 3, ""admin_linked"": 3, ""unclear"": 6}",DHS,
hies,unclear,place not stated,—,maybe — needs the survey's own geography,12,9,True,"household or phone survey, official statistics series, facility / asset / infrastructure records","{""admin_linked"": 5, ""non_spatial"": 1, ""unclear"": 6}",HIES data,
monitoring,unclear,place not stated,—,maybe — needs the survey's own geography,12,8,True,monitoring / tracking system,"{""admin_linked"": 1, ""non_spatial"": 2, ""unclear"": 9}",monitoring data,
beneficiary survey,unclear,place not stated,—,maybe — needs the survey's own geography,11,7,True,household or phone survey,"{""unclear"": 9, ""admin_linked"": 2}",beneficiary survey,
findex,non_spatial,no place,—,no — aggregate,10,10,True,"household or phone survey, registry / administrative database","{""non_spatial"": 8, ""admin_linked"": 2}",Findex database,
global gender gap index,non_spatial,no place,—,no — aggregate,10,10,False,"official statistics series, registry / administrative database, facility / asset / infrastructure records","{""non_spatial"": 10}",Global Gender Gap Index,
lfs,unclear,place not stated,—,maybe — needs the survey's own geography,10,7,True,"household or phone survey, official statistics series, registry / administrative database, monitoring / tracking system, facility / asset / infrastructure records","{""non_spatial"": 3, ""admin_linked"": 1, ""unclear"": 6}",LFS,
population,admin_linked,named area,country only,maybe — needs the survey's own geography,10,8,True,"household or phone survey, official statistics series","{""admin_linked"": 6, ""unclear"": 4}",population data,
world bank,non_spatial,no place,—,no — aggregate,10,10,True,"household or phone survey, official statistics series, registry / administrative database","{""non_spatial"": 6, ""admin_linked"": 1, ""unclear"": 3}",World Bank Data,
activity reports,unclear,place not stated,—,maybe — needs the survey's own geography,9,1,True,household or phone survey,"{""non_spatial"": 2, ""unclear"": 7}",Activity reports,
climate,admin_linked,named area,province / region / state,maybe — needs the survey's own geography,9,7,True,"named source, family not stated","{""non_spatial"": 3, ""unclear"": 3, ""admin_linked"": 3}",climate data,
integrated beneficiary registry,unclear,place not stated,—,maybe — needs the survey's own geography,9,1,True,"household or phone survey, registry / administrative database","{""unclear"": 7, ""admin_linked"": 2}",integrated beneficiary registry,
pmu / consultant reports,unclear,place not stated,—,unknown,9,1,True,"named source, family not stated","{""non_spatial"": 1, ""unclear"": 8}",PMU / Consultant Reports,
project reports,non_spatial,no place,—,maybe — needs the survey's own geography,9,5,True,household or phone survey,"{""non_spatial"": 5, ""unclear"": 4}",Project reports,
sintys,admin_linked,named area,country only,no — aggregate,9,4,True,registry / administrative database,"{""non_spatial"": 2, ""admin_linked"": 5, ""unclear"": 2}",SINTyS,
administrative records,unclear,place not stated,—,yes — coordinates or a layer exists,8,6,True,"household or phone survey, official statistics series, monitoring / tracking system, facility / asset / infrastructure records","{""point_geocoded"": 1, ""unclear"": 7}",administrative records,
dhis-2,unclear,place not stated,—,maybe — needs the survey's own geography,8,2,True,"household or phone survey, registry / administrative database","{""admin_linked"": 3, ""unclear"": 5}",DHIS-2,
gender-disaggregated,unclear,place not stated,—,maybe — needs the survey's own geography,8,8,True,monitoring / tracking system,"{""non_spatial"": 2, ""unclear"": 6}",gender-disaggregated data,
health survey,unclear,place not stated,—,no — aggregate,8,7,False,"household or phone survey, official statistics series, registry / administrative database","{""unclear"": 8}",health survey,
hmis,admin_linked,named area,province / region / state,maybe — needs the survey's own geography,8,4,True,"registry / administrative database, facility / asset / infrastructure records","{""non_spatial"": 1, ""admin_linked"": 4, ""unclear"": 3}",HMIS data,
land records,admin_linked,named area,point,yes — coordinates or a layer exists,8,4,True,mapped layer / geospatial product,"{""admin_linked"": 7, ""point_geocoded"": 1}",land records,
oecs data for decision making,non_spatial,no place,—,unknown,8,3,True,official statistics series,"{""non_spatial"": 5, ""unclear"": 3}",OECS Data for Decision Making,
project progress reports,unclear,place not stated,—,maybe — needs the survey's own geography,8,4,True,"household or phone survey, registry / administrative database, monitoring / tracking system","{""non_spatial"": 3, ""unclear"": 5}",Project progress reports,
building register,point_geocoded,exact point,point,yes — coordinates or a layer exists,7,2,False,"satellite / raster / index, registry / administrative database, facility / asset / infrastructure records","{""point_geocoded"": 7}",Building Register,
business census,admin_linked,named area,country only,yes — coordinates or a layer exists,7,6,True,"household or phone survey, official statistics series, registry / administrative database, facility / asset / infrastructure records, mapped layer / geospatial product","{""admin_linked"": 3, ""non_spatial"": 1, ""unclear"": 3}",business census,
cadastral,point_geocoded,exact point,point,yes — coordinates or a layer exists,7,3,False,"household or phone survey, official statistics series, registry / administrative database, facility / asset / infrastructure records, mapped layer / geospatial product","{""point_geocoded"": 7}",cadastral data,
data aggregated by piu,unclear,place not stated,—,maybe — needs the survey's own geography,7,1,False,"named source, family not stated","{""unclear"": 7}",Data aggregated by PIU,
economic census,admin_linked,named area,country only,maybe — needs the survey's own geography,7,4,True,"household or phone survey, official statistics series","{""admin_linked"": 4, ""unclear"": 3}",Economic Census,
national census,admin_linked,named area,district / sub-county,maybe — needs the survey's own geography,7,6,True,household or phone survey,"{""admin_linked"": 6, ""non_spatial"": 1}",National Census,
national household survey,unclear,place not stated,—,maybe — needs the survey's own geography,7,7,True,household or phone survey,"{""admin_linked"": 1, ""unclear"": 6}",National Baseline Household Survey,
passenger surveys,unclear,place not stated,—,maybe — needs the survey's own geography,7,1,True,household or phone survey,"{""unclear"": 6, ""admin_linked"": 1}",passenger surveys,
surveys,unclear,place not stated,—,yes — coordinates or a layer exists,7,7,True,household or phone survey,"{""unclear"": 5, ""admin_linked"": 1, ""point_geocoded"": 1}",baseline surveys,
admin,unclear,place not stated,—,yes — coordinates or a layer exists,6,3,True,"household or phone survey, monitoring / tracking system, facility / asset / infrastructure records","{""point_geocoded"": 1, ""unclear"": 4, ""admin_linked"": 1}",admin data,
cadastro nico,admin_linked,named area,country only,yes — coordinates or a layer exists,6,3,True,registry / administrative database,"{""admin_linked"": 3, ""unclear"": 3}",Cadastro Único,
consumer price index,non_spatial,no place,—,no — aggregate,6,5,True,official statistics series,"{""admin_linked"": 1, ""non_spatial"": 5}",Consumer Price Index,
crash,admin_linked,named area,country only,maybe — needs the survey's own geography,6,4,True,"registry / administrative database, facility / asset / infrastructure records","{""admin_linked"": 5, ""unclear"": 1}",crash database,
education,unclear,place not stated,—,maybe — needs the survey's own geography,6,6,True,facility / asset / infrastructure records,"{""non_spatial"": 1, ""unclear"": 5}",education data,
gini index,non_spatial,no place,—,no — aggregate,6,6,True,"named source, family not stated","{""non_spatial"": 5, ""admin_linked"": 1}",Gini index,
ihses,unclear,place not stated,—,no — aggregate,6,1,True,household or phone survey,"{""non_spatial"": 1, ""admin_linked"": 2, ""unclear"": 3}",IHSES data,
infrastructure cadaster,point_geocoded,exact point,point,yes — coordinates or a layer exists,6,3,True,"named source, family not stated","{""admin_linked"": 2, ""point_geocoded"": 4}",infrastructure cadaster,
macro poverty outlook,non_spatial,no place,—,unknown,6,5,False,"named source, family not stated","{""non_spatial"": 6}",Macro Poverty Outlook,
mef report,unclear,place not stated,—,unknown,6,1,True,registry / administrative database,"{""non_spatial"": 2, ""unclear"": 4}",MEF Report,
nser,admin_linked,named area,country only,maybe — needs the survey's own geography,6,3,True,"household or phone survey, registry / administrative database","{""admin_linked"": 5, ""unclear"": 1}",NSER data,
pdo indicators,non_spatial,no place,—,maybe — needs the survey's own geography,6,6,False,monitoring / tracking system,"{""non_spatial"": 6}",PDO Indicators,
pisa,non_spatial,no place,—,maybe — needs the survey's own geography,6,6,True,"registry / administrative database, facility / asset / infrastructure records","{""admin_linked"": 1, ""non_spatial"": 4, ""unclear"": 1}",PISA 2018,
project m&e system,unclear,place not stated,—,maybe — needs the survey's own geography,6,1,False,household or phone survey,"{""unclear"": 6}",Project M&E System,
pslm,admin_linked,named area,point,maybe — needs the survey's own geography,6,2,True,"household or phone survey, facility / asset / infrastructure records","{""non_spatial"": 1, ""admin_linked"": 5}",PSLM,
sihbs,unclear,place not stated,—,maybe — needs the survey's own geography,6,1,True,household or phone survey,"{""non_spatial"": 1, ""unclear"": 5}",SIHBS,
statistical,unclear,place not stated,—,yes — coordinates or a layer exists,6,5,True,"household or phone survey, official statistics series, mapped layer / geospatial product","{""non_spatial"": 2, ""unclear"": 3, ""admin_linked"": 1}",statistical data,
world bank databank,non_spatial,no place,—,no — aggregate,6,5,True,"household or phone survey, official statistics series, registry / administrative database","{""non_spatial"": 5, ""admin_linked"": 1}",World Bank Databank,
agri-park survey,unclear,place not stated,—,no — aggregate,5,1,False,household or phone survey,"{""unclear"": 5}",Agri-park survey data,
consumption,unclear,place not stated,—,maybe — needs the survey's own geography,5,5,True,household or phone survey,"{""non_spatial"": 1, ""unclear"": 4}",consumption data,
coremis,unclear,place not stated,—,yes — coordinates or a layer exists,5,1,True,"household or phone survey, monitoring / tracking system","{""admin_linked"": 2, ""unclear"": 3}",COREMIS,
dhs mics,admin_linked,named area,province / region / state,maybe — needs the survey's own geography,5,1,True,"household or phone survey, official statistics series","{""admin_linked"": 3, ""unclear"": 2}",DHS MICS,
enterprise surveys,unclear,place not stated,—,maybe — needs the survey's own geography,5,5,False,household or phone survey,"{""unclear"": 5}",enterprise surveys,
facility records,admin_linked,named area,point,yes — coordinates or a layer exists,5,1,True,"household or phone survey, registry / administrative database, monitoring / tracking system","{""point_geocoded"": 2, ""admin_linked"": 3}",Facility records,
fare card,point_geocoded,exact point,point,yes — coordinates or a layer exists,5,1,True,"household or phone survey, facility / asset / infrastructure records","{""point_geocoded"": 4, ""admin_linked"": 1}",fare card data,
fatality,point_geocoded,exact point,point,yes — coordinates or a layer exists,5,2,True,"named source, family not stated","{""admin_linked"": 1, ""point_geocoded"": 4}",Baseline fatality data,
field survey,unclear,place not stated,—,maybe — needs the survey's own geography,5,3,True,household or phone survey,"{""unclear"": 4, ""admin_linked"": 1}",Field survey,
financial,non_spatial,no place,—,no — aggregate,5,4,False,registry / administrative database,"{""non_spatial"": 5}",financial database,
global health security index,non_spatial,no place,—,no — aggregate,5,5,False,"named source, family not stated","{""non_spatial"": 5}",Global Health Security Index,
hbs,unclear,place not stated,—,no — aggregate,5,5,True,"household or phone survey, official statistics series","{""non_spatial"": 2, ""unclear"": 3}",HBS,
health,admin_linked,named area,point,yes — coordinates or a layer exists,5,4,True,facility / asset / infrastructure records,"{""unclear"": 2, ""point_geocoded"": 1, ""admin_linked"": 2}",health data,
hemis,unclear,place not stated,—,maybe — needs the survey's own geography,5,2,True,"registry / administrative database, monitoring / tracking system","{""unclear"": 4, ""admin_linked"": 1}",HEMIS,
hr records,unclear,place not stated,—,maybe — needs the survey's own geography,5,5,False,registry / administrative database,"{""unclear"": 5}",HR records,
impact evaluation surveys,unclear,place not stated,—,yes — coordinates or a layer exists,5,2,False,"satellite / raster / index, household or phone survey","{""unclear"": 5}",impact evaluation surveys,
kap survey,unclear,place not stated,—,maybe — needs the survey's own geography,5,2,False,household or phone survey,"{""unclear"": 5}",KAP survey data,
m&e,unclear,place not stated,—,maybe — needs the survey's own geography,5,4,True,"household or phone survey, official statistics series, registry / administrative database","{""non_spatial"": 2, ""unclear"": 3}",M&E database,
m&e reports,unclear,place not stated,—,maybe — needs the survey's own geography,5,2,True,"household or phone survey, registry / administrative database, facility / asset / infrastructure records","{""non_spatial"": 1, ""unclear"": 3, ""admin_linked"": 1}",M&E reports,
malaria indicator survey,unclear,place not stated,—,maybe — needs the survey's own geography,5,4,True,household or phone survey,"{""non_spatial"": 1, ""admin_linked"": 1, ""unclear"": 3}",Malaria Indicator Survey,
mis,unclear,place not stated,—,maybe — needs the survey's own geography,5,5,True,"household or phone survey, registry / administrative database, monitoring / tracking system","{""non_spatial"": 1, ""unclear"": 4}",MIS,
multidimensional poverty index,non_spatial,no place,—,no — aggregate,5,5,True,official statistics series,"{""non_spatial"": 4, ""unclear"": 1}",Multidimensional Poverty Index,
multiple indicator cluster surveys,unclear,place not stated,—,maybe — needs the survey's own geography,5,5,True,"household or phone survey, official statistics series","{""admin_linked"": 1, ""unclear"": 4}",Multiple Indicator Cluster Surveys,
municipal statistics,admin_linked,named area,country only,no — aggregate,5,3,True,"household or phone survey, official statistics series, registry / administrative database","{""non_spatial"": 1, ""admin_linked"": 4}",municipal statistics,
nd-gain index,admin_linked,named area,country only,no — aggregate,5,4,True,"named source, family not stated","{""admin_linked"": 3, ""non_spatial"": 1, ""unclear"": 1}",ND-GAIN Index,
periodic labor force survey,unclear,place not stated,—,maybe — needs the survey's own geography,5,4,True,"household or phone survey, official statistics series","{""non_spatial"": 1, ""unclear"": 3, ""admin_linked"": 1}",Periodic Labor Force Survey,
periodic surveys,unclear,place not stated,—,maybe — needs the survey's own geography,5,3,False,household or phone survey,"{""unclear"": 5}",periodic surveys,
pmu and consultants reports,unclear,place not stated,—,unknown,5,1,False,"named source, family not stated","{""unclear"": 5}",PMU and consultants reports,
pmu progress reports,unclear,place not stated,—,maybe — needs the survey's own geography,5,1,False,"registry / administrative database, monitoring / tracking system","{""unclear"": 5}",PMU progress reports,
poverty survey,unclear,place not stated,—,no — aggregate,5,5,False,"household or phone survey, registry / administrative database","{""unclear"": 5}",poverty survey,
price statistics,non_spatial,no place,—,no — aggregate,5,4,True,"official statistics series, facility / asset / infrastructure records","{""non_spatial"": 3, ""unclear"": 1, ""admin_linked"": 1}",price statistics,
project financing,non_spatial,no place,—,unknown,5,5,False,"named source, family not stated","{""non_spatial"": 5}",PROJECT FINANCING DATA,
project procurement records,non_spatial,no place,—,maybe — needs the survey's own geography,5,5,False,"named source, family not stated","{""non_spatial"": 5}",project procurement records,
remote sensing,point_geocoded,exact point,point,yes — coordinates or a layer exists,5,3,True,"satellite / raster / index, household or phone survey, facility / asset / infrastructure records, mapped layer / geospatial product","{""national_spatial_derived"": 2, ""point_geocoded"": 2, ""admin_linked"": 1}",remote sensing data,
rempe,unclear,place not stated,—,yes — coordinates or a layer exists,5,1,False,"household or phone survey, official statistics series, mapped layer / geospatial product","{""unclear"": 5}",REMPE,
sales price register,admin_linked,named area,not stated,maybe — needs the survey's own geography,5,2,True,"official statistics series, registry / administrative database","{""unclear"": 1, ""admin_linked"": 4}",Sales Price Register,
satellite,admin_linked,named area,point,yes — coordinates or a layer exists,5,5,True,"satellite / raster / index, household or phone survey, registry / administrative database, facility / asset / infrastructure records, mapped layer / geospatial product","{""admin_linked"": 2, ""non_spatial"": 1, ""national_spatial_derived"": 1, ""point_geocoded"": 1}",satellite data,
statistical yearbook,unclear,place not stated,—,maybe — needs the survey's own geography,5,4,True,"household or phone survey, official statistics series, registry / administrative database","{""non_spatial"": 2, ""admin_linked"": 1, ""unclear"": 2}",statistical yearbook,
sudan household budget and poverty survey,admin_linked,named area,country only,no — aggregate,5,1,True,household or phone survey,"{""non_spatial"": 1, ""admin_linked"": 3, ""unclear"": 1}",Sudan Household Budget and Poverty Survey,
tanzania demographic and health survey,unclear,place not stated,—,no — aggregate,5,4,True,"household or phone survey, official statistics series","{""non_spatial"": 1, ""unclear"": 4}",Tanzania Demographic and Health Survey,
timss,admin_linked,named area,point,maybe — needs the survey's own geography,5,5,True,household or phone survey,"{""admin_linked"": 2, ""non_spatial"": 1, ""unclear"": 2}",TIMSS,
bangladesh demographic and health survey,non_spatial,no place,—,maybe — needs the survey's own geography,4,2,True,household or phone survey,"{""non_spatial"": 3, ""unclear"": 1}",2022 Bangladesh Demographic and Health Survey,
beneficiary satisfaction surveys,unclear,place not stated,—,maybe — needs the survey's own geography,4,4,False,"household or phone survey, registry / administrative database, monitoring / tracking system","{""unclear"": 4}",beneficiary satisfaction surveys,
building registry,point_geocoded,exact point,point,yes — coordinates or a layer exists,4,2,False,registry / administrative database,"{""point_geocoded"": 4}",building registry,
customer,admin_linked,named area,country only,yes — coordinates or a layer exists,4,4,True,"satellite / raster / index, household or phone survey, registry / administrative database","{""non_spatial"": 1, ""unclear"": 1, ""admin_linked"": 2}",customer database,
data from nttis,admin_linked,named area,country only,maybe — needs the survey's own geography,4,1,False,monitoring / tracking system,"{""admin_linked"": 4}",data from NTTIs,
data of wua support units,unclear,place not stated,—,unknown,4,1,False,registry / administrative database,"{""unclear"": 4}",data of WUA support units,
demographic,admin_linked,named area,district / sub-county,maybe — needs the survey's own geography,4,3,False,"household or phone survey, monitoring / tracking system","{""admin_linked"": 4}",demographic data,
digitized records of road crashes,point_geocoded,exact point,point,yes — coordinates or a layer exists,4,1,False,"registry / administrative database, facility / asset / infrastructure records","{""point_geocoded"": 4}",Digitized records of road crashes,
dmfas 7,non_spatial,no place,—,no — aggregate,4,1,True,monitoring / tracking system,"{""non_spatial"": 3, ""unclear"": 1}",DMFAS 7,
fsps,admin_linked,named area,country only,maybe — needs the survey's own geography,4,2,True,"household or phone survey, registry / administrative database","{""admin_linked"": 3, ""unclear"": 1}",FSPs database,
gender,unclear,place not stated,—,maybe — needs the survey's own geography,4,3,True,"household or phone survey, official statistics series","{""admin_linked"": 1, ""unclear"": 3}",gender data,
general population and housing census,admin_linked,named area,point,yes — coordinates or a layer exists,4,4,True,household or phone survey,"{""non_spatial"": 1, ""point_geocoded"": 1, ""admin_linked"": 2}",2008 General Population and Housing Census,
household,unclear,place not stated,—,maybe — needs the survey's own geography,4,3,True,household or phone survey,"{""unclear"": 3, ""admin_linked"": 1}",household data,
household roster,unclear,place not stated,—,maybe — needs the survey's own geography,4,1,False,"household or phone survey, registry / administrative database","{""unclear"": 4}",household roster,
ine census,admin_linked,named area,country only,maybe — needs the survey's own geography,4,2,True,"household or phone survey, registry / administrative database, facility / asset / infrastructure records","{""non_spatial"": 1, ""admin_linked"": 3}",INE 2021. Census,
iraq household socioeconomic survey,admin_linked,named area,district / sub-county,maybe — needs the survey's own geography,4,1,True,household or phone survey,"{""non_spatial"": 1, ""admin_linked"": 2, ""unclear"": 1}",Iraq Household Socioeconomic Survey III,
labor statistics,unclear,place not stated,—,no — aggregate,4,3,True,"household or phone survey, official statistics series","{""non_spatial"": 1, ""unclear"": 3}",labor statistics,
land registry,admin_linked,named area,point,yes — coordinates or a layer exists,4,4,True,registry / administrative database,"{""admin_linked"": 3, ""point_geocoded"": 1}",land registry,
lmis,admin_linked,named area,country only,maybe — needs the survey's own geography,4,2,True,"registry / administrative database, monitoring / tracking system, facility / asset / infrastructure records","{""admin_linked"": 2, ""unclear"": 2}",LMIS,
meteorological,national_spatial_derived,mapped / satellite,country only,maybe — needs the survey's own geography,4,2,True,"official statistics series, facility / asset / infrastructure records","{""national_spatial_derived"": 3, ""admin_linked"": 1}",meteorological data,
moh dpi,unclear,place not stated,—,maybe — needs the survey's own geography,4,1,False,household or phone survey,"{""unclear"": 4}",MOH DPI,
monitoring system of piu,admin_linked,named area,urban / rural split,maybe — needs the survey's own geography,4,2,True,"monitoring / tracking system, facility / asset / infrastructure records","{""admin_linked"": 3, ""non_spatial"": 1}",Monitoring system of the PIU,
national accounts,non_spatial,no place,—,no — aggregate,4,4,True,"household or phone survey, official statistics series","{""non_spatial"": 3, ""unclear"": 1}",National Accounts Data,
national family health survey,admin_linked,named area,country only,no — aggregate,4,4,True,household or phone survey,"{""non_spatial"": 1, ""admin_linked"": 2, ""unclear"": 1}",National Family Health Survey,
national population census,admin_linked,named area,urban / rural split,yes — coordinates or a layer exists,4,4,True,"household or phone survey, mapped layer / geospatial product","{""admin_linked"": 2, ""unclear"": 1, ""non_spatial"": 1}",2017 National Population Census,
national statistical,non_spatial,no place,—,maybe — needs the survey's own geography,4,2,True,official statistics series,"{""non_spatial"": 3, ""admin_linked"": 1}",national statistical data,
nptp,unclear,place not stated,—,maybe — needs the survey's own geography,4,1,True,"household or phone survey, registry / administrative database","{""admin_linked"": 1, ""unclear"": 3}",NPTP database,
outcome surveys,unclear,place not stated,—,maybe — needs the survey's own geography,4,1,True,household or phone survey,"{""non_spatial"": 1, ""unclear"": 3}",annual outcome surveys,
pbf data portal,unclear,place not stated,—,yes — coordinates or a layer exists,4,1,True,registry / administrative database,"{""admin_linked"": 1, ""point_geocoded"": 1, ""unclear"": 2}",PBF data portal,
perception surveys,unclear,place not stated,—,maybe — needs the survey's own geography,4,4,False,"household or phone survey, official statistics series, facility / asset / infrastructure records","{""unclear"": 4}",perception surveys,
periodic staff surveys,unclear,place not stated,—,maybe — needs the survey's own geography,4,4,False,household or phone survey,"{""unclear"": 4}",periodic staff surveys,
personal,unclear,place not stated,—,unknown,4,3,True,"named source, family not stated","{""non_spatial"": 2, ""unclear"": 2}",personal data,
pirls,unclear,place not stated,—,maybe — needs the survey's own geography,4,3,True,household or phone survey,"{""non_spatial"": 2, ""unclear"": 2}",PIRLS,
pisa results,non_spatial,no place,—,maybe — needs the survey's own geography,4,4,True,facility / asset / infrastructure records,"{""admin_linked"": 1, ""non_spatial"": 3}",PISA results,
plfs,non_spatial,no place,—,maybe — needs the survey's own geography,4,3,True,official statistics series,"{""non_spatial"": 3, ""admin_linked"": 1}",PLFS data,
price,admin_linked,named area,province / region / state,maybe — needs the survey's own geography,4,3,True,"household or phone survey, official statistics series, registry / administrative database, facility / asset / infrastructure records","{""admin_linked"": 3, ""non_spatial"": 1}",price data,
project accounting records,non_spatial,no place,—,maybe — needs the survey's own geography,4,4,True,"named source, family not stated","{""non_spatial"": 3, ""unclear"": 1}",project accounting records,
project progress report,unclear,place not stated,—,unknown,4,3,True,registry / administrative database,"{""non_spatial"": 2, ""unclear"": 2}",Project progress report,
reports from ngos supporting sani boyah,unclear,place not stated,—,unknown,4,1,False,"named source, family not stated","{""unclear"": 4}",reports from NGOs supporting the Sani Boyah,
routine,unclear,place not stated,—,unknown,4,3,False,"named source, family not stated","{""unclear"": 4}",Routine data,
satisfaction surveys,unclear,place not stated,—,maybe — needs the survey's own geography,4,3,False,household or phone survey,"{""unclear"": 4}",Satisfaction surveys,
social statistics,unclear,place not stated,—,maybe — needs the survey's own geography,4,2,True,"household or phone survey, official statistics series, registry / administrative database","{""non_spatial"": 1, ""unclear"": 3}",social statistics,
sp metro and o/d surveys,unclear,place not stated,—,maybe — needs the survey's own geography,4,1,False,household or phone survey,"{""unclear"": 4}",SP Metro and O/D Surveys,
sphf (piu),unclear,place not stated,—,no — aggregate,4,4,True,"household or phone survey, registry / administrative database","{""non_spatial"": 2, ""unclear"": 2}",SPHF (PIU),PIU
statistical business register,unclear,place not stated,—,no — aggregate,4,4,False,"household or phone survey, official statistics series","{""unclear"": 4}",Statistical Business Register,
survey of operators/tenants,admin_linked,named area,province / region / state,maybe — needs the survey's own geography,4,1,False,household or phone survey,"{""admin_linked"": 4}",Survey of operators/tenants,
survey reports,unclear,place not stated,—,maybe — needs the survey's own geography,4,4,True,household or phone survey,"{""unclear"": 3, ""non_spatial"": 1}",Survey reports,
survey results,unclear,place not stated,—,maybe — needs the survey's own geography,4,3,True,household or phone survey,"{""admin_linked"": 1, ""unclear"": 2, ""non_spatial"": 1}",annual survey results,
systematic country diagnostic,non_spatial,no place,—,maybe — needs the survey's own geography,4,4,False,"named source, family not stated","{""non_spatial"": 4}",2017 Systematic Country Diagnostic,
third party monitoring (tpm) surveys,admin_linked,named area,country only,maybe — needs the survey's own geography,4,4,True,"household or phone survey, registry / administrative database, monitoring / tracking system, facility / asset / infrastructure records","{""unclear"": 2, ""admin_linked"": 2}",Third Party Monitoring (TPM) surveys,TPM
ticketing and entrance gate records,point_geocoded,exact point,point,yes — coordinates or a layer exists,4,1,True,"household or phone survey, facility / asset / infrastructure records","{""point_geocoded"": 3, ""admin_linked"": 1}",Ticketing and entrance gate records,
training program attendance intake,unclear,place not stated,—,unknown,4,1,False,"named source, family not stated","{""unclear"": 4}",Training program attendance intake,
welfare,unclear,place not stated,—,maybe — needs the survey's own geography,4,1,False,"household or phone survey, registry / administrative database","{""unclear"": 4}",Welfare Database,
world bank enterprise surveys,unclear,place not stated,—,maybe — needs the survey's own geography,4,4,True,"household or phone survey, official statistics series","{""non_spatial"": 1, ""unclear"": 3}",World Bank Enterprise Surveys,
world bank gender data portal,non_spatial,no place,—,unknown,4,4,False,"named source, family not stated","{""non_spatial"": 4}",World Bank Gender Data Portal,
world bank national accounts,non_spatial,no place,—,yes — coordinates or a layer exists,4,4,True,mapped layer / geospatial product,"{""admin_linked"": 1, ""non_spatial"": 3}",World Bank national accounts data,
world risk index,admin_linked,named area,country only,no — aggregate,4,4,True,"named source, family not stated","{""non_spatial"": 2, ""admin_linked"": 2}",2021 World Risk Index,
activity,national_spatial_derived,mapped / satellite,country only,unknown,3,2,True,"named source, family not stated","{""national_spatial_derived"": 2, ""admin_linked"": 1}",Activity data,
address registry,point_geocoded,exact point,point,yes — coordinates or a layer exists,3,2,False,"household or phone survey, official statistics series, registry / administrative database","{""point_geocoded"": 3}",Address Registry,
administrative databases,unclear,place not stated,—,maybe — needs the survey's own geography,3,3,True,registry / administrative database,"{""non_spatial"": 1, ""unclear"": 2}",administrative databases,
agricultural statistics,unclear,place not stated,—,maybe — needs the survey's own geography,3,3,True,"household or phone survey, official statistics series","{""non_spatial"": 1, ""unclear"": 2}",agricultural statistics,
agricultural surveys,unclear,place not stated,—,yes — coordinates or a layer exists,3,3,False,"household or phone survey, mapped layer / geospatial product","{""unclear"": 3}",agricultural surveys,
agriculture survey,unclear,place not stated,—,maybe — needs the survey's own geography,3,3,False,household or phone survey,"{""unclear"": 3}",Agriculture survey,
air quality,admin_linked,named area,country only,no — aggregate,3,1,False,"named source, family not stated","{""admin_linked"": 3}",air quality data,
amen social registry,admin_linked,named area,country only,maybe — needs the survey's own geography,3,2,True,"household or phone survey, registry / administrative database","{""admin_linked"": 2, ""unclear"": 1}",AMEN Social registry,
assessment,unclear,place not stated,—,maybe — needs the survey's own geography,3,3,True,"named source, family not stated","{""admin_linked"": 1, ""unclear"": 2}",assessment data,
bank account statements,non_spatial,no place,—,unknown,3,3,True,"named source, family not stated","{""non_spatial"": 2, ""unclear"": 1}",bank account statements,
beneficiary,admin_linked,named area,country only,maybe — needs the survey's own geography,3,3,True,"household or phone survey, registry / administrative database","{""admin_linked"": 1, ""non_spatial"": 1, ""unclear"": 1}",beneficiary database,
beneficiary feedback survey,unclear,place not stated,—,maybe — needs the survey's own geography,3,3,False,household or phone survey,"{""unclear"": 3}",beneficiary feedback survey,
bhi,unclear,place not stated,—,unknown,3,1,False,"named source, family not stated","{""unclear"": 3}",BHI data,
business register,unclear,place not stated,—,maybe — needs the survey's own geography,3,3,True,"household or phone survey, official statistics series","{""unclear"": 2, ""admin_linked"": 1}",business register,
cadastre,point_geocoded,exact point,point,yes — coordinates or a layer exists,3,2,True,"registry / administrative database, facility / asset / infrastructure records","{""admin_linked"": 1, ""point_geocoded"": 2}",cadastre,
cadastro ambiental rural,point_geocoded,exact point,point,yes — coordinates or a layer exists,3,2,False,registry / administrative database,"{""point_geocoded"": 3}",Cadastro Ambiental Rural,
cbms,unclear,place not stated,—,maybe — needs the survey's own geography,3,2,True,monitoring / tracking system,"{""unclear"": 2, ""admin_linked"": 1}",CBMS,
child nutrition and social protection project,non_spatial,no place,—,maybe — needs the survey's own geography,3,2,False,facility / asset / infrastructure records,"{""non_spatial"": 3}",Child Nutrition and Social Protection Project,
citizen feedback surveys,unclear,place not stated,—,maybe — needs the survey's own geography,3,1,False,"household or phone survey, registry / administrative database","{""unclear"": 3}",citizen feedback surveys,
civil registration,admin_linked,named area,province / region / state,maybe — needs the survey's own geography,3,1,True,"official statistics series, registry / administrative database","{""admin_linked"": 2, ""unclear"": 1}",civil registration data,
consumption expenditure survey,admin_linked,named area,urban / rural split,maybe — needs the survey's own geography,3,3,True,household or phone survey,"{""non_spatial"": 1, ""unclear"": 1, ""admin_linked"": 1}",Consumption Expenditure Survey 2011-12,
contractor employment records,unclear,place not stated,—,maybe — needs the survey's own geography,3,1,False,"named source, family not stated","{""unclear"": 3}",Contractor employment records,
country,admin_linked,named area,country only,maybe — needs the survey's own geography,3,3,True,"named source, family not stated","{""admin_linked"": 1, ""unclear"": 1, ""non_spatial"": 1}",country data,
dar reports,unclear,place not stated,—,unknown,3,1,False,"named source, family not stated","{""unclear"": 3}",DAR reports,
data from,unclear,place not stated,—,unknown,3,3,False,official statistics series,"{""unclear"": 3}",data from 2019,
datasus,admin_linked,named area,province / region / state,maybe — needs the survey's own geography,3,3,False,"named source, family not stated","{""admin_linked"": 3}",DATASUS,
dhis 2,unclear,place not stated,—,unknown,3,1,False,"named source, family not stated","{""unclear"": 3}",DHIS 2,
dlas,unclear,place not stated,—,maybe — needs the survey's own geography,3,1,False,"registry / administrative database, monitoring / tracking system, facility / asset / infrastructure records","{""unclear"": 3}",DLAs,
economic censuses,unclear,place not stated,—,maybe — needs the survey's own geography,3,3,False,household or phone survey,"{""unclear"": 3}",economic censuses,
education management information system,admin_linked,named area,point,maybe — needs the survey's own geography,3,3,False,"official statistics series, monitoring / tracking system, facility / asset / infrastructure records","{""admin_linked"": 3}",Education Management Information System,
egovernment development index,non_spatial,no place,—,no — aggregate,3,3,True,"named source, family not stated","{""admin_linked"": 1, ""non_spatial"": 2}",eGovernment Development Index,
em-dat,point_geocoded,exact point,point,yes — coordinates or a layer exists,3,3,True,"registry / administrative database, facility / asset / infrastructure records","{""non_spatial"": 1, ""point_geocoded"": 1, ""admin_linked"": 1}",EM-DAT 1900-2017,
emergency events,point_geocoded,exact point,point,yes — coordinates or a layer exists,3,3,True,"registry / administrative database, facility / asset / infrastructure records","{""non_spatial"": 1, ""admin_linked"": 1, ""point_geocoded"": 1}",Emergency Events Database,
encft,unclear,place not stated,—,maybe — needs the survey's own geography,3,2,False,household or phone survey,"{""unclear"": 3}",ENCFT,
engho,admin_linked,named area,country only,maybe — needs the survey's own geography,3,1,True,household or phone survey,"{""admin_linked"": 2, ""unclear"": 1}",ENGHo 2017-18,
enns,unclear,place not stated,—,maybe — needs the survey's own geography,3,1,False,household or phone survey,"{""unclear"": 3}",ENNS 2019,
environmental,admin_linked,named area,not stated,maybe — needs the survey's own geography,3,3,True,facility / asset / infrastructure records,"{""unclear"": 1, ""admin_linked"": 2}",environmental data,
external firm level databases,unclear,place not stated,—,maybe — needs the survey's own geography,3,1,True,registry / administrative database,"{""non_spatial"": 1, ""unclear"": 2}",external firm level databases,
financial sector assessment program,admin_linked,named area,country only,no — aggregate,3,2,True,household or phone survey,"{""admin_linked"": 1, ""non_spatial"": 1, ""unclear"": 1}",2018 Financial Sector Assessment Program,
fisheries,point_geocoded,exact point,point,yes — coordinates or a layer exists,3,1,False,"named source, family not stated","{""point_geocoded"": 3}",fisheries data,
foreign trade statistics,non_spatial,no place,—,no — aggregate,3,1,False,official statistics series,"{""non_spatial"": 3}",foreign trade statistics,
gbv,admin_linked,named area,not stated,unknown,3,3,True,facility / asset / infrastructure records,"{""non_spatial"": 1, ""unclear"": 1, ""admin_linked"": 1}",GBV data,
geospatial data base,point_geocoded,exact point,point,yes — coordinates or a layer exists,3,1,False,"named source, family not stated","{""point_geocoded"": 3}",geospatial data base,
gis,admin_linked,named area,point,yes — coordinates or a layer exists,3,3,True,"satellite / raster / index, registry / administrative database, mapped layer / geospatial product","{""admin_linked"": 2, ""point_geocoded"": 1}",GIS datasets,
global burden of disease study,non_spatial,no place,—,maybe — needs the survey's own geography,3,3,True,official statistics series,"{""admin_linked"": 1, ""non_spatial"": 2}",Global Burden of Disease Study,
gnhr,unclear,place not stated,—,maybe — needs the survey's own geography,3,1,False,"official statistics series, registry / administrative database","{""unclear"": 3}",GNHR data,
govtech maturity index,non_spatial,no place,—,no — aggregate,3,3,True,"named source, family not stated","{""admin_linked"": 1, ""non_spatial"": 2}",GovTech Maturity Index,
health management information system,admin_linked,named area,country only,maybe — needs the survey's own geography,3,3,True,"named source, family not stated","{""admin_linked"": 2, ""unclear"": 1}",Health Management Information System,
hmis reports,unclear,place not stated,—,maybe — needs the survey's own geography,3,3,True,official statistics series,"{""unclear"": 2, ""admin_linked"": 1}",Annual HMIS reports,
household budget and poverty survey,unclear,place not stated,—,no — aggregate,3,1,True,"household or phone survey, official statistics series","{""admin_linked"": 1, ""unclear"": 2}",Household Budget and Poverty Survey,
household travel survey,admin_linked,named area,country only,maybe — needs the survey's own geography,3,1,False,household or phone survey,"{""admin_linked"": 3}",household travel survey data,
idr,non_spatial,no place,—,maybe — needs the survey's own geography,3,1,True,"household or phone survey, facility / asset / infrastructure records","{""non_spatial"": 2, ""unclear"": 1}",IDR,
idrea,admin_linked,named area,country only,no — aggregate,3,1,True,household or phone survey,"{""admin_linked"": 2, ""non_spatial"": 1}",IDREA,
idrea 23,unclear,place not stated,—,no — aggregate,3,1,False,"household or phone survey, official statistics series","{""unclear"": 3}",IDREA 2022–23,
ifmis,non_spatial,no place,—,no — aggregate,3,3,False,"named source, family not stated","{""non_spatial"": 3}",IFMIS,
ifrs,non_spatial,no place,—,unknown,3,3,False,"named source, family not stated","{""non_spatial"": 3}",IFRs,
ilostat,non_spatial,no place,—,maybe — needs the survey's own geography,3,3,False,"official statistics series, registry / administrative database","{""non_spatial"": 3}",ILOSTAT data,
integrated business establishment survey,unclear,place not stated,—,maybe — needs the survey's own geography,3,1,True,"household or phone survey, registry / administrative database","{""non_spatial"": 1, ""unclear"": 2}",integrated business establishment survey,
irap survey,unclear,place not stated,—,maybe — needs the survey's own geography,3,1,False,household or phone survey,"{""unclear"": 3}",iRAP survey,
kiribati social development indicator survey,unclear,place not stated,—,maybe — needs the survey's own geography,3,3,True,"household or phone survey, official statistics series","{""admin_linked"": 1, ""unclear"": 2}",Kiribati Social Development Indicator Survey,
labor force surveys,unclear,place not stated,—,maybe — needs the survey's own geography,3,3,False,"household or phone survey, official statistics series","{""unclear"": 3}",labor force surveys,
labor market,unclear,place not stated,—,maybe — needs the survey's own geography,3,2,True,"household or phone survey, official statistics series, facility / asset / infrastructure records","{""non_spatial"": 1, ""unclear"": 2}",labor market data,
labor market surveys,unclear,place not stated,—,maybe — needs the survey's own geography,3,3,False,"household or phone survey, official statistics series, facility / asset / infrastructure records","{""unclear"": 3}",labor market surveys,
location,point_geocoded,exact point,point,yes — coordinates or a layer exists,3,2,False,monitoring / tracking system,"{""point_geocoded"": 3}",location data,
logistics performance index,non_spatial,no place,—,no — aggregate,3,2,False,"named source, family not stated","{""non_spatial"": 3}",Logistics Performance Index,
lrmis,point_geocoded,exact point,point,yes — coordinates or a layer exists,3,2,True,registry / administrative database,"{""admin_linked"": 1, ""point_geocoded"": 1, ""unclear"": 1}",LRMIS,
m&e survey,unclear,place not stated,—,maybe — needs the survey's own geography,3,1,True,"household or phone survey, monitoring / tracking system","{""unclear"": 2, ""admin_linked"": 1}",M&E survey,
mid-term evaluation and outcome surveys,unclear,place not stated,—,maybe — needs the survey's own geography,3,1,False,household or phone survey,"{""unclear"": 3}",mid-term evaluation and annual outcome surveys,
mini-surveys,unclear,place not stated,—,maybe — needs the survey's own geography,3,1,False,household or phone survey,"{""unclear"": 3}",mini-surveys,
moes,unclear,place not stated,—,maybe — needs the survey's own geography,3,2,True,registry / administrative database,"{""unclear"": 2, ""admin_linked"": 1}",MoES,
municipal service operator reports,unclear,place not stated,—,maybe — needs the survey's own geography,3,1,True,household or phone survey,"{""admin_linked"": 1, ""unclear"": 2}",municipal service operator reports,
national achievement survey,unclear,place not stated,—,maybe — needs the survey's own geography,3,3,True,household or phone survey,"{""unclear"": 2, ""admin_linked"": 1}",National Achievement Survey,
national estimates,admin_linked,named area,urban / rural split,maybe — needs the survey's own geography,3,3,True,official statistics series,"{""non_spatial"": 1, ""admin_linked"": 2}",national estimates,
national income and per capita income,non_spatial,no place,—,unknown,3,3,True,official statistics series,"{""non_spatial"": 2, ""admin_linked"": 1}",Annual National Income and Per Capita Income Data,
national population and housing census,admin_linked,named area,country only,maybe — needs the survey's own geography,3,3,True,"household or phone survey, official statistics series, registry / administrative database","{""admin_linked"": 2, ""unclear"": 1}",2009 National Population and Housing Census,
national sample survey,admin_linked,named area,country only,maybe — needs the survey's own geography,3,2,True,"household or phone survey, official statistics series","{""non_spatial"": 1, ""admin_linked"": 1, ""unclear"": 1}",National Sample Survey,
nd-gain country index,non_spatial,no place,—,no — aggregate,3,3,True,"named source, family not stated","{""non_spatial"": 2, ""admin_linked"": 1}",ND-GAIN Country Index,
ndhs,unclear,place not stated,—,maybe — needs the survey's own geography,3,2,False,household or phone survey,"{""unclear"": 3}",NDHS 2017,
notre dame global adaptation index,admin_linked,named area,country only,no — aggregate,3,3,True,"named source, family not stated","{""non_spatial"": 1, ""admin_linked"": 2}",Notre Dame Global Adaptation Index,
notre dame global adaptation initiative country index,non_spatial,no place,—,no — aggregate,3,3,True,"named source, family not stated","{""non_spatial"": 2, ""admin_linked"": 1}",Notre Dame Global Adaptation Initiative Country Index,
oecd national accounts data files,non_spatial,no place,—,no — aggregate,3,3,False,"named source, family not stated","{""non_spatial"": 3}",OECD National Accounts data files,
passenger survey,unclear,place not stated,—,maybe — needs the survey's own geography,3,1,False,"household or phone survey, facility / asset / infrastructure records","{""unclear"": 3}",passenger survey,
payroll records,unclear,place not stated,—,maybe — needs the survey's own geography,3,2,True,household or phone survey,"{""unclear"": 2, ""non_spatial"": 1}",payroll records,
periodic survey,unclear,place not stated,—,maybe — needs the survey's own geography,3,2,False,household or phone survey,"{""unclear"": 3}",Periodic survey,
population register,unclear,place not stated,—,maybe — needs the survey's own geography,3,3,True,"household or phone survey, official statistics series","{""admin_linked"": 1, ""unclear"": 2}",population register,
post census survey,unclear,place not stated,—,no — aggregate,3,2,False,household or phone survey,"{""unclear"": 3}",Post Census Survey,
poverty assessment of,non_spatial,no place,—,maybe — needs the survey's own geography,3,3,False,household or phone survey,"{""non_spatial"": 3}",Poverty Assessment of 2016,
program,unclear,place not stated,—,maybe — needs the survey's own geography,3,3,True,"household or phone survey, registry / administrative database","{""unclear"": 2, ""non_spatial"": 1}",program data,
program mis,unclear,place not stated,—,maybe — needs the survey's own geography,3,3,False,monitoring / tracking system,"{""unclear"": 3}",Program MIS,
programme for international student assessment,non_spatial,no place,—,maybe — needs the survey's own geography,3,3,True,"official statistics series, facility / asset / infrastructure records","{""admin_linked"": 1, ""non_spatial"": 2}",2022 Programme for International Student Assessment,
project mis,unclear,place not stated,—,unknown,3,3,False,"named source, family not stated","{""unclear"": 3}",project MIS data,
rase,unclear,place not stated,—,maybe — needs the survey's own geography,3,1,True,"household or phone survey, registry / administrative database","{""admin_linked"": 1, ""unclear"": 2}",RASE data,
reception reports,point_geocoded,exact point,point,yes — coordinates or a layer exists,3,1,True,registry / administrative database,"{""point_geocoded"": 2, ""unclear"": 1}",reception reports,
registry of unemployed individuals,unclear,place not stated,—,maybe — needs the survey's own geography,3,2,True,"official statistics series, registry / administrative database, facility / asset / infrastructure records","{""admin_linked"": 1, ""unclear"": 2}",registry of the unemployed individuals,
reports of bps evaluation sessions,non_spatial,no place,—,maybe — needs the survey's own geography,3,1,False,"named source, family not stated","{""non_spatial"": 3}",Reports of BPs evaluation sessions,
risk,unclear,place not stated,—,maybe — needs the survey's own geography,3,3,True,"named source, family not stated","{""admin_linked"": 1, ""unclear"": 2}",risk data,
risk and resilience assessment,admin_linked,named area,country only,maybe — needs the survey's own geography,3,3,True,"named source, family not stated","{""non_spatial"": 1, ""admin_linked"": 2}",Risk and Resilience Assessment,
risk register,point_geocoded,exact point,point,yes — coordinates or a layer exists,3,1,False,"named source, family not stated","{""point_geocoded"": 3}",Risk Register,
sample survey,unclear,place not stated,—,maybe — needs the survey's own geography,3,3,False,household or phone survey,"{""unclear"": 3}",sample survey,
service delivery indicator survey,admin_linked,named area,point,yes — coordinates or a layer exists,3,3,True,"household or phone survey, facility / asset / infrastructure records","{""point_geocoded"": 1, ""admin_linked"": 2}",Service Delivery Indicator Survey,
smart survey,unclear,place not stated,—,maybe — needs the survey's own geography,3,2,True,household or phone survey,"{""unclear"": 2, ""admin_linked"": 1}",SMART Survey,
social registries,unclear,place not stated,—,maybe — needs the survey's own geography,3,3,True,registry / administrative database,"{""unclear"": 2, ""non_spatial"": 1}",social registries,
socio-economic,unclear,place not stated,—,maybe — needs the survey's own geography,3,3,True,household or phone survey,"{""unclear"": 2, ""non_spatial"": 1}",Socio-economic data,
socio-economic surveys,unclear,place not stated,—,maybe — needs the survey's own geography,3,3,False,"household or phone survey, official statistics series","{""unclear"": 3}",socio-economic surveys,
socioeconomic,unclear,place not stated,—,unknown,3,3,True,"named source, family not stated","{""unclear"": 2, ""admin_linked"": 1}",socioeconomic data,
state water resources users registry,point_geocoded,exact point,point,yes — coordinates or a layer exists,3,1,True,registry / administrative database,"{""point_geocoded"": 2, ""admin_linked"": 1}",State Water Resources Users Registry,
steps survey,unclear,place not stated,—,maybe — needs the survey's own geography,3,1,False,household or phone survey,"{""unclear"": 3}",STEPS 2015 survey,
sudan school census,unclear,place not stated,—,maybe — needs the survey's own geography,3,2,True,"household or phone survey, facility / asset / infrastructure records","{""admin_linked"": 1, ""unclear"": 2}",Sudan Annual School Census,
surveillance information,admin_linked,named area,country only,maybe — needs the survey's own geography,3,3,False,"named source, family not stated","{""admin_linked"": 3}",surveillance information,
survey of beneficiaries,admin_linked,named area,not stated,maybe — needs the survey's own geography,3,2,True,household or phone survey,"{""unclear"": 1, ""admin_linked"": 2}",Survey of beneficiaries,
times higher education ranking,non_spatial,no place,—,unknown,3,2,False,"named source, family not stated","{""non_spatial"": 3}",Times Higher Education ranking,
tracer survey,unclear,place not stated,—,maybe — needs the survey's own geography,3,2,True,"household or phone survey, registry / administrative database","{""non_spatial"": 1, ""unclear"": 2}",Tracer survey database,
tracer surveys,unclear,place not stated,—,maybe — needs the survey's own geography,3,1,False,household or phone survey,"{""unclear"": 3}",tracer surveys,
traffic counts,point_geocoded,exact point,point,yes — coordinates or a layer exists,3,3,True,"household or phone survey, official statistics series, facility / asset / infrastructure records","{""point_geocoded"": 2, ""admin_linked"": 1}",traffic counts,
traffic surveys,point_geocoded,exact point,point,yes — coordinates or a layer exists,3,3,True,"household or phone survey, registry / administrative database, facility / asset / infrastructure records","{""point_geocoded"": 2, ""admin_linked"": 1}",traffic surveys,
tvet mis,unclear,place not stated,—,unknown,3,2,False,"named source, family not stated","{""unclear"": 3}",TVET MIS,
usage surveys,unclear,place not stated,—,no — aggregate,3,1,True,household or phone survey,"{""unclear"": 2, ""non_spatial"": 1}",usage surveys,
visitor survey,unclear,place not stated,—,maybe — needs the survey's own geography,3,2,True,household or phone survey,"{""admin_linked"": 1, ""unclear"": 2}",visitor survey,
world bank human capital index,non_spatial,no place,—,no — aggregate,3,3,True,"named source, family not stated","{""admin_linked"": 1, ""non_spatial"": 2}",World Bank Human Capital Index,
world bank open,admin_linked,named area,country only,no — aggregate,3,3,True,official statistics series,"{""non_spatial"": 1, ""admin_linked"": 2}",World Bank Open Data,
world governance indicators,non_spatial,no place,—,no — aggregate,3,3,False,"named source, family not stated","{""non_spatial"": 3}",2019 World Governance Indicators,
worldwide governance indicators,non_spatial,no place,—,unknown,3,3,False,"named source, family not stated","{""non_spatial"": 3}",2021 Worldwide Governance Indicators,
yemen emergency human capital project,non_spatial,no place,—,unknown,3,1,False,"named source, family not stated","{""non_spatial"": 3}",Yemen Emergency Human Capital Project,
zamstats,unclear,place not stated,—,maybe — needs the survey's own geography,3,1,False,"household or phone survey, official statistics series","{""unclear"": 3}",ZamStats 2023,
zep-re,unclear,place not stated,—,maybe — needs the survey's own geography,3,1,False,household or phone survey,"{""unclear"": 3}",ZEP-RE,
accounting records,unclear,place not stated,—,maybe — needs the survey's own geography,2,2,True,"named source, family not stated","{""non_spatial"": 1, ""unclear"": 1}",accounting records,
administrative and student performance,unclear,place not stated,—,maybe — needs the survey's own geography,2,1,False,registry / administrative database,"{""unclear"": 2}",administrative and student performance data,
agricultural fishery and forestry climate and natural disaster s,unclear,place not stated,—,unknown,2,1,True,official statistics series,"{""non_spatial"": 1, ""unclear"": 1}","agricultural, fishery and forestry, climate and natural disaster statistics",
agriculture and livestock censuses,admin_linked,named area,point,maybe — needs the survey's own geography,2,2,True,"household or phone survey, official statistics series","{""admin_linked"": 1, ""unclear"": 1}",Agriculture and Livestock Censuses,
agro-met,admin_linked,named area,district / sub-county,unknown,2,2,False,"named source, family not stated","{""admin_linked"": 2}",agro-met data,
asset,point_geocoded,exact point,point,yes — coordinates or a layer exists,2,2,True,"facility / asset / infrastructure records, mapped layer / geospatial product","{""point_geocoded"": 1, ""admin_linked"": 1}",asset data,
asset and exposure,admin_linked,named area,country only,maybe — needs the survey's own geography,2,2,False,"registry / administrative database, monitoring / tracking system","{""admin_linked"": 2}",asset and exposure data,
asset inventory system,point_geocoded,exact point,point,yes — coordinates or a layer exists,2,1,False,"named source, family not stated","{""point_geocoded"": 2}",asset inventory system,
asycuda,admin_linked,named area,country only,no — aggregate,2,1,False,registry / administrative database,"{""admin_linked"": 2}",ASYCUDA,
asycuda world,non_spatial,no place,—,no — aggregate,2,2,False,official statistics series,"{""non_spatial"": 2}",ASYCUDA World,
attendance,unclear,place not stated,—,unknown,2,2,True,"named source, family not stated","{""non_spatial"": 1, ""unclear"": 1}",attendance data,
attendance lists,admin_linked,named area,not stated,unknown,2,1,True,"named source, family not stated","{""admin_linked"": 1, ""unclear"": 1}",attendance lists,
automatic fare collection,point_geocoded,exact point,point,yes — coordinates or a layer exists,2,1,False,household or phone survey,"{""point_geocoded"": 2}",automatic fare collection data,
bank of guinea statements,non_spatial,no place,—,unknown,2,2,False,"named source, family not stated","{""non_spatial"": 2}",Bank of Guinea statements,
bank statements,non_spatial,no place,—,no — aggregate,2,1,False,"named source, family not stated","{""non_spatial"": 2}",bank statements,
basic education development index,admin_linked,named area,country only,no — aggregate,2,2,False,"named source, family not stated","{""admin_linked"": 2}",Basic Education Development Index,
bdap,unclear,place not stated,—,maybe — needs the survey's own geography,2,1,False,registry / administrative database,"{""unclear"": 2}",BDAP,
beneficiary monitoring surveys,unclear,place not stated,—,maybe — needs the survey's own geography,2,1,False,"household or phone survey, monitoring / tracking system","{""unclear"": 2}",Beneficiary monitoring surveys,
beneficiary surveys and project actions,unclear,place not stated,—,maybe — needs the survey's own geography,2,1,False,household or phone survey,"{""unclear"": 2}",beneficiary surveys and project actions,
bhtpa reporting,admin_linked,named area,not stated,maybe — needs the survey's own geography,2,1,True,household or phone survey,"{""unclear"": 1, ""admin_linked"": 1}",BHTPA reporting,
big,unclear,place not stated,—,no — aggregate,2,2,False,"named source, family not stated","{""unclear"": 2}",big data,
biometric,unclear,place not stated,—,no — aggregate,2,1,False,registry / administrative database,"{""unclear"": 2}",biometric data,
bogot mobility survey,admin_linked,named area,country only,maybe — needs the survey's own geography,2,1,False,household or phone survey,"{""admin_linked"": 2}",Bogotá Mobility Survey,
bor lrmis monitoring,admin_linked,named area,country only,maybe — needs the survey's own geography,2,1,False,"registry / administrative database, monitoring / tracking system","{""admin_linked"": 2}",BoR LRMIS monitoring,
brazilian data from center of natural disaster prevention,admin_linked,named area,country only,no — aggregate,2,2,False,"named source, family not stated","{""admin_linked"": 2}",Brazilian data from the center of natural disaster prevention,
brsa,unclear,place not stated,—,unknown,2,2,True,"named source, family not stated","{""non_spatial"": 1, ""unclear"": 1}",BRSA data,
bsp implementation reports,unclear,place not stated,—,unknown,2,1,False,"named source, family not stated","{""unclear"": 2}",BSP implementation reports,
bus service index of bus users,non_spatial,no place,—,no — aggregate,2,1,False,"named source, family not stated","{""non_spatial"": 2}",Bus service index of bus users,
business establishment census,unclear,place not stated,—,maybe — needs the survey's own geography,2,2,False,"household or phone survey, official statistics series","{""unclear"": 2}",business establishment census,
cadastro estadual de usu rios de recursos,point_geocoded,exact point,point,yes — coordinates or a layer exists,2,1,False,registry / administrative database,"{""point_geocoded"": 2}",Cadastro Estadual de Usuários de Recursos,
carbon asset tracking system,unclear,place not stated,—,maybe — needs the survey's own geography,2,2,False,monitoring / tracking system,"{""unclear"": 2}",Carbon Asset Tracking System,
cbu statistical bulletin,non_spatial,no place,—,unknown,2,1,False,"official statistics series, registry / administrative database, monitoring / tracking system","{""non_spatial"": 2}",CBU Statistical Bulletin,
ccirr reports,unclear,place not stated,—,unknown,2,1,False,"named source, family not stated","{""unclear"": 2}",CCIRR reports,
cd-mis,unclear,place not stated,—,maybe — needs the survey's own geography,2,1,False,household or phone survey,"{""unclear"": 2}",CD-MIS,
census at school level,admin_linked,named area,point,maybe — needs the survey's own geography,2,1,False,"household or phone survey, official statistics series, facility / asset / infrastructure records","{""admin_linked"": 2}",Census at school level,
census of beneficiaries registered with uhi,unclear,place not stated,—,maybe — needs the survey's own geography,2,1,False,household or phone survey,"{""unclear"": 2}",Census of beneficiaries registered with the UHI,
census of old and users of modern contraceptive methods,unclear,place not stated,—,maybe — needs the survey's own geography,2,1,False,household or phone survey,"{""unclear"": 2}",Census of old and new users of modern contraceptive methods,
census population,admin_linked,named area,district / sub-county,maybe — needs the survey's own geography,2,2,True,"household or phone survey, official statistics series, facility / asset / infrastructure records","{""admin_linked"": 1, ""unclear"": 1}",census population,
census/population,admin_linked,named area,country only,maybe — needs the survey's own geography,2,1,False,household or phone survey,"{""admin_linked"": 2}",census/population data,
censuses,unclear,place not stated,—,maybe — needs the survey's own geography,2,2,False,"household or phone survey, official statistics series","{""unclear"": 2}",censuses,
central,admin_linked,named area,country only,maybe — needs the survey's own geography,2,2,True,registry / administrative database,"{""admin_linked"": 1, ""non_spatial"": 1}",central database,
citizen engagement survey,unclear,place not stated,—,maybe — needs the survey's own geography,2,2,False,household or phone survey,"{""unclear"": 2}",Citizen engagement survey,
city geospatial data sharing platform,admin_linked,named area,not stated,unknown,2,2,False,"named source, family not stated","{""admin_linked"": 2}",city geospatial data sharing platform,
civil registration and vital statistics system,admin_linked,named area,country only,maybe — needs the survey's own geography,2,1,True,"official statistics series, registry / administrative database","{""admin_linked"": 1, ""unclear"": 1}",Civil Registration and Vital Statistics system,
civil registration records,admin_linked,named area,country only,maybe — needs the survey's own geography,2,2,False,"official statistics series, registry / administrative database","{""admin_linked"": 2}",civil registration records,
civil registry,unclear,place not stated,—,maybe — needs the survey's own geography,2,2,True,"official statistics series, registry / administrative database","{""non_spatial"": 1, ""unclear"": 1}",civil registry,
climate change knowledge portal,point_geocoded,exact point,point,yes — coordinates or a layer exists,2,2,True,"named source, family not stated","{""point_geocoded"": 1, ""unclear"": 1}",Climate Change Knowledge Portal,
climate risk profile kenya,admin_linked,named area,country only,maybe — needs the survey's own geography,2,1,False,satellite / raster / index,"{""admin_linked"": 2}",Climate Risk Profile: Kenya,
climate-relevant,unclear,place not stated,—,unknown,2,2,False,"named source, family not stated","{""unclear"": 2}",climate-relevant data,
cluster,admin_linked,named area,district / sub-county,maybe — needs the survey's own geography,2,1,False,official statistics series,"{""admin_linked"": 2}",cluster data,
cnam-gs beneficiary registry,unclear,place not stated,—,maybe — needs the survey's own geography,2,1,False,registry / administrative database,"{""unclear"": 2}",CNAM-GS beneficiary registry,
cnam-gs registry,unclear,place not stated,—,maybe — needs the survey's own geography,2,1,False,registry / administrative database,"{""unclear"": 2}",CNAM-GS registry,
cnamu / st rfs,unclear,place not stated,—,unknown,2,1,False,facility / asset / infrastructure records,"{""unclear"": 2}",CNAMU / ST RFS,
collected,admin_linked,named area,not stated,unknown,2,2,True,"named source, family not stated","{""non_spatial"": 1, ""admin_linked"": 1}",collected data,
community report cards,admin_linked,named area,country only,maybe — needs the survey's own geography,2,1,True,"named source, family not stated","{""admin_linked"": 1, ""unclear"": 1}",community report cards,
community surveys,unclear,place not stated,—,maybe — needs the survey's own geography,2,1,False,household or phone survey,"{""unclear"": 2}",community surveys,
conadis,unclear,place not stated,—,maybe — needs the survey's own geography,2,2,False,registry / administrative database,"{""unclear"": 2}",CONADIS,
consumer satisfaction surveys,unclear,place not stated,—,maybe — needs the survey's own geography,2,1,False,"household or phone survey, monitoring / tracking system","{""unclear"": 2}",consumer satisfaction surveys,
contribution payment,unclear,place not stated,—,no — aggregate,2,1,True,"named source, family not stated","{""unclear"": 1, ""non_spatial"": 1}",contribution payment data,
corruption perception index,non_spatial,no place,—,no — aggregate,2,2,False,"named source, family not stated","{""non_spatial"": 2}",2020 Corruption Perception Index,
cost,unclear,place not stated,—,yes — coordinates or a layer exists,2,2,True,satellite / raster / index,"{""non_spatial"": 1, ""unclear"": 1}",cost data,
country gender profile,admin_linked,named area,province / region / state,maybe — needs the survey's own geography,2,2,False,"named source, family not stated","{""admin_linked"": 2}",country gender profile,
covid-19 rapid response survey,unclear,place not stated,—,maybe — needs the survey's own geography,2,1,False,"household or phone survey, monitoring / tracking system","{""unclear"": 2}",COVID-19 Rapid Response Survey,
credit information reports subscribed by financial institutions,unclear,place not stated,—,no — aggregate,2,1,False,"named source, family not stated","{""unclear"": 2}",Credit information reports subscribed by financial institutions,
cross-registry data exchange,admin_linked,named area,country only,maybe — needs the survey's own geography,2,1,False,"household or phone survey, registry / administrative database","{""admin_linked"": 2}",cross-registry data exchange,
customs,admin_linked,named area,country only,maybe — needs the survey's own geography,2,2,True,"named source, family not stated","{""non_spatial"": 1, ""admin_linked"": 1}",customs data,
daem social registry,admin_linked,named area,country only,maybe — needs the survey's own geography,2,1,False,registry / administrative database,"{""admin_linked"": 2}",DAEM Social Registry,
data from gender-based violence helplines,admin_linked,named area,country only,maybe — needs the survey's own geography,2,2,False,household or phone survey,"{""admin_linked"": 2}",data from gender-based violence helplines,
data from international labor organization (ilo),unclear,place not stated,—,unknown,2,2,True,"named source, family not stated","{""non_spatial"": 1, ""unclear"": 1}",data from International Labor Organization (ILO),ILO Data
data from relevant beneficiaries,unclear,place not stated,—,maybe — needs the survey's own geography,2,1,False,household or phone survey,"{""unclear"": 2}",Data from relevant beneficiaries,
data is for,unclear,place not stated,—,maybe — needs the survey's own geography,2,2,True,"named source, family not stated","{""non_spatial"": 1, ""unclear"": 1}",Data is for 2015,
data on advertising audience,non_spatial,no place,—,unknown,2,2,False,official statistics series,"{""non_spatial"": 2}",2019 data on the advertising audience,
data on climate vulnerable locations,point_geocoded,exact point,point,yes — coordinates or a layer exists,2,1,False,monitoring / tracking system,"{""point_geocoded"": 2}",data on climate vulnerable locations,
data on greenhouse gas reductions from clean cooking projects,non_spatial,no place,—,unknown,2,2,False,"named source, family not stated","{""non_spatial"": 2}",data on greenhouse gas reductions from clean cooking projects,
data on grievances and resolutions,non_spatial,no place,—,maybe — needs the survey's own geography,2,2,False,monitoring / tracking system,"{""non_spatial"": 2}",data on grievances and resolutions,
data provided by sne,non_spatial,no place,—,unknown,2,1,False,registry / administrative database,"{""non_spatial"": 2}",Data provided by SNE,
database of beneficiaries,unclear,place not stated,—,maybe — needs the survey's own geography,2,2,True,registry / administrative database,"{""non_spatial"": 1, ""unclear"": 1}",database of beneficiaries,
databases,point_geocoded,exact point,point,yes — coordinates or a layer exists,2,2,True,"registry / administrative database, monitoring / tracking system","{""point_geocoded"": 1, ""non_spatial"": 1}",databases,
databases available in country and externally,non_spatial,no place,—,maybe — needs the survey's own geography,2,2,False,registry / administrative database,"{""non_spatial"": 2}",databases available in country and externally,
datos de m&e,unclear,place not stated,—,unknown,2,2,True,"named source, family not stated","{""non_spatial"": 1, ""unclear"": 1}",datos de M&E,
demographic and traffic flow,point_geocoded,exact point,point,yes — coordinates or a layer exists,2,1,False,"registry / administrative database, facility / asset / infrastructure records","{""point_geocoded"": 2}",demographic and traffic flow data,
demographic census,admin_linked,named area,not stated,maybe — needs the survey's own geography,2,2,False,household or phone survey,"{""admin_linked"": 2}",Demographic Census,
demographic statistics,unclear,place not stated,—,no — aggregate,2,1,True,official statistics series,"{""non_spatial"": 1, ""unclear"": 1}",demographic statistics,
der-es,non_spatial,no place,—,unknown,2,1,False,"named source, family not stated","{""non_spatial"": 2}",DER-ES,
development statistics of khyber pakhtunkhwa,admin_linked,named area,district / sub-county,maybe — needs the survey's own geography,2,1,False,official statistics series,"{""admin_linked"": 2}",Development Statistics of Khyber Pakhtunkhwa 2021,
dgre/ mineg,non_spatial,no place,—,unknown,2,1,False,"named source, family not stated","{""non_spatial"": 2}",DGRE/ MINEG,
dhis2 (endos-bf),unclear,place not stated,—,maybe — needs the survey's own geography,2,1,False,household or phone survey,"{""unclear"": 2}",DHIS2 (Endos-BF),
digital mrv,point_geocoded,exact point,point,yes — coordinates or a layer exists,2,1,True,"named source, family not stated","{""point_geocoded"": 1, ""non_spatial"": 1}",Digital MRV,
digital platform adoption logs,unclear,place not stated,—,maybe — needs the survey's own geography,2,1,False,household or phone survey,"{""unclear"": 2}",Digital platform adoption logs,
digital republic of marshall islands project,non_spatial,no place,—,unknown,2,1,False,"named source, family not stated","{""non_spatial"": 2}",Digital Republic of the Marshall Islands Project,
digital soil map,point_geocoded,exact point,point,yes — coordinates or a layer exists,2,1,True,"registry / administrative database, mapped layer / geospatial product","{""admin_linked"": 1, ""point_geocoded"": 1}",digital soil map,
disability survey,unclear,place not stated,—,maybe — needs the survey's own geography,2,2,True,"household or phone survey, official statistics series","{""non_spatial"": 1, ""unclear"": 1}",2008 Disability Survey,
disaggregated contract/employer,non_spatial,no place,—,unknown,2,1,False,"named source, family not stated","{""non_spatial"": 2}",disaggregated contract/employer data,
disaster risk,point_geocoded,exact point,point,yes — coordinates or a layer exists,2,1,False,registry / administrative database,"{""point_geocoded"": 2}",disaster risk data,
distribution of natural hazards occurrences in,point_geocoded,exact point,point,yes — coordinates or a layer exists,2,1,False,"named source, family not stated","{""point_geocoded"": 2}",Distribution of Natural Hazards occurrences in 2021,
district health information system 2,admin_linked,named area,district / sub-county,maybe — needs the survey's own geography,2,2,True,official statistics series,"{""admin_linked"": 1, ""unclear"": 1}",District Health Information System 2,
doh fhsis,unclear,place not stated,—,maybe — needs the survey's own geography,2,1,False,monitoring / tracking system,"{""unclear"": 2}",DOH FHSIS,
doing business report,unclear,place not stated,—,unknown,2,2,True,"named source, family not stated","{""non_spatial"": 1, ""unclear"": 1}",2020 Doing Business report,
drc demographic and health survey,unclear,place not stated,—,maybe — needs the survey's own geography,2,1,False,household or phone survey,"{""unclear"": 2}",DRC Demographic and Health Survey,
dric,admin_linked,named area,country only,yes — coordinates or a layer exists,2,2,False,registry / administrative database,"{""admin_linked"": 2}",DRIC,
dsb-mis,admin_linked,named area,country only,maybe — needs the survey's own geography,2,1,False,"named source, family not stated","{""admin_linked"": 2}",DSB-MIS,
dsi project progress reports,non_spatial,no place,—,unknown,2,1,False,registry / administrative database,"{""non_spatial"": 2}",DSI Project Progress Reports,
dynamic social registry,admin_linked,named area,country only,maybe — needs the survey's own geography,2,1,False,registry / administrative database,"{""admin_linked"": 2}",Dynamic Social Registry,
early grade reading assessment,unclear,place not stated,—,unknown,2,2,True,"named source, family not stated","{""unclear"": 1, ""non_spatial"": 1}",2010 Early Grade Reading Assessment,
economic survey,admin_linked,named area,province / region / state,maybe — needs the survey's own geography,2,2,False,household or phone survey,"{""admin_linked"": 2}",Economic Survey,
edam,admin_linked,named area,country only,no — aggregate,2,1,True,household or phone survey,"{""unclear"": 1, ""admin_linked"": 1}",EDAM IV 2017,
edam4-is,unclear,place not stated,—,no — aggregate,2,2,False,household or phone survey,"{""unclear"": 2}",EDAM4-IS,
education statistics,admin_linked,named area,country only,maybe — needs the survey's own geography,2,2,True,"official statistics series, facility / asset / infrastructure records","{""admin_linked"": 1, ""unclear"": 1}",Annual education statistics,
ehcss reports,unclear,place not stated,—,unknown,2,1,True,"named source, family not stated","{""non_spatial"": 1, ""unclear"": 1}",EHCSS Reports,
eicv5,admin_linked,named area,country only,maybe — needs the survey's own geography,2,2,True,household or phone survey,"{""non_spatial"": 1, ""admin_linked"": 1}",EICV5,
emis and administrative records,admin_linked,named area,country only,maybe — needs the survey's own geography,2,1,False,official statistics series,"{""admin_linked"": 2}",EMIS and administrative records,
employability portal,unclear,place not stated,—,maybe — needs the survey's own geography,2,1,False,household or phone survey,"{""unclear"": 2}",Employability Portal,
employer survey,unclear,place not stated,—,maybe — needs the survey's own geography,2,2,False,household or phone survey,"{""unclear"": 2}",employer survey,
employment,unclear,place not stated,—,unknown,2,2,True,"named source, family not stated","{""non_spatial"": 1, ""unclear"": 1}",employment data,
encuesta de hogares,admin_linked,named area,country only,maybe — needs the survey's own geography,2,2,False,household or phone survey,"{""admin_linked"": 2}",encuesta de hogares,
encuesta permanente de hogares,unclear,place not stated,—,no — aggregate,2,1,False,household or phone survey,"{""unclear"": 2}",Encuesta Permanente de Hogares,
energy audits,point_geocoded,exact point,point,yes — coordinates or a layer exists,2,2,True,"named source, family not stated","{""point_geocoded"": 1, ""admin_linked"": 1}",energy audits,
enfotss,non_spatial,no place,—,unknown,2,1,False,"named source, family not stated","{""non_spatial"": 2}",ENFOTSS,
enhanced data from multiple registries available via geosrbija,national_spatial_derived,mapped / satellite,country only,maybe — needs the survey's own geography,2,1,False,registry / administrative database,"{""national_spatial_derived"": 2}",Enhanced data from multiple registries available via GeoSrbija,
enmodo,unclear,place not stated,—,maybe — needs the survey's own geography,2,2,False,household or phone survey,"{""unclear"": 2}",ENMODO 2018,
enrollment and support records,admin_linked,named area,country only,maybe — needs the survey's own geography,2,1,True,"official statistics series, facility / asset / infrastructure records","{""unclear"": 1, ""admin_linked"": 1}",Enrollment and support records,
enterprise information system,admin_linked,named area,province / region / state,maybe — needs the survey's own geography,2,2,False,"named source, family not stated","{""admin_linked"": 2}",Enterprise Information System,
er-pin,unclear,place not stated,—,unknown,2,1,False,facility / asset / infrastructure records,"{""unclear"": 2}",ER-PIN,
esr,admin_linked,named area,country only,maybe — needs the survey's own geography,2,1,False,household or phone survey,"{""admin_linked"": 2}",ESR data,
event-based,unclear,place not stated,—,maybe — needs the survey's own geography,2,1,False,registry / administrative database,"{""unclear"": 2}",Event-based data,
ews,admin_linked,named area,country only,maybe — needs the survey's own geography,2,2,False,facility / asset / infrastructure records,"{""admin_linked"": 2}",EWS,
facility and household surveys,point_geocoded,exact point,point,yes — coordinates or a layer exists,2,2,False,"household or phone survey, monitoring / tracking system","{""point_geocoded"": 2}",facility and household surveys,
farmer registry,admin_linked,named area,country only,yes — coordinates or a layer exists,2,2,False,"registry / administrative database, mapped layer / geospatial product","{""admin_linked"": 2}",farmer registry,
feedback surveys,unclear,place not stated,—,maybe — needs the survey's own geography,2,2,False,household or phone survey,"{""unclear"": 2}",feedback surveys,
figa and pfis,non_spatial,no place,—,unknown,2,1,False,"named source, family not stated","{""non_spatial"": 2}",FIGA and PFIs,
findex database,non_spatial,no place,—,no — aggregate,2,2,False,registry / administrative database,"{""non_spatial"": 2}",Findex Database 2017,
finstats,non_spatial,no place,—,unknown,2,2,False,official statistics series,"{""non_spatial"": 2}",FinStats 2023,
firm survey,unclear,place not stated,—,maybe — needs the survey's own geography,2,2,False,household or phone survey,"{""unclear"": 2}",Firm survey,
fixed asset register,unclear,place not stated,—,unknown,2,2,True,"named source, family not stated","{""non_spatial"": 1, ""unclear"": 1}",fixed asset register,
flood hazard maps,point_geocoded,exact point,point,yes — coordinates or a layer exists,2,2,False,"named source, family not stated","{""point_geocoded"": 2}",flood hazard maps,
fmis vendor reports,unclear,place not stated,—,maybe — needs the survey's own geography,2,1,False,"named source, family not stated","{""unclear"": 2}",FMIS vendor reports,
follow-up enterprise survey,unclear,place not stated,—,maybe — needs the survey's own geography,2,2,False,household or phone survey,"{""unclear"": 2}",follow-up enterprise survey,
follow-up survey,unclear,place not stated,—,maybe — needs the survey's own geography,2,1,False,household or phone survey,"{""unclear"": 2}",follow-up survey,
forecast,point_geocoded,exact point,point,yes — coordinates or a layer exists,2,1,False,"named source, family not stated","{""point_geocoded"": 2}",Forecast data,
forest cover map,admin_linked,named area,district / sub-county,yes — coordinates or a layer exists,2,1,False,mapped layer / geospatial product,"{""admin_linked"": 2}",Forest cover map,
gad databases,unclear,place not stated,—,maybe — needs the survey's own geography,2,1,True,registry / administrative database,"{""non_spatial"": 1, ""unclear"": 1}",GAD databases,
gems,unclear,place not stated,—,unknown,2,2,True,"named source, family not stated","{""non_spatial"": 1, ""unclear"": 1}",GEMS,
gender and development (gad),unclear,place not stated,—,maybe — needs the survey's own geography,2,1,False,registry / administrative database,"{""unclear"": 2}",Gender and Development (GAD) Database,GAD database
gender data portal,unclear,place not stated,—,unknown,2,2,True,"named source, family not stated","{""non_spatial"": 1, ""unclear"": 1}",Gender Data Portal,
gender equity index,non_spatial,no place,—,no — aggregate,2,2,False,"named source, family not stated","{""non_spatial"": 2}",Gender Equity Index,
gender gap index,non_spatial,no place,—,no — aggregate,2,2,False,"named source, family not stated","{""non_spatial"": 2}",Gender Gap Index,
gender institutions and development,non_spatial,no place,—,maybe — needs the survey's own geography,2,2,False,registry / administrative database,"{""non_spatial"": 2}","Gender, Institutions and Development Database",
gender-specific data on energy access,unclear,place not stated,—,unknown,2,2,False,"named source, family not stated","{""unclear"": 2}",gender-specific data on energy access,
geo-spatial,point_geocoded,exact point,point,yes — coordinates or a layer exists,2,2,True,mapped layer / geospatial product,"{""admin_linked"": 1, ""point_geocoded"": 1}",geo-spatial data,
geographic information system,point_geocoded,exact point,point,yes — coordinates or a layer exists,2,2,True,mapped layer / geospatial product,"{""point_geocoded"": 1, ""admin_linked"": 1}",geographic information system,
geological,point_geocoded,exact point,point,yes — coordinates or a layer exists,2,1,True,"named source, family not stated","{""admin_linked"": 1, ""point_geocoded"": 1}",geological data,
geospatial databases,admin_linked,named area,point,yes — coordinates or a layer exists,2,2,False,"registry / administrative database, mapped layer / geospatial product","{""admin_linked"": 2}",geospatial databases,
geostat,unclear,place not stated,—,unknown,2,2,True,official statistics series,"{""non_spatial"": 1, ""unclear"": 1}",GeoStat data,
global burden of disease,non_spatial,no place,—,unknown,2,2,False,"named source, family not stated","{""non_spatial"": 2}",Global Burden of Disease,
global climate risk index report,admin_linked,named area,country only,no — aggregate,2,2,True,"named source, family not stated","{""admin_linked"": 1, ""non_spatial"": 1}",Global Climate Risk Index Report 2021,
global communications,admin_linked,named area,not stated,unknown,2,2,False,"named source, family not stated","{""admin_linked"": 2}",Global Communications Data,
global competitiveness index,admin_linked,named area,urban / rural split,no — aggregate,2,2,True,facility / asset / infrastructure records,"{""non_spatial"": 1, ""admin_linked"": 1}",Global Competitiveness Index,
global cybersecurity index,admin_linked,named area,country only,no — aggregate,2,2,False,"named source, family not stated","{""admin_linked"": 2}",Global Cybersecurity Index 2020,
global findex,unclear,place not stated,—,no — aggregate,2,2,True,official statistics series,"{""non_spatial"": 1, ""unclear"": 1}",Global FINDEX 2021,
global food security index,admin_linked,named area,country only,no — aggregate,2,2,True,"named source, family not stated","{""admin_linked"": 1, ""non_spatial"": 1}",Global Food Security Index,
global health expenditure,non_spatial,no place,—,maybe — needs the survey's own geography,2,2,False,registry / administrative database,"{""non_spatial"": 2}",Global Health Expenditure Database,
global health observatory data repository,admin_linked,named area,country only,maybe — needs the survey's own geography,2,2,True,"named source, family not stated","{""admin_linked"": 1, ""non_spatial"": 1}",Global Health Observatory data repository,
global hunger index,non_spatial,no place,—,no — aggregate,2,2,False,"named source, family not stated","{""non_spatial"": 2}",2018 Global Hunger Index,
global innovation index,non_spatial,no place,—,no — aggregate,2,2,False,"named source, family not stated","{""non_spatial"": 2}",Global Innovation Index 2021,
global status report on road safety,non_spatial,no place,—,unknown,2,2,False,facility / asset / infrastructure records,"{""non_spatial"": 2}",Global Status Report on Road Safety 2015,
government analytics survey,admin_linked,named area,province / region / state,maybe — needs the survey's own geography,2,2,True,household or phone survey,"{""non_spatial"": 1, ""admin_linked"": 1}",Government Analytics Survey,
government cooperative registry / certification records,unclear,place not stated,—,maybe — needs the survey's own geography,2,1,False,"household or phone survey, registry / administrative database","{""unclear"": 2}",Government cooperative registry / certification records,
grant disbursement records,unclear,place not stated,—,maybe — needs the survey's own geography,2,1,False,"named source, family not stated","{""unclear"": 2}",Grant disbursement records,
gross primary enrollment for females in,non_spatial,no place,—,unknown,2,1,False,"named source, family not stated","{""non_spatial"": 2}",Gross primary enrollment for females in 2015,
ground truth,point_geocoded,exact point,point,yes — coordinates or a layer exists,2,1,True,"satellite / raster / index, household or phone survey","{""unclear"": 1, ""point_geocoded"": 1}",ground truth data,
gtap9,admin_linked,named area,province / region / state,maybe — needs the survey's own geography,2,1,False,registry / administrative database,"{""admin_linked"": 2}",GTAP9 Database,
harmonized land registry and cadastral,point_geocoded,exact point,point,yes — coordinates or a layer exists,2,1,False,registry / administrative database,"{""point_geocoded"": 2}",harmonized land registry and cadastral data,
headcount,unclear,place not stated,—,unknown,2,1,False,"named source, family not stated","{""unclear"": 2}",headcount data,
health and morbidity status survey,admin_linked,named area,urban / rural split,maybe — needs the survey's own geography,2,2,False,"household or phone survey, official statistics series","{""admin_linked"": 2}",Health and Morbidity Status Survey 2012,
health information systems,admin_linked,named area,country only,maybe — needs the survey's own geography,2,2,True,"official statistics series, registry / administrative database","{""admin_linked"": 1, ""unclear"": 1}",health information systems,
health services mapping,point_geocoded,exact point,point,yes — coordinates or a layer exists,2,1,True,"household or phone survey, facility / asset / infrastructure records, mapped layer / geospatial product","{""point_geocoded"": 1, ""admin_linked"": 1}",Health Services Mapping,
high frequency phone survey,unclear,place not stated,—,maybe — needs the survey's own geography,2,2,False,household or phone survey,"{""unclear"": 2}",high frequency phone survey,
high frequency survey,unclear,place not stated,—,no — aggregate,2,2,False,household or phone survey,"{""unclear"": 2}",High Frequency Survey,
high frequency surveys,unclear,place not stated,—,maybe — needs the survey's own geography,2,2,True,"household or phone survey, official statistics series, monitoring / tracking system, facility / asset / infrastructure records","{""non_spatial"": 1, ""unclear"": 1}",high frequency surveys,
high multi-dimensional poverty index,non_spatial,no place,—,no — aggregate,2,2,False,"named source, family not stated","{""non_spatial"": 2}",high multi-dimensional poverty index,
highway development and management model,admin_linked,named area,country only,maybe — needs the survey's own geography,2,2,True,"named source, family not stated","{""non_spatial"": 1, ""admin_linked"": 1}",Highway Development and Management Model,
historical ghg emissions,non_spatial,no place,—,unknown,2,2,False,"named source, family not stated","{""non_spatial"": 2}",Historical GHG Emissions,
household and expenditure surveys,unclear,place not stated,—,no — aggregate,2,2,False,household or phone survey,"{""unclear"": 2}",Household and Expenditure Surveys,
household cadaster,unclear,place not stated,—,maybe — needs the survey's own geography,2,1,False,household or phone survey,"{""unclear"": 2}",household cadaster,
household consumption survey,admin_linked,named area,country only,maybe — needs the survey's own geography,2,2,True,household or phone survey,"{""admin_linked"": 1, ""unclear"": 1}",household consumption survey,
household expenditure and consumption survey,admin_linked,named area,not stated,maybe — needs the survey's own geography,2,2,True,household or phone survey,"{""non_spatial"": 1, ""admin_linked"": 1}",household expenditure and consumption survey,
household mobility survey,admin_linked,named area,country only,no — aggregate,2,1,True,household or phone survey,"{""admin_linked"": 1, ""unclear"": 1}",Household Mobility Survey,
household permanent survey,unclear,place not stated,—,no — aggregate,2,1,False,household or phone survey,"{""unclear"": 2}",Household Permanent Survey,
hsf,unclear,place not stated,—,unknown,2,1,False,"named source, family not stated","{""unclear"": 2}",HSF data,
hsnp-mis,admin_linked,named area,country only,maybe — needs the survey's own geography,2,1,False,"named source, family not stated","{""admin_linked"": 2}",HSNP-MIS,
human development index for municipalities,admin_linked,named area,district / sub-county,no — aggregate,2,1,False,household or phone survey,"{""admin_linked"": 2}",Human Development Index for Municipalities,
ict development index,non_spatial,no place,—,no — aggregate,2,2,False,"named source, family not stated","{""non_spatial"": 2}",ICT Development Index 2017,
iea,unclear,place not stated,—,maybe — needs the survey's own geography,2,1,False,"household or phone survey, official statistics series, monitoring / tracking system","{""unclear"": 2}",IEA,
ihme gbd study results,admin_linked,named area,country only,maybe — needs the survey's own geography,2,1,True,"named source, family not stated","{""non_spatial"": 1, ""admin_linked"": 1}",IHME GBD Study 2019 Results,
ilo ilosotat data base,unclear,place not stated,—,maybe — needs the survey's own geography,2,1,False,household or phone survey,"{""unclear"": 2}",ILO ILOSOTAT data base,
imf financial soundness indicators,non_spatial,no place,—,no — aggregate,2,1,False,"named source, family not stated","{""non_spatial"": 2}",IMF Financial Soundness Indicators,
impact evaluation survey,unclear,place not stated,—,maybe — needs the survey's own geography,2,2,False,household or phone survey,"{""unclear"": 2}",Impact evaluation survey,
income and expenditure survey,admin_linked,named area,country only,maybe — needs the survey's own geography,2,2,True,household or phone survey,"{""admin_linked"": 1, ""unclear"": 1}",Income and Expenditure Survey,
industrial production index,non_spatial,no place,—,no — aggregate,2,1,False,"household or phone survey, monitoring / tracking system","{""non_spatial"": 2}",Industrial Production Index,
industry and service statistics,non_spatial,no place,—,unknown,2,1,False,official statistics series,"{""non_spatial"": 2}",Annual Industry and Service Statistics,
ine enigh,unclear,place not stated,—,maybe — needs the survey's own geography,2,1,False,household or phone survey,"{""unclear"": 2}",INE ENIGH 2022,
inset training,unclear,place not stated,—,maybe — needs the survey's own geography,2,1,False,registry / administrative database,"{""unclear"": 2}",INSET training database,
integrated beneficiary registry and payment mechanism,unclear,place not stated,—,maybe — needs the survey's own geography,2,1,False,"registry / administrative database, monitoring / tracking system","{""unclear"": 2}",Integrated Beneficiary Registry and Payment Mechanism,
integrated household survey,admin_linked,named area,urban / rural split,maybe — needs the survey's own geography,2,2,True,household or phone survey,"{""admin_linked"": 1, ""unclear"": 1}",Integrated Household Survey,
international labor organization,admin_linked,named area,country only,maybe — needs the survey's own geography,2,2,False,"named source, family not stated","{""admin_linked"": 2}",International Labor Organization data,
isrec,point_geocoded,exact point,point,yes — coordinates or a layer exists,2,1,False,"registry / administrative database, facility / asset / infrastructure records","{""point_geocoded"": 2}",ISREC,
items bank,unclear,place not stated,—,unknown,2,1,False,"named source, family not stated","{""unclear"": 2}",Items Bank,
iucn red list of threatened species,point_geocoded,exact point,point,yes — coordinates or a layer exists,2,2,True,"named source, family not stated","{""point_geocoded"": 1, ""unclear"": 1}",IUCN Red List of Threatened Species,
iufrs,non_spatial,no place,—,unknown,2,2,False,"named source, family not stated","{""non_spatial"": 2}",IUFRs,
kosgeb s,unclear,place not stated,—,maybe — needs the survey's own geography,2,2,True,"household or phone survey, registry / administrative database","{""unclear"": 1, ""non_spatial"": 1}",KOSGEB’s database,
ksdis,point_geocoded,exact point,point,yes — coordinates or a layer exists,2,1,True,"named source, family not stated","{""non_spatial"": 1, ""point_geocoded"": 1}",KSDIS,
kwenda mis,admin_linked,named area,country only,maybe — needs the survey's own geography,2,1,False,registry / administrative database,"{""admin_linked"": 2}",Kwenda MIS,
kyrgyz integrated household survey,admin_linked,named area,country only,maybe — needs the survey's own geography,2,1,False,household or phone survey,"{""admin_linked"": 2}",Kyrgyz Integrated Household Survey,
l2cu,unclear,place not stated,—,maybe — needs the survey's own geography,2,2,False,household or phone survey,"{""unclear"": 2}",2019 L2CU data,
labor force and household living standards survey,unclear,place not stated,—,maybe — needs the survey's own geography,2,2,False,"household or phone survey, official statistics series","{""unclear"": 2}",2018-2019 Labor Force and Household Living Standards Survey,
labor market information system,admin_linked,named area,country only,maybe — needs the survey's own geography,2,2,True,"official statistics series, facility / asset / infrastructure records","{""admin_linked"": 1, ""unclear"": 1}",labor market information system,
labour force survey,unclear,place not stated,—,maybe — needs the survey's own geography,2,2,False,"household or phone survey, official statistics series","{""unclear"": 2}",Labour force survey,
land,point_geocoded,exact point,point,yes — coordinates or a layer exists,2,2,True,registry / administrative database,"{""point_geocoded"": 1, ""admin_linked"": 1}",land data,
land balance,admin_linked,named area,not stated,yes — coordinates or a layer exists,2,2,False,"registry / administrative database, facility / asset / infrastructure records, mapped layer / geospatial product","{""admin_linked"": 2}",land balance database,
land parcel boundary,point_geocoded,exact point,point,yes — coordinates or a layer exists,2,1,False,"monitoring / tracking system, facility / asset / infrastructure records","{""point_geocoded"": 2}",land parcel boundary data,
lao pdr civil registration and vital statistics project,unclear,place not stated,—,maybe — needs the survey's own geography,2,1,True,"official statistics series, registry / administrative database","{""non_spatial"": 1, ""unclear"": 1}",Lao PDR Civil Registration and Vital Statistics Project,
lao social indicator survey,admin_linked,named area,country only,maybe — needs the survey's own geography,2,2,True,"household or phone survey, official statistics series, registry / administrative database","{""admin_linked"": 1, ""unclear"": 1}",Lao Social Indicator Survey,
large-scale firm-level,unclear,place not stated,—,unknown,2,2,True,registry / administrative database,"{""unclear"": 1, ""non_spatial"": 1}",large-scale firm-level data,
licensing system logs,non_spatial,no place,—,maybe — needs the survey's own geography,2,1,False,"named source, family not stated","{""non_spatial"": 2}",licensing system logs,
light survey,unclear,place not stated,—,maybe — needs the survey's own geography,2,1,False,household or phone survey,"{""unclear"": 2}",Light survey,
lis,point_geocoded,exact point,point,yes — coordinates or a layer exists,2,1,False,"named source, family not stated","{""point_geocoded"": 2}",LIS,
list of beneficiaries of distribution of emergency supplies,unclear,place not stated,—,unknown,2,1,False,"named source, family not stated","{""unclear"": 2}",list of beneficiaries of distribution of emergency supplies,
listahanan,unclear,place not stated,—,maybe — needs the survey's own geography,2,1,False,"household or phone survey, registry / administrative database","{""unclear"": 2}",Listahanan,
listahanan 2,unclear,place not stated,—,maybe — needs the survey's own geography,2,1,False,registry / administrative database,"{""unclear"": 2}",Listahanan 2,
listahanan 3,unclear,place not stated,—,maybe — needs the survey's own geography,2,2,False,registry / administrative database,"{""unclear"": 2}",Listahanan 3,
listas de pacientes,admin_linked,named area,country only,maybe — needs the survey's own geography,2,1,False,"named source, family not stated","{""admin_linked"": 2}",listas de pacientes,
lists of faculty members receiving certificates and degrees,non_spatial,no place,—,unknown,2,1,False,"named source, family not stated","{""non_spatial"": 2}",lists of faculty members receiving certificates and degrees,
maintenance logs,point_geocoded,exact point,point,yes — coordinates or a layer exists,2,1,False,monitoring / tracking system,"{""point_geocoded"": 2}",Maintenance logs,
malawi economic monitor,unclear,place not stated,—,unknown,2,2,False,"named source, family not stated","{""unclear"": 2}",Malawi Economic Monitor,
market survey reports,non_spatial,no place,—,maybe — needs the survey's own geography,2,2,False,"household or phone survey, official statistics series, facility / asset / infrastructure records","{""non_spatial"": 2}",market survey reports,
market survey results,non_spatial,no place,—,maybe — needs the survey's own geography,2,1,False,"household or phone survey, official statistics series, facility / asset / infrastructure records","{""non_spatial"": 2}",market survey results,
market surveys,unclear,place not stated,—,maybe — needs the survey's own geography,2,2,False,"household or phone survey, official statistics series, facility / asset / infrastructure records","{""unclear"": 2}",market surveys,
mca21,unclear,place not stated,—,unknown,2,1,False,"named source, family not stated","{""unclear"": 2}",MCA21,
meis,admin_linked,named area,country only,maybe — needs the survey's own geography,2,1,False,"household or phone survey, registry / administrative database","{""admin_linked"": 2}",MEIS,
meiss reports,unclear,place not stated,—,maybe — needs the survey's own geography,2,1,False,registry / administrative database,"{""unclear"": 2}",MEISS reports,
meteorologic,point_geocoded,exact point,point,yes — coordinates or a layer exists,2,2,False,"named source, family not stated","{""point_geocoded"": 2}",meteorologic data,
mid-term evaluation survey,unclear,place not stated,—,maybe — needs the survey's own geography,2,1,False,household or phone survey,"{""unclear"": 2}",mid-term evaluation survey,
midterm survey and endline survey,unclear,place not stated,—,maybe — needs the survey's own geography,2,1,False,household or phone survey,"{""unclear"": 2}",Midterm survey and Endline survey,
migraciones,unclear,place not stated,—,maybe — needs the survey's own geography,2,2,False,registry / administrative database,"{""unclear"": 2}",MIGRACIONES,
mis data reported by dgtvet,unclear,place not stated,—,unknown,2,1,False,"named source, family not stated","{""unclear"": 2}",MIS Data reported by DGTVET,
mlcs,admin_linked,named area,country only,maybe — needs the survey's own geography,2,2,False,household or phone survey,"{""admin_linked"": 2}",MLCS 2017,
mobse hr,unclear,place not stated,—,maybe — needs the survey's own geography,2,1,False,registry / administrative database,"{""unclear"": 2}",MoBSE HR database,
moh administrative records,admin_linked,named area,country only,maybe — needs the survey's own geography,2,2,True,household or phone survey,"{""admin_linked"": 1, ""unclear"": 1}",MoH administrative records,
moherst hr,unclear,place not stated,—,maybe — needs the survey's own geography,2,1,False,registry / administrative database,"{""unclear"": 2}",MoHERST HR database,
molsa social registry,admin_linked,named area,country only,maybe — needs the survey's own geography,2,1,False,registry / administrative database,"{""admin_linked"": 2}",MOLSA social registry,
monitoring reports,admin_linked,named area,country only,maybe — needs the survey's own geography,2,2,True,monitoring / tracking system,"{""admin_linked"": 1, ""non_spatial"": 1}",Monitoring reports,
monitorul oficial al republicii moldova,non_spatial,no place,—,unknown,2,1,False,"named source, family not stated","{""non_spatial"": 2}",Monitorul oficial al Republicii Moldova,
mosd,unclear,place not stated,—,maybe — needs the survey's own geography,2,1,False,registry / administrative database,"{""unclear"": 2}",MoSD,
movable collateral registry,non_spatial,no place,—,maybe — needs the survey's own geography,2,2,False,registry / administrative database,"{""non_spatial"": 2}",movable collateral registry,
mplcs,admin_linked,named area,country only,maybe — needs the survey's own geography,2,1,True,household or phone survey,"{""admin_linked"": 1, ""unclear"": 1}",MPLCS 2015,
msme finance gap,non_spatial,no place,—,no — aggregate,2,1,False,"named source, family not stated","{""non_spatial"": 2}",2017 MSME finance Gap,
msr,unclear,place not stated,—,maybe — needs the survey's own geography,2,1,False,"household or phone survey, registry / administrative database","{""unclear"": 2}",MSR,
msr household roster,admin_linked,named area,country only,maybe — needs the survey's own geography,2,1,True,household or phone survey,"{""admin_linked"": 1, ""unclear"": 1}",MSR household roster,
mtc/onsv and pnp,point_geocoded,exact point,point,yes — coordinates or a layer exists,2,1,False,registry / administrative database,"{""point_geocoded"": 2}",MTC/ONSV and PNP database,
mtc/onsv and policia nacional del peru (pnp),point_geocoded,exact point,point,yes — coordinates or a layer exists,2,1,False,registry / administrative database,"{""point_geocoded"": 2}",MTC/ONSV and Policia Nacional del Peru (PNP) database,
multiple indicator survey cluster snapshot,admin_linked,named area,country only,maybe — needs the survey's own geography,2,2,True,"household or phone survey, registry / administrative database","{""non_spatial"": 1, ""admin_linked"": 1}",Multiple Indicator Survey Cluster Snapshot,
municipal gdp,admin_linked,named area,district / sub-county,no — aggregate,2,2,False,"named source, family not stated","{""admin_linked"": 2}",Municipal GDP,
municipal population,admin_linked,named area,country only,maybe — needs the survey's own geography,2,2,False,"registry / administrative database, facility / asset / infrastructure records","{""admin_linked"": 2}",municipal population data,
myaas with survey,unclear,place not stated,—,maybe — needs the survey's own geography,2,1,False,household or phone survey,"{""unclear"": 2}",MYAAS with survey,
national account,unclear,place not stated,—,no — aggregate,2,1,False,"official statistics series, monitoring / tracking system","{""unclear"": 2}",national account,
national assessments of learning outcomes,admin_linked,named area,country only,maybe — needs the survey's own geography,2,2,True,"named source, family not stated","{""non_spatial"": 1, ""admin_linked"": 1}",2017 National Assessments of Learning Outcomes,
national average price,non_spatial,no place,—,no — aggregate,2,1,False,official statistics series,"{""non_spatial"": 2}",National average price data,
national emissions registry,unclear,place not stated,—,maybe — needs the survey's own geography,2,2,False,registry / administrative database,"{""unclear"": 2}",National Emissions Registry,
national forest inventory,admin_linked,named area,district / sub-county,yes — coordinates or a layer exists,2,2,False,mapped layer / geospatial product,"{""admin_linked"": 2}",National Forest Inventory,
national inventory,non_spatial,no place,—,unknown,2,1,False,"named source, family not stated","{""non_spatial"": 2}",national inventory,
national inventory of hazardous chemical and waste hotspots,point_geocoded,exact point,point,yes — coordinates or a layer exists,2,1,False,"named source, family not stated","{""point_geocoded"": 2}",national inventory of hazardous chemical and waste hotspots,
national learning assessment,admin_linked,named area,province / region / state,unknown,2,2,True,"named source, family not stated","{""non_spatial"": 1, ""admin_linked"": 1}",national learning assessment,
national mental health situational analysis,non_spatial,no place,—,unknown,2,1,False,"named source, family not stated","{""non_spatial"": 2}",national mental health situational analysis,
national nutrition survey,admin_linked,named area,point,maybe — needs the survey's own geography,2,2,False,"household or phone survey, monitoring / tracking system, facility / asset / infrastructure records","{""admin_linked"": 2}",National Nutrition Survey,
national registry,unclear,place not stated,—,maybe — needs the survey's own geography,2,2,False,registry / administrative database,"{""unclear"": 2}",national registry,
national sample survey 68th round,admin_linked,named area,province / region / state,maybe — needs the survey's own geography,2,2,False,"household or phone survey, official statistics series","{""admin_linked"": 2}",National Sample Survey 68th Round,
national single registry,admin_linked,named area,country only,maybe — needs the survey's own geography,2,1,False,registry / administrative database,"{""admin_linked"": 2}",National Single Registry,
national socio-economic registry,admin_linked,named area,country only,maybe — needs the survey's own geography,2,2,True,registry / administrative database,"{""unclear"": 1, ""admin_linked"": 1}",National Socio-Economic Registry,
national statistics,admin_linked,named area,country only,maybe — needs the survey's own geography,2,2,True,official statistics series,"{""unclear"": 1, ""admin_linked"": 1}",National statistics,
nationally representative household survey,unclear,place not stated,—,no — aggregate,2,2,True,"household or phone survey, official statistics series","{""non_spatial"": 1, ""unclear"": 1}",nationally representative household survey,
nationally representative school survey,admin_linked,named area,point,maybe — needs the survey's own geography,2,1,True,"household or phone survey, registry / administrative database, facility / asset / infrastructure records","{""admin_linked"": 1, ""unclear"": 1}",nationally representative school survey,
ndoh administrative,admin_linked,named area,country only,maybe — needs the survey's own geography,2,1,True,registry / administrative database,"{""admin_linked"": 1, ""unclear"": 1}",NDoH administrative data,
nea mis,unclear,place not stated,—,unknown,2,1,False,"named source, family not stated","{""unclear"": 2}",NEA MIS,
nfhs - 5,admin_linked,named area,country only,maybe — needs the survey's own geography,2,2,True,household or phone survey,"{""non_spatial"": 1, ""admin_linked"": 1}",NFHS - 5,
nhbps,admin_linked,named area,province / region / state,maybe — needs the survey's own geography,2,1,True,household or phone survey,"{""unclear"": 1, ""admin_linked"": 1}",NHBPS,
night light intensity,point_geocoded,exact point,point,yes — coordinates or a layer exists,2,1,False,"named source, family not stated","{""point_geocoded"": 2}",Night light intensity data,
nissa,unclear,place not stated,—,unknown,2,1,False,"named source, family not stated","{""unclear"": 2}",NISSA data,
nita-u survey,unclear,place not stated,—,maybe — needs the survey's own geography,2,1,False,household or phone survey,"{""unclear"": 2}",NITA-U survey,
nvr,admin_linked,named area,country only,maybe — needs the survey's own geography,2,1,False,registry / administrative database,"{""admin_linked"": 2}",NVR,
nwra reports,unclear,place not stated,—,unknown,2,1,False,registry / administrative database,"{""unclear"": 2}",NWRA reports,
observation,point_geocoded,exact point,point,yes — coordinates or a layer exists,2,2,True,"named source, family not stated","{""unclear"": 1, ""point_geocoded"": 1}",observation data,
oenb euro survey,admin_linked,named area,country only,no — aggregate,2,2,True,household or phone survey,"{""non_spatial"": 1, ""admin_linked"": 1}",OeNB Euro Survey,
onap reports,unclear,place not stated,—,unknown,2,1,False,"named source, family not stated","{""unclear"": 2}",ONAP annual reports,
online vacancy outlook,unclear,place not stated,—,unknown,2,1,False,"named source, family not stated","{""unclear"": 2}",Online Vacancy Outlook,
operations,unclear,place not stated,—,maybe — needs the survey's own geography,2,1,False,registry / administrative database,"{""unclear"": 2}",operations database,
opinion surveys,unclear,place not stated,—,maybe — needs the survey's own geography,2,1,False,household or phone survey,"{""unclear"": 2}",opinion surveys,
ops table basic,non_spatial,no place,—,unknown,2,2,False,"named source, family not stated","{""non_spatial"": 2}",OPS_TABLE_BASIC_DATA,
osinergmin,unclear,place not stated,—,unknown,2,2,False,"named source, family not stated","{""unclear"": 2}",OSINERGMIN,
pakistan demographic and health survey,unclear,place not stated,—,maybe — needs the survey's own geography,2,1,True,household or phone survey,"{""non_spatial"": 1, ""unclear"": 1}",Pakistan Demographic and Health Survey,
pakistan dhs,admin_linked,named area,country only,maybe — needs the survey's own geography,2,2,True,household or phone survey,"{""admin_linked"": 1, ""unclear"": 1}",Pakistan DHS 2017/18,
panama public financial management information system,non_spatial,no place,—,no — aggregate,2,2,False,"named source, family not stated","{""non_spatial"": 2}",Panama Public Financial Management Information System,
pastoralist surveys,unclear,place not stated,—,maybe — needs the survey's own geography,2,1,False,household or phone survey,"{""unclear"": 2}",Pastoralist surveys,
patient survey for service availability and user experience,unclear,place not stated,—,maybe — needs the survey's own geography,2,1,False,household or phone survey,"{""unclear"": 2}",patient survey for service availability and user experience,
pdo indicator 3,unclear,place not stated,—,unknown,2,2,False,"named source, family not stated","{""unclear"": 2}",PDO Indicator 3,
penn world table,non_spatial,no place,—,maybe — needs the survey's own geography,2,1,False,registry / administrative database,"{""non_spatial"": 2}",Penn World Table,
pensions,admin_linked,named area,country only,no — aggregate,2,2,True,registry / administrative database,"{""admin_linked"": 1, ""unclear"": 1}",pensions database,
periodic statistics data by economic activity,non_spatial,no place,—,no — aggregate,2,1,False,official statistics series,"{""non_spatial"": 2}",periodic statistics data by economic activity,
pgh,admin_linked,named area,urban / rural split,maybe — needs the survey's own geography,2,2,False,"household or phone survey, registry / administrative database","{""admin_linked"": 2}",PGH database,
pid for konya,admin_linked,named area,country only,maybe — needs the survey's own geography,2,1,False,"named source, family not stated","{""admin_linked"": 2}",PID for Konya,
piu procurement,unclear,place not stated,—,maybe — needs the survey's own geography,2,1,True,"named source, family not stated","{""non_spatial"": 1, ""unclear"": 1}",PIU procurement data,
piu progress reports,admin_linked,named area,point,maybe — needs the survey's own geography,2,2,False,registry / administrative database,"{""admin_linked"": 2}",PIU Progress Reports,
piu records,admin_linked,named area,not stated,maybe — needs the survey's own geography,2,2,True,"named source, family not stated","{""unclear"": 1, ""admin_linked"": 1}",PIU records,
pmis,unclear,place not stated,—,maybe — needs the survey's own geography,2,2,False,household or phone survey,"{""unclear"": 2}",PMIS,
pmt,admin_linked,named area,district / sub-county,maybe — needs the survey's own geography,2,1,False,registry / administrative database,"{""admin_linked"": 2}",PMT data,
pmu reports,unclear,place not stated,—,unknown,2,1,False,"named source, family not stated","{""unclear"": 2}",PMU reports,
pnad-c,admin_linked,named area,country only,maybe — needs the survey's own geography,2,2,False,"household or phone survey, official statistics series","{""admin_linked"": 2}",PNAD-C,
population-based survey,unclear,place not stated,—,maybe — needs the survey's own geography,2,1,False,"household or phone survey, official statistics series, registry / administrative database","{""unclear"": 2}",population-based survey,
post-disaster needs assessment,admin_linked,named area,country only,maybe — needs the survey's own geography,2,2,True,official statistics series,"{""non_spatial"": 1, ""admin_linked"": 1}",Post-Disaster Needs Assessment,
povcalnet,non_spatial,no place,—,unknown,2,2,False,"named source, family not stated","{""non_spatial"": 2}",PovCalNet,
poverty,non_spatial,no place,—,unknown,2,2,False,"named source, family not stated","{""non_spatial"": 2}",poverty data,
poverty maps,admin_linked,named area,country only,maybe — needs the survey's own geography,2,2,False,"named source, family not stated","{""admin_linked"": 2}",poverty maps,
primary survey,unclear,place not stated,—,maybe — needs the survey's own geography,2,2,False,household or phone survey,"{""unclear"": 2}",primary survey data,
procurement,non_spatial,no place,—,unknown,2,2,False,"named source, family not stated","{""non_spatial"": 2}",procurement data,
producer price survey,unclear,place not stated,—,maybe — needs the survey's own geography,2,1,False,"household or phone survey, official statistics series","{""unclear"": 2}",producer price survey,
professional development program records,unclear,place not stated,—,maybe — needs the survey's own geography,2,1,False,"named source, family not stated","{""unclear"": 2}",Professional development program records,
project engagement surveys,unclear,place not stated,—,maybe — needs the survey's own geography,2,1,False,"household or phone survey, monitoring / tracking system","{""unclear"": 2}",Project engagement surveys,
project fixed assets register,unclear,place not stated,—,yes — coordinates or a layer exists,2,2,True,"named source, family not stated","{""unclear"": 1, ""non_spatial"": 1}",Project fixed assets register,
project implementation reports,point_geocoded,exact point,point,yes — coordinates or a layer exists,2,2,True,"named source, family not stated","{""point_geocoded"": 1, ""unclear"": 1}",Project implementation reports,
project m&e,unclear,place not stated,—,maybe — needs the survey's own geography,2,2,True,"household or phone survey, registry / administrative database","{""non_spatial"": 1, ""unclear"": 1}",Project M&E database,
project m&e reports,unclear,place not stated,—,maybe — needs the survey's own geography,2,2,True,registry / administrative database,"{""non_spatial"": 1, ""unclear"": 1}",Project M&E reports,
project progress reports and survey,admin_linked,named area,country only,maybe — needs the survey's own geography,2,1,False,"household or phone survey, registry / administrative database","{""admin_linked"": 2}",Project Progress Reports and Survey Data,
project reports participant lists,non_spatial,no place,—,unknown,2,1,False,"named source, family not stated","{""non_spatial"": 2}","Project reports, participant lists",
public credit registry,unclear,place not stated,—,maybe — needs the survey's own geography,2,2,True,registry / administrative database,"{""unclear"": 1, ""non_spatial"": 1}",public credit registry,
public expenditure and financial accountability (pefa) update,admin_linked,named area,country only,no — aggregate,2,2,False,"named source, family not stated","{""admin_linked"": 2}",Public Expenditure and Financial Accountability (PEFA) update 2016,2019 PEFA
public registries,admin_linked,named area,country only,maybe — needs the survey's own geography,2,1,False,"household or phone survey, registry / administrative database","{""admin_linked"": 2}",public registries’ data,
qualitative survey,unclear,place not stated,—,maybe — needs the survey's own geography,2,2,True,household or phone survey,"{""non_spatial"": 1, ""unclear"": 1}",qualitative survey,
quantitative,admin_linked,named area,point,maybe — needs the survey's own geography,2,1,False,facility / asset / infrastructure records,"{""admin_linked"": 2}",quantitative data,
quantitative service delivery survey,admin_linked,named area,point,maybe — needs the survey's own geography,2,2,True,"household or phone survey, monitoring / tracking system, facility / asset / infrastructure records","{""unclear"": 1, ""admin_linked"": 1}",Quantitative Service Delivery Survey,
quarterly monitoring campaigns,admin_linked,named area,country only,maybe — needs the survey's own geography,2,1,False,"registry / administrative database, monitoring / tracking system, facility / asset / infrastructure records","{""admin_linked"": 2}",quarterly monitoring campaigns,
quarterly progress report,admin_linked,named area,country only,maybe — needs the survey's own geography,2,1,False,"registry / administrative database, facility / asset / infrastructure records","{""admin_linked"": 2}",Quarterly progress report,
rams,admin_linked,named area,country only,maybe — needs the survey's own geography,2,1,False,"registry / administrative database, facility / asset / infrastructure records","{""admin_linked"": 2}",RAMS,
random sample survey,unclear,place not stated,—,maybe — needs the survey's own geography,2,2,False,household or phone survey,"{""unclear"": 2}",random sample survey,
rapid household survey,admin_linked,named area,urban / rural split,maybe — needs the survey's own geography,2,2,True,household or phone survey,"{""unclear"": 1, ""admin_linked"": 1}",Rapid Household Survey,
rapp,admin_linked,named area,country only,maybe — needs the survey's own geography,2,1,False,"named source, family not stated","{""admin_linked"": 2}",RAPP,
real estate market,admin_linked,named area,not stated,unknown,2,1,False,"official statistics series, facility / asset / infrastructure records","{""admin_linked"": 2}",real estate market data,
recenseamento empresarial,unclear,place not stated,—,maybe — needs the survey's own geography,2,2,False,household or phone survey,"{""unclear"": 2}",Recenseamento Empresarial 2021,
registry of beneficiaries,non_spatial,no place,—,maybe — needs the survey's own geography,2,1,False,registry / administrative database,"{""non_spatial"": 2}",registry of beneficiaries,
regular reports of cash transfers service providers,non_spatial,no place,—,unknown,2,1,False,"named source, family not stated","{""non_spatial"": 2}",regular reports of cash transfers service providers,
reniec,unclear,place not stated,—,maybe — needs the survey's own geography,2,2,False,registry / administrative database,"{""unclear"": 2}",RENIEC,
report by government-led programs,unclear,place not stated,—,unknown,2,1,False,"named source, family not stated","{""unclear"": 2}",Annual report by the government-led programs,
reports from ghos,non_spatial,no place,—,unknown,2,1,False,"named source, family not stated","{""non_spatial"": 2}",reports from GHOs,
representative survey,unclear,place not stated,—,maybe — needs the survey's own geography,2,1,False,household or phone survey,"{""unclear"": 2}",representative survey,
results framework,unclear,place not stated,—,maybe — needs the survey's own geography,2,2,True,"named source, family not stated","{""non_spatial"": 1, ""unclear"": 1}",results framework data,
ridership,point_geocoded,exact point,point,yes — coordinates or a layer exists,2,1,False,household or phone survey,"{""point_geocoded"": 2}",Ridership data,
rifaskes,admin_linked,named area,country only,maybe — needs the survey's own geography,2,1,False,"named source, family not stated","{""admin_linked"": 2}",_Rifaskes_ 2019,
road,point_geocoded,exact point,point,yes — coordinates or a layer exists,2,2,True,"household or phone survey, registry / administrative database, facility / asset / infrastructure records","{""point_geocoded"": 1, ""admin_linked"": 1}",road database,
road accident,admin_linked,named area,country only,maybe — needs the survey's own geography,2,2,False,facility / asset / infrastructure records,"{""admin_linked"": 2}",Road Accident Data,
road crash,point_geocoded,exact point,point,yes — coordinates or a layer exists,2,2,True,"registry / administrative database, facility / asset / infrastructure records","{""point_geocoded"": 1, ""admin_linked"": 1}",road crash database,
road inventory,point_geocoded,exact point,point,yes — coordinates or a layer exists,2,2,False,"registry / administrative database, facility / asset / infrastructure records","{""point_geocoded"": 2}",road inventory,
road safety,point_geocoded,exact point,point,yes — coordinates or a layer exists,2,2,True,"registry / administrative database, facility / asset / infrastructure records","{""point_geocoded"": 1, ""unclear"": 1}",road safety database,
routine surveys,unclear,place not stated,—,maybe — needs the survey's own geography,2,2,False,household or phone survey,"{""unclear"": 2}",routine surveys,
rural access index,admin_linked,named area,urban / rural split,no — aggregate,2,1,False,facility / asset / infrastructure records,"{""admin_linked"": 2}",rural access index,
sadc regional statistics project,non_spatial,no place,—,unknown,2,2,False,official statistics series,"{""non_spatial"": 2}",SADC Regional Statistics Project,
sample based household survey,admin_linked,named area,country only,maybe — needs the survey's own geography,2,1,False,household or phone survey,"{""admin_linked"": 2}",Sample based household Survey,
sample household surveys,unclear,place not stated,—,maybe — needs the survey's own geography,2,1,False,"household or phone survey, official statistics series","{""unclear"": 2}",sample household surveys,
school education quality index,admin_linked,named area,point,no — aggregate,2,1,False,facility / asset / infrastructure records,"{""admin_linked"": 2}",School Education Quality Index,
school-level cpd attendance registers,admin_linked,named area,point,maybe — needs the survey's own geography,2,1,False,facility / asset / infrastructure records,"{""admin_linked"": 2}",school-level CPD attendance registers,
sctp mis,admin_linked,named area,country only,maybe — needs the survey's own geography,2,1,True,"household or phone survey, registry / administrative database","{""admin_linked"": 1, ""unclear"": 1}",SCTP MIS,
sdi digital platform,admin_linked,named area,not stated,yes — coordinates or a layer exists,2,1,False,mapped layer / geospatial product,"{""admin_linked"": 2}",SDI Digital Platform,
sdi survey,admin_linked,named area,point,maybe — needs the survey's own geography,2,2,True,"household or phone survey, facility / asset / infrastructure records","{""unclear"": 1, ""admin_linked"": 1}",SDI survey,
se4all sdg7 tracker,admin_linked,named area,country only,yes — coordinates or a layer exists,2,2,False,"satellite / raster / index, monitoring / tracking system","{""admin_linked"": 2}",SE4all SDG7 tracker,
sea/sh focal point reports,unclear,place not stated,—,maybe — needs the survey's own geography,2,1,False,"named source, family not stated","{""unclear"": 2}",SEA/SH focal point reports,
seeg operational records,unclear,place not stated,—,maybe — needs the survey's own geography,2,1,False,"named source, family not stated","{""unclear"": 2}",SEEG operational records,
sensing,point_geocoded,exact point,point,yes — coordinates or a layer exists,2,2,False,"satellite / raster / index, household or phone survey","{""point_geocoded"": 2}",sensing data,
serological surveys,unclear,place not stated,—,maybe — needs the survey's own geography,2,2,False,household or phone survey,"{""unclear"": 2}",serological surveys,
service delivery indicator (sdi) survey,admin_linked,named area,country only,maybe — needs the survey's own geography,2,2,False,household or phone survey,"{""admin_linked"": 2}",Service Delivery Indicator (SDI) survey,SDI
sex disaggregated telecommunications,unclear,place not stated,—,unknown,2,2,False,"named source, family not stated","{""unclear"": 2}",sex disaggregated telecommunications data,
sex-disaggregated hr,unclear,place not stated,—,maybe — needs the survey's own geography,2,1,False,registry / administrative database,"{""unclear"": 2}",sex-disaggregated HR data,
sex-disaggregated ict,unclear,place not stated,—,unknown,2,2,True,"official statistics series, monitoring / tracking system","{""non_spatial"": 1, ""unclear"": 1}",sex-disaggregated ICT data,
sigrhap,unclear,place not stated,—,maybe — needs the survey's own geography,2,1,False,registry / administrative database,"{""unclear"": 2}",SIGRHAP,
sigrid,unclear,place not stated,—,maybe — needs the survey's own geography,2,2,False,registry / administrative database,"{""unclear"": 2}",SIGRID,
silnas,point_geocoded,exact point,point,yes — coordinates or a layer exists,2,1,True,registry / administrative database,"{""point_geocoded"": 1, ""admin_linked"": 1}",SILNAS,
simast survey,admin_linked,named area,district / sub-county,maybe — needs the survey's own geography,2,1,False,household or phone survey,"{""admin_linked"": 2}",SIMAST survey,
sinadef,unclear,place not stated,—,unknown,2,2,False,"named source, family not stated","{""unclear"": 2}",SINADEF,
sinpad,unclear,place not stated,—,maybe — needs the survey's own geography,2,2,False,registry / administrative database,"{""unclear"": 2}",SINPAD,
sirage,unclear,place not stated,—,maybe — needs the survey's own geography,2,1,False,registry / administrative database,"{""unclear"": 2}",SIRAGE,
sis,admin_linked,named area,point,maybe — needs the survey's own geography,2,1,False,"monitoring / tracking system, facility / asset / infrastructure records","{""admin_linked"": 2}",SIS,
sisab/e-sus ab,admin_linked,named area,country only,yes — coordinates or a layer exists,2,1,False,"registry / administrative database, facility / asset / infrastructure records","{""admin_linked"": 2}",SISAB/e-SUS AB,
sisar,unclear,place not stated,—,maybe — needs the survey's own geography,2,1,False,registry / administrative database,"{""unclear"": 2}",SISAR database,
sisar s data base,unclear,place not stated,—,unknown,2,1,False,"named source, family not stated","{""unclear"": 2}",SISAR’s data base,
sisdmk,admin_linked,named area,point,maybe — needs the survey's own geography,2,1,False,"named source, family not stated","{""admin_linked"": 2}",SisDMK,
siuben,unclear,place not stated,—,maybe — needs the survey's own geography,2,1,False,registry / administrative database,"{""unclear"": 2}",SIUBEN database,
smart surveys,unclear,place not stated,—,maybe — needs the survey's own geography,2,2,False,household or phone survey,"{""unclear"": 2}",SMART surveys,
sms surveys,unclear,place not stated,—,maybe — needs the survey's own geography,2,1,False,household or phone survey,"{""unclear"": 2}",SMS surveys,
social accounting matrix,non_spatial,no place,—,no — aggregate,2,1,False,official statistics series,"{""non_spatial"": 2}",Social Accounting Matrix,
social insurance,unclear,place not stated,—,unknown,2,2,True,"named source, family not stated","{""non_spatial"": 1, ""unclear"": 1}",social insurance data,
social security filings,unclear,place not stated,—,maybe — needs the survey's own geography,2,1,True,"named source, family not stated","{""unclear"": 1, ""non_spatial"": 1}",social security filings,
social survey,unclear,place not stated,—,maybe — needs the survey's own geography,2,1,False,household or phone survey,"{""unclear"": 2}",social survey,
social surveys,unclear,place not stated,—,maybe — needs the survey's own geography,2,2,False,"household or phone survey, monitoring / tracking system","{""unclear"": 2}",social surveys,
sociodemographic information of system users,unclear,place not stated,—,maybe — needs the survey's own geography,2,1,True,"named source, family not stated","{""non_spatial"": 1, ""unclear"": 1}",sociodemographic information of system users,
soil quality,admin_linked,named area,not stated,maybe — needs the survey's own geography,2,2,False,registry / administrative database,"{""admin_linked"": 2}",soil quality database,
somali high frequency survey,unclear,place not stated,—,no — aggregate,2,2,False,household or phone survey,"{""unclear"": 2}",Somali High Frequency Survey,
somali integrated business establishment survey,unclear,place not stated,—,maybe — needs the survey's own geography,2,2,False,"household or phone survey, official statistics series","{""unclear"": 2}",Somali Integrated Business Establishment Survey,
somali integrated household budget survey,unclear,place not stated,—,no — aggregate,2,1,False,household or phone survey,"{""unclear"": 2}",Somali Integrated Household Budget Survey,
spatial,point_geocoded,exact point,point,yes — coordinates or a layer exists,2,2,True,registry / administrative database,"{""admin_linked"": 1, ""point_geocoded"": 1}",spatial datasets,
speed and traffic,point_geocoded,exact point,point,yes — coordinates or a layer exists,2,2,True,"named source, family not stated","{""point_geocoded"": 1, ""admin_linked"": 1}",speed and traffic data,
state learning assessment,admin_linked,named area,province / region / state,maybe — needs the survey's own geography,2,1,False,facility / asset / infrastructure records,"{""admin_linked"": 2}",State Learning Assessment,
statistical yearbooks,admin_linked,named area,province / region / state,unknown,2,2,True,"official statistics series, registry / administrative database","{""admin_linked"": 1, ""non_spatial"": 1}",statistical yearbooks,
statistics of industry and construction,non_spatial,no place,—,unknown,2,1,False,official statistics series,"{""non_spatial"": 2}",statistics of industry and construction,
statistics of tourism and transport,unclear,place not stated,—,unknown,2,1,True,official statistics series,"{""non_spatial"": 1, ""unclear"": 1}",statistics of tourism and transport,
statistics on social marginalization and others,unclear,place not stated,—,maybe — needs the survey's own geography,2,1,True,official statistics series,"{""non_spatial"": 1, ""unclear"": 1}",statistics on social marginalization and others,
step complaint module,non_spatial,no place,—,unknown,2,2,False,"named source, family not stated","{""non_spatial"": 2}",STEP complaint module,
subward population,admin_linked,named area,point,maybe — needs the survey's own geography,2,1,False,"household or phone survey, registry / administrative database, facility / asset / infrastructure records","{""admin_linked"": 2}",subward population data,
sunarp,unclear,place not stated,—,unknown,2,2,False,"named source, family not stated","{""unclear"": 2}",SUNARP,
sunat,unclear,place not stated,—,unknown,2,2,False,"named source, family not stated","{""unclear"": 2}",SUNAT,
supervision reports,point_geocoded,exact point,point,yes — coordinates or a layer exists,2,1,False,"named source, family not stated","{""point_geocoded"": 2}",Supervision Reports,
surveillance,admin_linked,named area,country only,maybe — needs the survey's own geography,2,2,False,facility / asset / infrastructure records,"{""admin_linked"": 2}",surveillance data,
survey and non-survey,unclear,place not stated,—,maybe — needs the survey's own geography,2,2,False,"household or phone survey, facility / asset / infrastructure records","{""unclear"": 2}",survey and non-survey data,
survey by research ict africa,admin_linked,named area,country only,maybe — needs the survey's own geography,2,2,True,household or phone survey,"{""admin_linked"": 1, ""unclear"": 1}",survey by Research ICT Africa,
survey of adult skills,non_spatial,no place,—,maybe — needs the survey's own geography,2,2,False,household or phone survey,"{""non_spatial"": 2}",Survey of Adult Skills,
survey of free zone companies,unclear,place not stated,—,no — aggregate,2,1,False,"household or phone survey, official statistics series","{""unclear"": 2}",Survey of free zone companies,
survey on access to european central bank,unclear,place not stated,—,maybe — needs the survey's own geography,2,2,True,household or phone survey,"{""unclear"": 1, ""non_spatial"": 1}",Survey on Access to European Central Bank,
survey on school management applied to wds and essi schools,unclear,place not stated,—,maybe — needs the survey's own geography,2,1,False,"household or phone survey, facility / asset / infrastructure records","{""unclear"": 2}",Survey on school management applied to WDS and ESSI schools,
surveys by pcbs,non_spatial,no place,—,maybe — needs the survey's own geography,2,2,False,household or phone survey,"{""non_spatial"": 2}",Surveys by the PCBS,
surveys of women s groups and school children,admin_linked,named area,point,maybe — needs the survey's own geography,2,1,False,"household or phone survey, facility / asset / infrastructure records","{""admin_linked"": 2}",surveys of women’s groups and school children,
susalud,unclear,place not stated,—,unknown,2,2,False,"named source, family not stated","{""unclear"": 2}",SUSALUD,
swis,unclear,place not stated,—,maybe — needs the survey's own geography,2,1,False,"named source, family not stated","{""unclear"": 2}",SWIS data,
systematic tracking of exchanges in procurement,non_spatial,no place,—,maybe — needs the survey's own geography,2,2,False,monitoring / tracking system,"{""non_spatial"": 2}",Systematic tracking of Exchanges in Procurement,
t rkiye economic monitor,admin_linked,named area,country only,maybe — needs the survey's own geography,2,1,False,"named source, family not stated","{""admin_linked"": 2}",Türkiye Economic Monitor,
takaful,unclear,place not stated,—,maybe — needs the survey's own geography,2,1,False,"household or phone survey, registry / administrative database","{""unclear"": 2}",Takaful database,
tanroads,unclear,place not stated,—,unknown,2,1,False,facility / asset / infrastructure records,"{""unclear"": 2}",TANROADS,
taxpayer satisfaction surveys,unclear,place not stated,—,maybe — needs the survey's own geography,2,1,False,household or phone survey,"{""unclear"": 2}",taxpayer satisfaction surveys,
tb patient register,admin_linked,named area,point,maybe — needs the survey's own geography,2,1,False,facility / asset / infrastructure records,"{""admin_linked"": 2}",TB Patient Register,
tcketng records,unclear,place not stated,—,yes — coordinates or a layer exists,2,1,False,"household or phone survey, mapped layer / geospatial product","{""unclear"": 2}",tcketng records,
teacher certification databases,unclear,place not stated,—,maybe — needs the survey's own geography,2,1,False,registry / administrative database,"{""unclear"": 2}",teacher certification databases,
third party,admin_linked,named area,district / sub-county,maybe — needs the survey's own geography,2,1,True,"named source, family not stated","{""non_spatial"": 1, ""admin_linked"": 1}",third party data,
ticket sales,point_geocoded,exact point,point,yes — coordinates or a layer exists,2,1,False,household or phone survey,"{""point_geocoded"": 2}",ticket sales data,
ticketing and fare card,point_geocoded,exact point,point,yes — coordinates or a layer exists,2,1,False,facility / asset / infrastructure records,"{""point_geocoded"": 2}",ticketing and fare card data,
tracer study reports and,unclear,place not stated,—,unknown,2,1,False,"named source, family not stated","{""unclear"": 2}",Tracer study reports and data,
tracking sdg7,non_spatial,no place,—,unknown,2,2,False,"registry / administrative database, monitoring / tracking system","{""non_spatial"": 2}",Tracking SDG7,
traffic data and census report,point_geocoded,exact point,point,yes — coordinates or a layer exists,2,1,False,household or phone survey,"{""point_geocoded"": 2}",traffic data and census report,
training attendance records,unclear,place not stated,—,maybe — needs the survey's own geography,2,2,False,"named source, family not stated","{""unclear"": 2}",Training attendance records,
training attendance records and capacity-building reports,unclear,place not stated,—,maybe — needs the survey's own geography,2,1,False,"household or phone survey, registry / administrative database","{""unclear"": 2}",Training attendance records and capacity-building reports,
training program reports,unclear,place not stated,—,maybe — needs the survey's own geography,2,2,True,household or phone survey,"{""non_spatial"": 1, ""unclear"": 1}",training program reports,
transport operator ridership records,point_geocoded,exact point,point,yes — coordinates or a layer exists,2,1,False,"named source, family not stated","{""point_geocoded"": 2}",Transport operator ridership records,
tuehci,unclear,place not stated,—,unknown,2,2,True,"named source, family not stated","{""non_spatial"": 1, ""unclear"": 1}",TuEHCI,
turkish red crescent (trc) livelihoods survey,admin_linked,named area,country only,maybe — needs the survey's own geography,2,2,True,household or phone survey,"{""non_spatial"": 1, ""admin_linked"": 1}",Turkish Red Crescent (TRC) Livelihoods Survey,
udhs,non_spatial,no place,—,unknown,2,1,False,facility / asset / infrastructure records,"{""non_spatial"": 2}",2016 UDHS,
uepex,unclear,place not stated,—,no — aggregate,2,1,False,"named source, family not stated","{""unclear"": 2}",UEPEX,
un population,non_spatial,no place,—,unknown,2,2,False,"named source, family not stated","{""non_spatial"": 2}",UN population data,
undb online,non_spatial,no place,—,unknown,2,2,False,"named source, family not stated","{""non_spatial"": 2}",UNDB online,
undp human development index,unclear,place not stated,—,no — aggregate,2,2,True,"named source, family not stated","{""unclear"": 1, ""non_spatial"": 1}",UNDP Human Development Index,
unemployment registry,admin_linked,named area,country only,maybe — needs the survey's own geography,2,2,True,registry / administrative database,"{""admin_linked"": 1, ""unclear"": 1}",unemployment registry,
unhcr operational data portal,admin_linked,named area,country only,maybe — needs the survey's own geography,2,2,False,"named source, family not stated","{""admin_linked"": 2}",UNHCR Operational Data Portal,
unicef global databases,unclear,place not stated,—,maybe — needs the survey's own geography,2,2,False,"household or phone survey, registry / administrative database","{""unclear"": 2}",UNICEF global databases,
united nations human development index,non_spatial,no place,—,no — aggregate,2,2,False,"named source, family not stated","{""non_spatial"": 2}",United Nations Human Development Index,
urban land records,unclear,place not stated,—,maybe — needs the survey's own geography,2,1,False,"named source, family not stated","{""unclear"": 2}",urban land records,
verification protocol table,unclear,place not stated,—,unknown,2,1,False,"named source, family not stated","{""unclear"": 2}",verification protocol table,
vietnam improved land governance and database project,point_geocoded,exact point,point,yes — coordinates or a layer exists,2,2,True,registry / administrative database,"{""point_geocoded"": 1, ""admin_linked"": 1}",Vietnam Improved Land Governance and Database Project,
village-level household registries,admin_linked,named area,local (ward/village/camp/kebele),maybe — needs the survey's own geography,2,2,False,"household or phone survey, registry / administrative database","{""admin_linked"": 2}",Village-level household registries,
vital registration system,admin_linked,named area,country only,maybe — needs the survey's own geography,2,2,False,"household or phone survey, registry / administrative database","{""admin_linked"": 2}",vital registration system,
water level/discharge data from modernized hydroposts,point_geocoded,exact point,point,yes — coordinates or a layer exists,2,1,False,"named source, family not stated","{""point_geocoded"": 2}",Water Level/Discharge Data from Modernized Hydroposts,
water resource surveys,point_geocoded,exact point,point,yes — coordinates or a layer exists,2,2,True,household or phone survey,"{""admin_linked"": 1, ""point_geocoded"": 1}",Water resource surveys,
water sector,admin_linked,named area,country only,maybe — needs the survey's own geography,2,1,False,"named source, family not stated","{""admin_linked"": 2}",water sector data,
wb enterprise survey,unclear,place not stated,—,maybe — needs the survey's own geography,2,1,False,household or phone survey,"{""unclear"": 2}",WB Enterprise Survey,
wb enterprise surveys,unclear,place not stated,—,maybe — needs the survey's own geography,2,2,False,household or phone survey,"{""unclear"": 2}",WB Enterprise Surveys,
wb global findex,non_spatial,no place,—,no — aggregate,2,2,False,"household or phone survey, official statistics series, registry / administrative database","{""non_spatial"": 2}",WB Global Findex Database,
weather,point_geocoded,exact point,point,yes — coordinates or a layer exists,2,2,True,"monitoring / tracking system, facility / asset / infrastructure records","{""point_geocoded"": 1, ""admin_linked"": 1}",weather data,
weza reports and project progress reports,non_spatial,no place,—,unknown,2,1,False,registry / administrative database,"{""non_spatial"": 2}",Weza annual reports and project progress reports,
world bank client connection,non_spatial,no place,—,unknown,2,2,False,"named source, family not stated","{""non_spatial"": 2}",World Bank Client Connection,
world bank data bank,non_spatial,no place,—,unknown,2,1,False,"named source, family not stated","{""non_spatial"": 2}",World Bank Data Bank,
world bank gender statistics,non_spatial,no place,—,unknown,2,2,False,official statistics series,"{""non_spatial"": 2}",World Bank Gender Statistics,
world bank group enterprise survey,unclear,place not stated,—,maybe — needs the survey's own geography,2,2,True,household or phone survey,"{""non_spatial"": 1, ""unclear"": 1}",World Bank Group Enterprise Survey,
world bank indicators,admin_linked,named area,country only,maybe — needs the survey's own geography,2,2,True,"named source, family not stated","{""admin_linked"": 1, ""non_spatial"": 1}",World Bank Indicators,
world bank mfmod,non_spatial,no place,—,no — aggregate,2,1,False,monitoring / tracking system,"{""non_spatial"": 2}",World Bank MFMOD data,
world development indicator,non_spatial,no place,—,unknown,2,2,False,"named source, family not stated","{""non_spatial"": 2}",World Development Indicator,
world development indicator (wdi),non_spatial,no place,—,no — aggregate,2,2,False,registry / administrative database,"{""non_spatial"": 2}",World Development Indicator (WDI) database,WDI
1 household survey,non_spatial,no place,—,maybe — needs the survey's own geography,1,1,False,household or phone survey,"{""non_spatial"": 1}",1 2018 Household Survey,
10 ramu highway study report,point_geocoded,exact point,point,yes — coordinates or a layer exists,1,1,False,"named source, family not stated","{""point_geocoded"": 1}",10 Ramu Highway Study Report,
19 bridge survey,non_spatial,no place,—,maybe — needs the survey's own geography,1,1,False,"household or phone survey, facility / asset / infrastructure records","{""non_spatial"": 1}",2018–19 bridge survey,
20182019 labor force and housing living conditions survey,unclear,place not stated,—,no — aggregate,1,1,False,"household or phone survey, official statistics series","{""unclear"": 1}",20182019 Labor Force and Housing Living Conditions Survey,
20192020 demographic and health surveys,admin_linked,named area,country only,maybe — needs the survey's own geography,1,1,False,household or phone survey,"{""admin_linked"": 1}",20192020 Demographic and Health Surveys,
38 gender inequality index,admin_linked,named area,country only,no — aggregate,1,1,False,"named source, family not stated","{""admin_linked"": 1}",38 Gender Inequality Index 2018,
6-month tracer/post-distribution monitoring (pdm) surveys,unclear,place not stated,—,maybe — needs the survey's own geography,1,1,False,"household or phone survey, monitoring / tracking system","{""unclear"": 1}",6-month tracer/post-distribution monitoring (PDM) surveys,
academic ranking of world universities,non_spatial,no place,—,unknown,1,1,False,"named source, family not stated","{""non_spatial"": 1}",Academic Ranking of World Universities,
access to finance demand side survey,unclear,place not stated,—,maybe — needs the survey's own geography,1,1,False,household or phone survey,"{""unclear"": 1}",Access to Finance Demand Side Survey,
accident database management system,point_geocoded,exact point,point,yes — coordinates or a layer exists,1,1,False,registry / administrative database,"{""point_geocoded"": 1}",Accident Database Management System,
accountability dashboard,admin_linked,named area,country only,maybe — needs the survey's own geography,1,1,False,"monitoring / tracking system, facility / asset / infrastructure records","{""admin_linked"": 1}",accountability dashboard data,
accounting and property records,non_spatial,no place,—,maybe — needs the survey's own geography,1,1,False,"named source, family not stated","{""non_spatial"": 1}",accounting and property records,
accounting records for ta,non_spatial,no place,—,maybe — needs the survey's own geography,1,1,False,"named source, family not stated","{""non_spatial"": 1}",accounting records for the TA,
accounting records in sgi and siif,non_spatial,no place,—,maybe — needs the survey's own geography,1,1,False,"named source, family not stated","{""non_spatial"": 1}",accounting records in SGI and SIIF,
acs,admin_linked,named area,country only,maybe — needs the survey's own geography,1,1,False,facility / asset / infrastructure records,"{""admin_linked"": 1}",ACS data,
activity reports from training institutions,point_geocoded,exact point,point,yes — coordinates or a layer exists,1,1,False,"named source, family not stated","{""point_geocoded"": 1}",Activity reports from training institutions,
activity tracking,unclear,place not stated,—,unknown,1,1,False,monitoring / tracking system,"{""unclear"": 1}",Activity Tracking data,
actual consumption,non_spatial,no place,—,unknown,1,1,False,"named source, family not stated","{""non_spatial"": 1}",actual consumption data,
actual statements of expenditures,non_spatial,no place,—,unknown,1,1,False,"named source, family not stated","{""non_spatial"": 1}",actual Statements of Expenditures,
adaptable human capital project,non_spatial,no place,—,unknown,1,1,False,"named source, family not stated","{""non_spatial"": 1}",Adaptable Human Capital Project,
adaptation management database system,unclear,place not stated,—,maybe — needs the survey's own geography,1,1,False,registry / administrative database,"{""unclear"": 1}",Adaptation Management Database System,
adb report,non_spatial,no place,—,unknown,1,1,False,"named source, family not stated","{""non_spatial"": 1}",ADB report,
address,admin_linked,named area,not stated,unknown,1,1,False,"named source, family not stated","{""admin_linked"": 1}",address data,
address geospatial,point_geocoded,exact point,point,yes — coordinates or a layer exists,1,1,False,"named source, family not stated","{""point_geocoded"": 1}",address geospatial data,
address registry system,admin_linked,named area,not stated,maybe — needs the survey's own geography,1,1,False,registry / administrative database,"{""admin_linked"": 1}",Address Registry system,
address-based census for,point_geocoded,exact point,point,yes — coordinates or a layer exists,1,1,False,household or phone survey,"{""point_geocoded"": 1}",address-based census for 2018,
administrative and survey,unclear,place not stated,—,maybe — needs the survey's own geography,1,1,False,household or phone survey,"{""unclear"": 1}",administrative and survey data,
administrative data (integrated mis),unclear,place not stated,—,maybe — needs the survey's own geography,1,1,False,"household or phone survey, registry / administrative database","{""unclear"": 1}",administrative data (integrated MIS),
administrative data from coremis,admin_linked,named area,district / sub-county,maybe — needs the survey's own geography,1,1,False,"household or phone survey, registry / administrative database","{""admin_linked"": 1}",Administrative data from COREMIS,
administrative data from mineduc/amie,admin_linked,named area,country only,maybe — needs the survey's own geography,1,1,False,"registry / administrative database, facility / asset / infrastructure records","{""admin_linked"": 1}",administrative data from MINEDUC/AMIE,
administrative data from minjusdh,admin_linked,named area,country only,maybe — needs the survey's own geography,1,1,False,registry / administrative database,"{""admin_linked"": 1}",administrative data from MINJUSDH,
administrative data from sube,point_geocoded,exact point,point,yes — coordinates or a layer exists,1,1,False,registry / administrative database,"{""point_geocoded"": 1}",administrative data from SUBE,
administrative data records,unclear,place not stated,—,maybe — needs the survey's own geography,1,1,False,registry / administrative database,"{""unclear"": 1}",administrative data records,
administrative or government,unclear,place not stated,—,maybe — needs the survey's own geography,1,1,False,"named source, family not stated","{""unclear"": 1}",administrative or government data,
administrative records from partner universities and tvet instit,unclear,place not stated,—,maybe — needs the survey's own geography,1,1,False,"named source, family not stated","{""unclear"": 1}",Administrative records from partner Universities and TVET institutions,
administrative records from sube,point_geocoded,exact point,point,yes — coordinates or a layer exists,1,1,False,household or phone survey,"{""point_geocoded"": 1}",administrative records from SUBE,
administrative records of cash transfer payments,admin_linked,named area,country only,maybe — needs the survey's own geography,1,1,False,household or phone survey,"{""admin_linked"": 1}",administrative records of cash transfer payments,
adult skills survey,non_spatial,no place,—,maybe — needs the survey's own geography,1,1,False,household or phone survey,"{""non_spatial"": 1}",2019 adult skills survey,
advanced education,unclear,place not stated,—,maybe — needs the survey's own geography,1,1,False,registry / administrative database,"{""unclear"": 1}",advanced education database,
aedp records,non_spatial,no place,—,maybe — needs the survey's own geography,1,1,False,facility / asset / infrastructure records,"{""non_spatial"": 1}",AEDP records,
aeo,admin_linked,named area,point,maybe — needs the survey's own geography,1,1,False,"monitoring / tracking system, facility / asset / infrastructure records","{""admin_linked"": 1}",AEO,
aerial light detecting and ranging (lidar) survey,point_geocoded,exact point,point,yes — coordinates or a layer exists,1,1,False,household or phone survey,"{""point_geocoded"": 1}",aerial Light Detecting and Ranging (LiDAR) survey,
aesa,non_spatial,no place,—,unknown,1,1,False,"named source, family not stated","{""non_spatial"": 1}",AESA,
afghanistan early warning system network,admin_linked,named area,country only,maybe — needs the survey's own geography,1,1,False,monitoring / tracking system,"{""admin_linked"": 1}",Afghanistan Early Warning System Network,
afghanistan health survey,unclear,place not stated,—,maybe — needs the survey's own geography,1,1,False,household or phone survey,"{""unclear"": 1}",2018 Afghanistan Health Survey,
afghanistan welfare monitoring survey,non_spatial,no place,—,maybe — needs the survey's own geography,1,1,False,"household or phone survey, monitoring / tracking system","{""non_spatial"": 1}",Afghanistan Welfare Monitoring Survey,
africa regional integration index,non_spatial,no place,—,no — aggregate,1,1,False,"named source, family not stated","{""non_spatial"": 1}",Africa Regional Integration Index,
africa voices foundation survey,non_spatial,no place,—,maybe — needs the survey's own geography,1,1,False,household or phone survey,"{""non_spatial"": 1}",Africa Voices Foundation survey,
afrobarometer,non_spatial,no place,—,unknown,1,1,False,"named source, family not stated","{""non_spatial"": 1}",Afrobarometer 2014/15,
afrobarometer survey,non_spatial,no place,—,maybe — needs the survey's own geography,1,1,False,household or phone survey,"{""non_spatial"": 1}",Afrobarometer survey,
ageto administrative and road asset,point_geocoded,exact point,point,yes — coordinates or a layer exists,1,1,False,"registry / administrative database, facility / asset / infrastructure records","{""point_geocoded"": 1}",AGETO administrative and road asset data,
ageto construction supervision reports,admin_linked,named area,country only,maybe — needs the survey's own geography,1,1,False,monitoring / tracking system,"{""admin_linked"": 1}",AGETO construction supervision reports,
ageto participation records,non_spatial,no place,—,maybe — needs the survey's own geography,1,1,False,facility / asset / infrastructure records,"{""non_spatial"": 1}",AGETO participation records,
aggregate administrative,admin_linked,named area,country only,maybe — needs the survey's own geography,1,1,False,registry / administrative database,"{""admin_linked"": 1}",aggregate administrative data,
aggregate administrative records,unclear,place not stated,—,maybe — needs the survey's own geography,1,1,False,registry / administrative database,"{""unclear"": 1}",aggregate administrative records,
aggregate liquidity,non_spatial,no place,—,maybe — needs the survey's own geography,1,1,False,"named source, family not stated","{""non_spatial"": 1}",Aggregate liquidity data,
aggregate statistics,non_spatial,no place,—,unknown,1,1,False,official statistics series,"{""non_spatial"": 1}",aggregate statistics,
aggregated,unclear,place not stated,—,unknown,1,1,False,"named source, family not stated","{""unclear"": 1}",aggregated data,
aggregator beneficiary registers,admin_linked,named area,country only,maybe — needs the survey's own geography,1,1,False,"named source, family not stated","{""admin_linked"": 1}",Aggregator beneficiary registers,
agreed cost tables,non_spatial,no place,—,unknown,1,1,False,"named source, family not stated","{""non_spatial"": 1}",agreed cost tables,
agri-food related surveus,unclear,place not stated,—,maybe — needs the survey's own geography,1,1,False,household or phone survey,"{""unclear"": 1}",agri-food related surveus,
agricultural,unclear,place not stated,—,maybe — needs the survey's own geography,1,1,False,"household or phone survey, official statistics series, registry / administrative database","{""unclear"": 1}",agricultural data,
agricultural actuarial,unclear,place not stated,—,unknown,1,1,False,"named source, family not stated","{""unclear"": 1}",agricultural actuarial data,
agricultural and industrial censuses,unclear,place not stated,—,maybe — needs the survey's own geography,1,1,False,household or phone survey,"{""unclear"": 1}",agricultural and industrial censuses,
agricultural census information,admin_linked,named area,country only,maybe — needs the survey's own geography,1,1,False,"household or phone survey, official statistics series","{""admin_linked"": 1}",agricultural census information,
agricultural economic survey,admin_linked,named area,country only,maybe — needs the survey's own geography,1,1,False,household or phone survey,"{""admin_linked"": 1}",Agricultural Economic Survey,
agricultural integrated survey,unclear,place not stated,—,maybe — needs the survey's own geography,1,1,False,"household or phone survey, official statistics series","{""unclear"": 1}",Agricultural Integrated Survey,
agricultural or livestock census,unclear,place not stated,—,maybe — needs the survey's own geography,1,1,False,household or phone survey,"{""unclear"": 1}",agricultural or livestock census,
agricultural productivity statistics,non_spatial,no place,—,maybe — needs the survey's own geography,1,1,False,"household or phone survey, official statistics series","{""non_spatial"": 1}",agricultural productivity statistics,
agricultural survey,unclear,place not stated,—,maybe — needs the survey's own geography,1,1,False,household or phone survey,"{""unclear"": 1}",Agricultural Survey,
agriculture census,unclear,place not stated,—,maybe — needs the survey's own geography,1,1,False,household or phone survey,"{""unclear"": 1}",agriculture census,
agriculture data,non_spatial,no place,—,unknown,1,1,False,official statistics series,"{""non_spatial"": 1}",agriculture data series,
agriculture production,admin_linked,named area,country only,maybe — needs the survey's own geography,1,1,False,"named source, family not stated","{""admin_linked"": 1}",agriculture production data,
agro-hydro-meteorological,unclear,place not stated,—,yes — coordinates or a layer exists,1,1,False,"satellite / raster / index, facility / asset / infrastructure records","{""unclear"": 1}",agro-hydro-meteorological data,
agrometeorological data from three weather stations in tajikista,point_geocoded,exact point,point,yes — coordinates or a layer exists,1,1,False,"official statistics series, facility / asset / infrastructure records","{""point_geocoded"": 1}",agrometeorological data from three weather stations in Tajikistan,
agrometeorological monitoring,admin_linked,named area,not stated,maybe — needs the survey's own geography,1,1,False,monitoring / tracking system,"{""admin_linked"": 1}",agrometeorological monitoring,
agropastoral statistical,admin_linked,named area,country only,maybe — needs the survey's own geography,1,1,False,official statistics series,"{""admin_linked"": 1}",agropastoral statistical data,
agvsan,non_spatial,no place,—,unknown,1,1,False,"named source, family not stated","{""non_spatial"": 1}",2023 AGVSAN,
aha lake area biodiversity assessments,point_geocoded,exact point,point,yes — coordinates or a layer exists,1,1,False,"named source, family not stated","{""point_geocoded"": 1}",Aha Lake area biodiversity assessments,
air pollutant emission inventory,admin_linked,named area,not stated,unknown,1,1,False,"named source, family not stated","{""admin_linked"": 1}",air pollutant emission inventory,
air quality monitoring systems,admin_linked,named area,country only,maybe — needs the survey's own geography,1,1,False,monitoring / tracking system,"{""admin_linked"": 1}",air quality monitoring systems,
albania survey,non_spatial,no place,—,maybe — needs the survey's own geography,1,1,False,household or phone survey,"{""non_spatial"": 1}",Albania survey,
alumni surveys,non_spatial,no place,—,maybe — needs the survey's own geography,1,1,False,household or phone survey,"{""non_spatial"": 1}",alumni surveys,
amen social,admin_linked,named area,country only,maybe — needs the survey's own geography,1,1,False,registry / administrative database,"{""admin_linked"": 1}",AMEN Social database,
aml/cft lists,non_spatial,no place,—,unknown,1,1,False,"named source, family not stated","{""non_spatial"": 1}",AML/CFT lists,
analog land records,point_geocoded,exact point,point,yes — coordinates or a layer exists,1,1,False,"named source, family not stated","{""point_geocoded"": 1}",analog land records,
anati,point_geocoded,exact point,point,yes — coordinates or a layer exists,1,1,False,"registry / administrative database, mapped layer / geospatial product","{""point_geocoded"": 1}",ANATI database,
anatolian steppes climate vulnerability map,point_geocoded,exact point,point,yes — coordinates or a layer exists,1,1,False,mapped layer / geospatial product,"{""point_geocoded"": 1}",Anatolian Steppes climate vulnerability map,
anbtp,non_spatial,no place,—,maybe — needs the survey's own geography,1,1,False,household or phone survey,"{""non_spatial"": 1}",ANBTP 2022,
and census,admin_linked,named area,country only,maybe — needs the survey's own geography,1,1,False,"household or phone survey, facility / asset / infrastructure records","{""admin_linked"": 1}",2025 and 2030 Census data,
and enterprise surveys,unclear,place not stated,—,maybe — needs the survey's own geography,1,1,False,"household or phone survey, registry / administrative database","{""unclear"": 1}",2013 and 2020 Enterprise Surveys,
and follow-up surveys,unclear,place not stated,—,maybe — needs the survey's own geography,1,1,False,"household or phone survey, registry / administrative database, facility / asset / infrastructure records","{""unclear"": 1}",baseline and follow-up surveys,
and project completion surveys,unclear,place not stated,—,maybe — needs the survey's own geography,1,1,False,household or phone survey,"{""unclear"": 1}",baseline and project completion surveys,
anies national household registry,unclear,place not stated,—,maybe — needs the survey's own geography,1,1,False,"household or phone survey, registry / administrative database","{""unclear"": 1}",ANIES’ national household registry,
anies pmt,admin_linked,named area,district / sub-county,maybe — needs the survey's own geography,1,1,False,"household or phone survey, registry / administrative database","{""admin_linked"": 1}",ANIES PMT Database,
annuaire statistique,admin_linked,named area,province / region / state,unknown,1,1,False,registry / administrative database,"{""admin_linked"": 1}",annuaire statistique,
anonymized,non_spatial,no place,—,unknown,1,1,False,"named source, family not stated","{""non_spatial"": 1}",anonymized data,
anonymized mobile phone,point_geocoded,exact point,point,yes — coordinates or a layer exists,1,1,False,household or phone survey,"{""point_geocoded"": 1}",anonymized mobile phone data,
anonymous online survey of 19 international and national ngo par,unclear,place not stated,—,maybe — needs the survey's own geography,1,1,False,household or phone survey,"{""unclear"": 1}",anonymous online survey of 19 international and national NGO partners,
anses,unclear,place not stated,—,no — aggregate,1,1,False,registry / administrative database,"{""unclear"": 1}",ANSES,
apo databases,non_spatial,no place,—,maybe — needs the survey's own geography,1,1,False,registry / administrative database,"{""non_spatial"": 1}",APO databases,
approved sips and m&e reports,non_spatial,no place,—,unknown,1,1,False,"named source, family not stated","{""non_spatial"": 1}",Approved SIPs and M&E reports,
apsc,admin_linked,named area,country only,maybe — needs the survey's own geography,1,1,False,official statistics series,"{""admin_linked"": 1}",APSC 2018,
aq data from kyrgyzhydromet,admin_linked,named area,country only,maybe — needs the survey's own geography,1,1,False,"named source, family not stated","{""admin_linked"": 1}",AQ data from KyrgyzHydromet,
aquastat,unclear,place not stated,—,unknown,1,1,False,"named source, family not stated","{""unclear"": 1}",Aquastat,
area enumeration and crop estimation surveys,admin_linked,named area,province / region / state,maybe — needs the survey's own geography,1,1,False,"household or phone survey, official statistics series","{""admin_linked"": 1}",area enumeration and crop estimation surveys,
argentine gdp figures for,admin_linked,named area,country only,no — aggregate,1,1,False,"named source, family not stated","{""admin_linked"": 1}",Argentine GDP figures for 2022,
armed conflict location & event data project,point_geocoded,exact point,point,yes — coordinates or a layer exists,1,1,False,"named source, family not stated","{""point_geocoded"": 1}",Armed Conflict Location & Event Data Project,
armonized survey on household living standards,non_spatial,no place,—,maybe — needs the survey's own geography,1,1,False,household or phone survey,"{""non_spatial"": 1}",armonized Survey on Household Living Standards,
arranjos populacionais,admin_linked,named area,country only,maybe — needs the survey's own geography,1,1,False,"named source, family not stated","{""admin_linked"": 1}",Arranjos populacionais,
arrivals,admin_linked,named area,not stated,unknown,1,1,False,"named source, family not stated","{""admin_linked"": 1}",2019 arrivals,
artesp commissioning records,point_geocoded,exact point,point,yes — coordinates or a layer exists,1,1,False,"named source, family not stated","{""point_geocoded"": 1}",ARTESP Commissioning Records,
artp,non_spatial,no place,—,unknown,1,1,False,"official statistics series, facility / asset / infrastructure records","{""non_spatial"": 1}",ARTP data,
as-built,unclear,place not stated,—,maybe — needs the survey's own geography,1,1,False,"named source, family not stated","{""unclear"": 1}",as-built data,
asian productivity organization (apo),non_spatial,no place,—,maybe — needs the survey's own geography,1,1,False,registry / administrative database,"{""non_spatial"": 1}",Asian Productivity Organization (APO) Database,
asiapop,admin_linked,named area,not stated,yes — coordinates or a layer exists,1,1,False,satellite / raster / index,"{""admin_linked"": 1}",AsiaPop,
assessment of women-owned sme borrowers,unclear,place not stated,—,unknown,1,1,False,"named source, family not stated","{""unclear"": 1}",Assessment of women-owned SME borrowers,
assessment stage household surveys,unclear,place not stated,—,maybe — needs the survey's own geography,1,1,False,household or phone survey,"{""unclear"": 1}",2014 Assessment Stage Household Surveys,
assessment survey,admin_linked,named area,not stated,maybe — needs the survey's own geography,1,1,False,household or phone survey,"{""admin_linked"": 1}",assessment survey,
assessments of students learning loss,non_spatial,no place,—,maybe — needs the survey's own geography,1,1,False,facility / asset / infrastructure records,"{""non_spatial"": 1}",Assessments of Students' Learning Loss,
asset and customers mapping survey,point_geocoded,exact point,point,yes — coordinates or a layer exists,1,1,False,"household or phone survey, mapped layer / geospatial product","{""point_geocoded"": 1}",Asset and Customers Mapping Survey,
asset exposures,admin_linked,named area,not stated,unknown,1,1,False,"named source, family not stated","{""admin_linked"": 1}",2013 asset exposures,
asset inventory noted dli1,admin_linked,named area,country only,maybe — needs the survey's own geography,1,1,False,"named source, family not stated","{""admin_linked"": 1}",Asset Inventory noted DLI1,
asset register,non_spatial,no place,—,unknown,1,1,False,"named source, family not stated","{""non_spatial"": 1}",asset register,
asset register records,unclear,place not stated,—,maybe — needs the survey's own geography,1,1,False,"named source, family not stated","{""unclear"": 1}",Asset Register records,
assets and inventories registers of auwssc,admin_linked,named area,country only,maybe — needs the survey's own geography,1,1,False,"named source, family not stated","{""admin_linked"": 1}",assets and inventories registers of AUWSSC,
assets register,unclear,place not stated,—,unknown,1,1,False,"named source, family not stated","{""unclear"": 1}",assets register,
assets registries,point_geocoded,exact point,point,yes — coordinates or a layer exists,1,1,False,registry / administrative database,"{""point_geocoded"": 1}",assets registries,
attendance and completion records,unclear,place not stated,—,maybe — needs the survey's own geography,1,1,False,"named source, family not stated","{""unclear"": 1}",Attendance and completion records,
attendance records,unclear,place not stated,—,maybe — needs the survey's own geography,1,1,False,household or phone survey,"{""unclear"": 1}",attendance records,
attendance registers,non_spatial,no place,—,maybe — needs the survey's own geography,1,1,False,monitoring / tracking system,"{""non_spatial"": 1}",attendance registers,
attendance sheets,non_spatial,no place,—,unknown,1,1,False,"named source, family not stated","{""non_spatial"": 1}",Attendance sheets,
attractiveness of natural assets index,non_spatial,no place,—,no — aggregate,1,1,False,"named source, family not stated","{""non_spatial"": 1}",attractiveness of natural assets index,
audit and quality inspection,unclear,place not stated,—,maybe — needs the survey's own geography,1,1,False,household or phone survey,"{""unclear"": 1}",audit and quality inspection data,
automated data transmission logs,point_geocoded,exact point,point,yes — coordinates or a layer exists,1,1,False,"named source, family not stated","{""point_geocoded"": 1}",Automated data transmission logs,
automated scheduling and gps tracking system,point_geocoded,exact point,point,maybe — needs the survey's own geography,1,1,False,monitoring / tracking system,"{""point_geocoded"": 1}",Automated Scheduling and GPS Tracking System,
automated system for customs,non_spatial,no place,—,maybe — needs the survey's own geography,1,1,False,"named source, family not stated","{""non_spatial"": 1}",Automated System for Customs Data,
availability logs,admin_linked,named area,not stated,unknown,1,1,False,"named source, family not stated","{""admin_linked"": 1}",availability logs,
avalia o de leitura nos anos iniciais,non_spatial,no place,—,unknown,1,1,False,"named source, family not stated","{""non_spatial"": 1}",Avaliação de leitura nos anos iniciais,
average air temperatures,non_spatial,no place,—,unknown,1,1,False,"named source, family not stated","{""non_spatial"": 1}",average annual air temperatures,
average daily passenger,admin_linked,named area,not stated,unknown,1,1,False,"named source, family not stated","{""admin_linked"": 1}",average annual daily passenger data,
average daily traffic,admin_linked,named area,country only,maybe — needs the survey's own geography,1,1,False,facility / asset / infrastructure records,"{""admin_linked"": 1}",annual average daily traffic,
average price data from cable co uk,non_spatial,no place,—,unknown,1,1,False,official statistics series,"{""non_spatial"": 1}",Average price data from Cable.co.uk 2021,
average spending,admin_linked,named area,not stated,unknown,1,1,False,"named source, family not stated","{""admin_linked"": 1}",average spending data,
awms,unclear,place not stated,—,maybe — needs the survey's own geography,1,1,False,household or phone survey,"{""unclear"": 1}",AWMS,
aws cloud performance reports,unclear,place not stated,—,maybe — needs the survey's own geography,1,1,False,"named source, family not stated","{""unclear"": 1}",AWS cloud performance reports,
azerenerji s quarterly progress report,point_geocoded,exact point,point,yes — coordinates or a layer exists,1,1,False,registry / administrative database,"{""point_geocoded"": 1}",Azerenerji’s quarterly progress report,
b & ldt tourism statistics,admin_linked,named area,not stated,unknown,1,1,False,official statistics series,"{""admin_linked"": 1}",B & LDT tourism statistics,
badc s administrative and m&e reports,admin_linked,named area,country only,maybe — needs the survey's own geography,1,1,False,"named source, family not stated","{""admin_linked"": 1}",BADC’s Administrative and M&E reports,
balance of payment statistics,non_spatial,no place,—,no — aggregate,1,1,False,official statistics series,"{""non_spatial"": 1}",Balance of Payment statistics,
balochistan education statistics,admin_linked,named area,country only,maybe — needs the survey's own geography,1,1,False,"household or phone survey, official statistics series","{""admin_linked"": 1}",Balochistan Education Statistics,
bangladesh agro-meteorological information system,unclear,place not stated,—,yes — coordinates or a layer exists,1,1,False,"satellite / raster / index, facility / asset / infrastructure records","{""unclear"": 1}",Bangladesh Agro-Meteorological Information System,
bangladesh expanded programme on immunization (epi) coverage eva,admin_linked,named area,country only,maybe — needs the survey's own geography,1,1,False,household or phone survey,"{""admin_linked"": 1}",2016 Bangladesh Expanded Programme on Immunization (EPI) Coverage Evaluation Survey,
bangladesh s economic census,admin_linked,named area,country only,maybe — needs the survey's own geography,1,1,False,household or phone survey,"{""admin_linked"": 1}",Bangladesh's Economic Census,
bangladesh sample vital statistic and,non_spatial,no place,—,maybe — needs the survey's own geography,1,1,False,"household or phone survey, official statistics series","{""non_spatial"": 1}",Bangladesh Sample Vital Statistic 2021 and 2019,
bangladesh tertiary education sector review,non_spatial,no place,—,unknown,1,1,False,"named source, family not stated","{""non_spatial"": 1}",Bangladesh Tertiary Education Sector Review,
bangladesh urban health survey,admin_linked,named area,urban / rural split,maybe — needs the survey's own geography,1,1,False,"household or phone survey, official statistics series","{""admin_linked"": 1}",2013 Bangladesh Urban Health Survey,
bangladesh wash poverty diagnostics,non_spatial,no place,—,unknown,1,1,False,"named source, family not stated","{""non_spatial"": 1}",Bangladesh WASH Poverty Diagnostics,
bank disbursement table,non_spatial,no place,—,unknown,1,1,False,"named source, family not stated","{""non_spatial"": 1}",Bank Disbursement Table,
bank records,non_spatial,no place,—,maybe — needs the survey's own geography,1,1,False,"named source, family not stated","{""non_spatial"": 1}",Bank records,
bank statements of gr,non_spatial,no place,—,no — aggregate,1,1,False,"named source, family not stated","{""non_spatial"": 1}",bank statements of GR,
bank statistical performance indicators,non_spatial,no place,—,unknown,1,1,False,official statistics series,"{""non_spatial"": 1}",Bank Statistical Performance Indicators,
banking statistics bulletin,non_spatial,no place,—,unknown,1,1,False,"official statistics series, monitoring / tracking system","{""non_spatial"": 1}",banking statistics bulletin,
banks world development indicators,non_spatial,no place,—,no — aggregate,1,1,False,"named source, family not stated","{""non_spatial"": 1}",Banks World Development Indicators,
barki tojik customer records,admin_linked,named area,not stated,maybe — needs the survey's own geography,1,1,False,"named source, family not stated","{""admin_linked"": 1}",BARKI Tojik customer records,
base de datos de los beneficiarios,non_spatial,no place,—,unknown,1,1,False,"named source, family not stated","{""non_spatial"": 1}",base de datos de los beneficiarios,
base de datos internacional sobre eventos de emergencia,non_spatial,no place,—,unknown,1,1,False,"named source, family not stated","{""non_spatial"": 1}",Base de Datos Internacional sobre Eventos de Emergencia,
base de datos sobre la brecha financiera,non_spatial,no place,—,unknown,1,1,False,"named source, family not stated","{""non_spatial"": 1}",Base de datos sobre la brecha financiera,
base de datos socioecon mica para am rica latina y el caribe,non_spatial,no place,—,unknown,1,1,False,"named source, family not stated","{""non_spatial"": 1}",Base de datos socioeconómica para América Latina y el Caribe,
base de donn es de la sous-pr fecture,admin_linked,named area,country only,maybe — needs the survey's own geography,1,1,False,"named source, family not stated","{""admin_linked"": 1}",base de données de la sous-préfecture,
base de donn es de s&e,point_geocoded,exact point,point,yes — coordinates or a layer exists,1,1,False,"named source, family not stated","{""point_geocoded"": 1}",base de données de S&E,
base de l anies,admin_linked,named area,country only,maybe — needs the survey's own geography,1,1,False,"named source, family not stated","{""admin_linked"": 1}",base de l’ANIES,
bases de datos,non_spatial,no place,—,unknown,1,1,False,"named source, family not stated","{""non_spatial"": 1}",bases de datos,
bases de datos del sinagerd,admin_linked,named area,country only,maybe — needs the survey's own geography,1,1,False,"named source, family not stated","{""admin_linked"": 1}",bases de datos del SINAGERD,
basic data on provinces,admin_linked,named area,province / region / state,maybe — needs the survey's own geography,1,1,False,"named source, family not stated","{""admin_linked"": 1}",Basic data on the provinces,
bdhs,admin_linked,named area,urban / rural split,maybe — needs the survey's own geography,1,1,False,household or phone survey,"{""admin_linked"": 1}",2014 BDHS,
beac report,non_spatial,no place,—,unknown,1,1,False,"named source, family not stated","{""non_spatial"": 1}",BEAC report,
before and after surveys,admin_linked,named area,country only,maybe — needs the survey's own geography,1,1,False,household or phone survey,"{""admin_linked"": 1}",before and after surveys,
belex statistics,non_spatial,no place,—,no — aggregate,1,1,False,official statistics series,"{""non_spatial"": 1}",BELEX – Annual Statistics,
belize population and housing census,admin_linked,named area,country only,maybe — needs the survey's own geography,1,1,False,household or phone survey,"{""admin_linked"": 1}",Belize 2022 Population and Housing Census,
beneficiaries,admin_linked,named area,country only,maybe — needs the survey's own geography,1,1,False,registry / administrative database,"{""admin_linked"": 1}",beneficiaries database,
beneficiaries surveys,unclear,place not stated,—,maybe — needs the survey's own geography,1,1,False,household or phone survey,"{""unclear"": 1}",Beneficiaries’ surveys,
beneficiary assessment surveys,unclear,place not stated,—,maybe — needs the survey's own geography,1,1,False,household or phone survey,"{""unclear"": 1}",beneficiary assessment surveys,
beneficiary data by nationality,unclear,place not stated,—,unknown,1,1,False,"named source, family not stated","{""unclear"": 1}",beneficiary data by nationality,
beneficiary databases,unclear,place not stated,—,maybe — needs the survey's own geography,1,1,False,registry / administrative database,"{""unclear"": 1}",beneficiary databases,
beneficiary feedback surveys,unclear,place not stated,—,maybe — needs the survey's own geography,1,1,False,household or phone survey,"{""unclear"": 1}",beneficiary feedback surveys,
beneficiary firm reports,unclear,place not stated,—,unknown,1,1,False,"named source, family not stated","{""unclear"": 1}",Beneficiary firm reports,
beneficiary perception surveys,unclear,place not stated,—,maybe — needs the survey's own geography,1,1,False,household or phone survey,"{""unclear"": 1}",beneficiary perception surveys,
beneficiary rapid feedback survey,unclear,place not stated,—,maybe — needs the survey's own geography,1,1,False,household or phone survey,"{""unclear"": 1}",beneficiary rapid feedback survey,
beneficiary registration and social screening,admin_linked,named area,country only,maybe — needs the survey's own geography,1,1,False,"household or phone survey, registry / administrative database","{""admin_linked"": 1}",Beneficiary registration and social screening data,
beneficiary registration databases,admin_linked,named area,country only,maybe — needs the survey's own geography,1,1,False,"registry / administrative database, monitoring / tracking system","{""admin_linked"": 1}",beneficiary registration databases,
beneficiary registration lists,unclear,place not stated,—,maybe — needs the survey's own geography,1,1,False,registry / administrative database,"{""unclear"": 1}",beneficiary registration lists,
beneficiary registry,unclear,place not stated,—,maybe — needs the survey's own geography,1,1,False,registry / administrative database,"{""unclear"": 1}",beneficiary registry,
beneficiary registry in somalia,admin_linked,named area,country only,maybe — needs the survey's own geography,1,1,False,registry / administrative database,"{""admin_linked"": 1}",beneficiary registry in Somalia,
beneficiary registry of social programs,unclear,place not stated,—,maybe — needs the survey's own geography,1,1,False,registry / administrative database,"{""unclear"": 1}",beneficiary registry of social programs,
beneficiary service delivery,admin_linked,named area,local (ward/village/camp/kebele),yes — coordinates or a layer exists,1,1,False,"household or phone survey, mapped layer / geospatial product","{""admin_linked"": 1}",beneficiary service delivery data,
beneficiary survey carried out by bsma,unclear,place not stated,—,maybe — needs the survey's own geography,1,1,False,household or phone survey,"{""unclear"": 1}",Beneficiary survey carried out by the BSMA,
bertha system,non_spatial,no place,—,maybe — needs the survey's own geography,1,1,False,"named source, family not stated","{""non_spatial"": 1}",Bertha System,
beza reporting,unclear,place not stated,—,unknown,1,1,False,"named source, family not stated","{""unclear"": 1}",BEZA reporting,
bhutan data system,admin_linked,named area,country only,maybe — needs the survey's own geography,1,1,False,"named source, family not stated","{""admin_linked"": 1}",Bhutan data system,
bhutan enterprise survey,unclear,place not stated,—,maybe — needs the survey's own geography,1,1,False,"household or phone survey, official statistics series","{""unclear"": 1}",Bhutan Enterprise Survey,
bi- census of health facilities,point_geocoded,exact point,point,yes — coordinates or a layer exists,1,1,False,"household or phone survey, monitoring / tracking system, facility / asset / infrastructure records","{""point_geocoded"": 1}",bi-annual census of health facilities,
biennial comprehensive impact survey,unclear,place not stated,—,maybe — needs the survey's own geography,1,1,False,household or phone survey,"{""unclear"": 1}",biennial comprehensive impact survey,
biennial household coverage surveys,unclear,place not stated,—,maybe — needs the survey's own geography,1,1,False,household or phone survey,"{""unclear"": 1}",Biennial household coverage surveys,
biennial survey,unclear,place not stated,—,maybe — needs the survey's own geography,1,1,False,household or phone survey,"{""unclear"": 1}",Biennial survey,
billed customer list,admin_linked,named area,country only,maybe — needs the survey's own geography,1,1,False,"named source, family not stated","{""admin_linked"": 1}",billed customer list,
billing and metering,unclear,place not stated,—,maybe — needs the survey's own geography,1,1,False,household or phone survey,"{""unclear"": 1}",billing and metering data,
bimonthly sample-based phone surveys,unclear,place not stated,—,maybe — needs the survey's own geography,1,1,False,household or phone survey,"{""unclear"": 1}",bimonthly sample-based phone surveys,
biodiversity,point_geocoded,exact point,point,yes — coordinates or a layer exists,1,1,False,"named source, family not stated","{""point_geocoded"": 1}",biodiversity data,
biomass survey,admin_linked,named area,not stated,maybe — needs the survey's own geography,1,1,False,household or phone survey,"{""admin_linked"": 1}",biomass survey data,
biometric beneficiary registry,unclear,place not stated,—,maybe — needs the survey's own geography,1,1,False,registry / administrative database,"{""unclear"": 1}",biometric beneficiary registry,
biometric information,non_spatial,no place,—,maybe — needs the survey's own geography,1,1,False,registry / administrative database,"{""non_spatial"": 1}",biometric information,
birth and death registry,non_spatial,no place,—,maybe — needs the survey's own geography,1,1,False,registry / administrative database,"{""non_spatial"": 1}",birth and death registry,
birth certificates,non_spatial,no place,—,maybe — needs the survey's own geography,1,1,False,"named source, family not stated","{""non_spatial"": 1}",birth certificates,
birth registration information system,unclear,place not stated,—,maybe — needs the survey's own geography,1,1,False,registry / administrative database,"{""unclear"": 1}",birth registration information system,
birth registries,non_spatial,no place,—,maybe — needs the survey's own geography,1,1,False,registry / administrative database,"{""non_spatial"": 1}",birth registries,
bishkek zelenkhoz,admin_linked,named area,country only,maybe — needs the survey's own geography,1,1,False,"named source, family not stated","{""admin_linked"": 1}",Bishkek Zelenkhoz,
bisp,unclear,place not stated,—,maybe — needs the survey's own geography,1,1,False,registry / administrative database,"{""unclear"": 1}",BISP Database,
bmu surveillance reports,point_geocoded,exact point,point,yes — coordinates or a layer exists,1,1,False,"named source, family not stated","{""point_geocoded"": 1}",BMU surveillance reports,
boletim epidemiol gico 37,non_spatial,no place,—,unknown,1,1,False,"named source, family not stated","{""non_spatial"": 1}",Boletim Epidemiológico 37,
bono juana azurdy beneficiary registry,admin_linked,named area,country only,maybe — needs the survey's own geography,1,1,False,registry / administrative database,"{""admin_linked"": 1}",Bono Juana Azurdy Beneficiary registry,
boss statistics,non_spatial,no place,—,unknown,1,1,False,official statistics series,"{""non_spatial"": 1}",BoSS statistics,
brazil country gender scorecard,non_spatial,no place,—,unknown,1,1,False,"named source, family not stated","{""non_spatial"": 1}",Brazil Country Gender Scorecard,
brazil covid-19 phone survey,admin_linked,named area,country only,maybe — needs the survey's own geography,1,1,False,household or phone survey,"{""admin_linked"": 1}",Brazil COVID-19 Phone Survey,
brazil pro-roads program event attendance lists,non_spatial,no place,—,maybe — needs the survey's own geography,1,1,False,"registry / administrative database, facility / asset / infrastructure records","{""non_spatial"": 1}",Brazil Pro-Roads Program event attendance lists,
brazilian national transportation confederation,point_geocoded,exact point,point,yes — coordinates or a layer exists,1,1,False,"named source, family not stated","{""point_geocoded"": 1}",2022 Brazilian National Transportation Confederation,
bridge inventory,admin_linked,named area,country only,maybe — needs the survey's own geography,1,1,False,"registry / administrative database, facility / asset / infrastructure records","{""admin_linked"": 1}",bridge inventory database,
broad national consumer price index,non_spatial,no place,—,no — aggregate,1,1,False,"official statistics series, facility / asset / infrastructure records","{""non_spatial"": 1}",Broad National Consumer Price Index,
budget,unclear,place not stated,—,no — aggregate,1,1,False,"named source, family not stated","{""unclear"": 1}",budget data,
budget and expenditure,admin_linked,named area,country only,yes — coordinates or a layer exists,1,1,False,mapped layer / geospatial product,"{""admin_linked"": 1}",budget and expenditure data,
budget information management system,admin_linked,named area,not stated,no — aggregate,1,1,False,"named source, family not stated","{""admin_linked"": 1}",budget information management system,
budgets,non_spatial,no place,—,no — aggregate,1,1,False,"named source, family not stated","{""non_spatial"": 1}",Budgets Data,
building register information system,point_geocoded,exact point,point,yes — coordinates or a layer exists,1,1,False,"named source, family not stated","{""point_geocoded"": 1}",Building Register information system,
built drawings and chainage records,admin_linked,named area,not stated,maybe — needs the survey's own geography,1,1,False,facility / asset / infrastructure records,"{""admin_linked"": 1}",built drawings and chainage records,
bulsho fintech platform,admin_linked,named area,country only,maybe — needs the survey's own geography,1,1,False,"named source, family not stated","{""admin_linked"": 1}",Bulsho fintech platform,
burundi displacement tracking matrix,admin_linked,named area,country only,maybe — needs the survey's own geography,1,1,False,monitoring / tracking system,"{""admin_linked"": 1}",Burundi Displacement Tracking Matrix,
burundi households survey,unclear,place not stated,—,maybe — needs the survey's own geography,1,1,False,household or phone survey,"{""unclear"": 1}",Burundi Households Survey 2020/2021,
burundi monthly economic updates,unclear,place not stated,—,unknown,1,1,False,"named source, family not stated","{""unclear"": 1}",Burundi monthly economic updates,
burundi rise country,non_spatial,no place,—,unknown,1,1,False,"named source, family not stated","{""non_spatial"": 1}",Burundi 2016 RISE country data,
burundian household s survey,admin_linked,named area,country only,maybe — needs the survey's own geography,1,1,False,household or phone survey,"{""admin_linked"": 1}",Burundian household's survey,
business and enterprise statistics,unclear,place not stated,—,maybe — needs the survey's own geography,1,1,False,"household or phone survey, official statistics series","{""unclear"": 1}",business and enterprise statistics,
business and labor force surveys,unclear,place not stated,—,maybe — needs the survey's own geography,1,1,False,"household or phone survey, official statistics series","{""unclear"": 1}",business and labor force surveys,
business and production statistics,unclear,place not stated,—,maybe — needs the survey's own geography,1,1,False,"household or phone survey, official statistics series","{""unclear"": 1}",business and production statistics,
business censuses,unclear,place not stated,—,maybe — needs the survey's own geography,1,1,False,household or phone survey,"{""unclear"": 1}",business censuses,
business economic and financial databank,unclear,place not stated,—,no — aggregate,1,1,False,"named source, family not stated","{""unclear"": 1}",Business Economic and Financial Databank,
business of state,non_spatial,no place,—,maybe — needs the survey's own geography,1,1,False,registry / administrative database,"{""non_spatial"": 1}",Business of the State database,
business pulse survey,admin_linked,named area,urban / rural split,maybe — needs the survey's own geography,1,1,False,household or phone survey,"{""admin_linked"": 1}",Business Pulse Survey,
business register of establishments,unclear,place not stated,—,maybe — needs the survey's own geography,1,1,False,"household or phone survey, official statistics series","{""unclear"": 1}",business register of establishments,
business registers,unclear,place not stated,—,unknown,1,1,False,"named source, family not stated","{""unclear"": 1}",business registers,
business registry,unclear,place not stated,—,yes — coordinates or a layer exists,1,1,False,"registry / administrative database, mapped layer / geospatial product","{""unclear"": 1}",Business Registry,
business registry record,unclear,place not stated,—,maybe — needs the survey's own geography,1,1,False,registry / administrative database,"{""unclear"": 1}",business registry record,
business registry/census,admin_linked,named area,country only,maybe — needs the survey's own geography,1,1,False,"household or phone survey, registry / administrative database","{""admin_linked"": 1}",business registry/census,
business survey,admin_linked,named area,country only,maybe — needs the survey's own geography,1,1,False,household or phone survey,"{""admin_linked"": 1}",Business Survey,
business transactions,unclear,place not stated,—,unknown,1,1,False,"named source, family not stated","{""unclear"": 1}",business transactions data,
business-ready assessment,admin_linked,named area,province / region / state,maybe — needs the survey's own geography,1,1,False,"named source, family not stated","{""admin_linked"": 1}",Business-Ready assessment,
bwdb administrative reports,unclear,place not stated,—,maybe — needs the survey's own geography,1,1,False,"named source, family not stated","{""unclear"": 1}",BWDB Administrative reports,
bwo amudarya records,unclear,place not stated,—,maybe — needs the survey's own geography,1,1,False,"named source, family not stated","{""unclear"": 1}",BWO Amudarya records,
c-kyc platform usage logs,non_spatial,no place,—,no — aggregate,1,1,False,"named source, family not stated","{""non_spatial"": 1}",c-KYC platform usage logs,
ca records,non_spatial,no place,—,maybe — needs the survey's own geography,1,1,False,"official statistics series, registry / administrative database, facility / asset / infrastructure records","{""non_spatial"": 1}",CA records,
cadaster,point_geocoded,exact point,point,yes — coordinates or a layer exists,1,1,False,"named source, family not stated","{""point_geocoded"": 1}",cadaster,
cadaster and building register,admin_linked,named area,not stated,yes — coordinates or a layer exists,1,1,False,"facility / asset / infrastructure records, mapped layer / geospatial product","{""admin_linked"": 1}",cadaster and Building Register,
cadaster and land registry information,point_geocoded,exact point,point,yes — coordinates or a layer exists,1,1,False,registry / administrative database,"{""point_geocoded"": 1}",cadaster and land registry information,
cadaster of rural land records,admin_linked,named area,urban / rural split,maybe — needs the survey's own geography,1,1,False,"named source, family not stated","{""admin_linked"": 1}",cadaster of rural land records,
cadastral and registry information,admin_linked,named area,point,yes — coordinates or a layer exists,1,1,False,registry / administrative database,"{""admin_linked"": 1}",cadastral and registry information,
cadastral basemap for all of uzbekistan,point_geocoded,exact point,point,yes — coordinates or a layer exists,1,1,False,registry / administrative database,"{""point_geocoded"": 1}",cadastral basemap for all of Uzbekistan,
cadastral information,point_geocoded,exact point,point,yes — coordinates or a layer exists,1,1,False,registry / administrative database,"{""point_geocoded"": 1}",cadastral information,
cadastral maps,point_geocoded,exact point,point,yes — coordinates or a layer exists,1,1,False,registry / administrative database,"{""point_geocoded"": 1}",Cadastral Maps,
cadastral records,point_geocoded,exact point,point,yes — coordinates or a layer exists,1,1,False,registry / administrative database,"{""point_geocoded"": 1}",cadastral records,
cadastre and land registry,point_geocoded,exact point,point,yes — coordinates or a layer exists,1,1,False,registry / administrative database,"{""point_geocoded"": 1}",cadastre and land registry,
cadastre records,point_geocoded,exact point,point,yes — coordinates or a layer exists,1,1,False,registry / administrative database,"{""point_geocoded"": 1}",cadastre records,
cadastro estadual de usu rios de recursos h dricos,admin_linked,named area,urban / rural split,yes — coordinates or a layer exists,1,1,False,registry / administrative database,"{""admin_linked"": 1}",Cadastro Estadual de Usuários de Recursos Hídricos,
cambodia gender assessment,admin_linked,named area,country only,maybe — needs the survey's own geography,1,1,False,"named source, family not stated","{""admin_linked"": 1}",Cambodia Gender Assessment,
cambodia health financing systems assessment,unclear,place not stated,—,maybe — needs the survey's own geography,1,1,False,"named source, family not stated","{""unclear"": 1}",Cambodia Health Financing Systems Assessment,
cambodia national health accounts,non_spatial,no place,—,unknown,1,1,False,"named source, family not stated","{""non_spatial"": 1}",Cambodia National Health Accounts,
cambodia nutrition project,non_spatial,no place,—,yes — coordinates or a layer exists,1,1,False,mapped layer / geospatial product,"{""non_spatial"": 1}",Cambodia Nutrition Project II,
canadian council of ministers of environment quality index,point_geocoded,exact point,point,yes — coordinates or a layer exists,1,1,False,"named source, family not stated","{""point_geocoded"": 1}",Canadian Council of Ministers of the Environment Quality Index,
canal flow monitoring,admin_linked,named area,not stated,maybe — needs the survey's own geography,1,1,False,monitoring / tracking system,"{""admin_linked"": 1}",canal flow monitoring,
capcity building and household survey,non_spatial,no place,—,maybe — needs the survey's own geography,1,1,False,household or phone survey,"{""non_spatial"": 1}",capcity building and household survey,
caqms,point_geocoded,exact point,point,yes — coordinates or a layer exists,1,1,False,monitoring / tracking system,"{""point_geocoded"": 1}",CAQMS,
car rural environmental registry,point_geocoded,exact point,point,yes — coordinates or a layer exists,1,1,False,registry / administrative database,"{""point_geocoded"": 1}",CAR Rural Environmental Registry,
carbon accounting indicators,non_spatial,no place,—,maybe — needs the survey's own geography,1,1,False,monitoring / tracking system,"{""non_spatial"": 1}",Carbon accounting indicators,
cargo manifests,non_spatial,no place,—,maybe — needs the survey's own geography,1,1,False,"named source, family not stated","{""non_spatial"": 1}",cargo manifests’ data,
caribbean air passenger traffic,non_spatial,no place,—,unknown,1,1,False,"named source, family not stated","{""non_spatial"": 1}",Caribbean air passenger traffic,
caribbean secondary education certificate grade 11 exam results,admin_linked,named area,point,maybe — needs the survey's own geography,1,1,False,facility / asset / infrastructure records,"{""admin_linked"": 1}",Caribbean Secondary Education Certificate grade 11 exam results,
casa-1000 transmission records,unclear,place not stated,—,maybe — needs the survey's own geography,1,1,False,"named source, family not stated","{""unclear"": 1}",CASA-1000 transmission records,
cash for jobs project,non_spatial,no place,—,unknown,1,1,False,"named source, family not stated","{""non_spatial"": 1}",Cash for Jobs Project,
cash transfer beneficiary databases,unclear,place not stated,—,maybe — needs the survey's own geography,1,1,False,registry / administrative database,"{""unclear"": 1}",cash transfer beneficiary databases,
catch and effort statistics,admin_linked,named area,country only,maybe — needs the survey's own geography,1,1,False,official statistics series,"{""admin_linked"": 1}",catch and effort statistics,
cause survey,admin_linked,named area,country only,maybe — needs the survey's own geography,1,1,False,household or phone survey,"{""admin_linked"": 1}",CAUSE I survey data,
cbe,point_geocoded,exact point,point,yes — coordinates or a layer exists,1,1,False,registry / administrative database,"{""point_geocoded"": 1}",CBE database,
cbmis,unclear,place not stated,—,maybe — needs the survey's own geography,1,1,False,"named source, family not stated","{""unclear"": 1}",CBMIS,
cbrt financial accounts,non_spatial,no place,—,no — aggregate,1,1,False,"named source, family not stated","{""non_spatial"": 1}",CBRT Financial Accounts,
cbsp pilot monitoring systems,unclear,place not stated,—,maybe — needs the survey's own geography,1,1,False,monitoring / tracking system,"{""unclear"": 1}",CBSP pilot monitoring systems,
cbt information databank,unclear,place not stated,—,maybe — needs the survey's own geography,1,1,False,registry / administrative database,"{""unclear"": 1}",CBT Information Databank,
cbt s credit registry,unclear,place not stated,—,maybe — needs the survey's own geography,1,1,False,registry / administrative database,"{""unclear"": 1}",CBT’s credit registry,
ccis project climate risk profile angola,non_spatial,no place,—,unknown,1,1,False,satellite / raster / index,"{""non_spatial"": 1}",CCIS Project Climate Risk Profile Angola,
ccreee energy report cards,non_spatial,no place,—,unknown,1,1,False,"named source, family not stated","{""non_spatial"": 1}",CCREEE energy report cards,
cct management information system,admin_linked,named area,country only,maybe — needs the survey's own geography,1,1,False,household or phone survey,"{""admin_linked"": 1}",CCT management information system,
cdr matrix,admin_linked,named area,not stated,unknown,1,1,False,"named source, family not stated","{""admin_linked"": 1}",CDR matrix,
ce reports,non_spatial,no place,—,unknown,1,1,False,"named source, family not stated","{""non_spatial"": 1}",CE reports,
ce reports accreditation documentation,non_spatial,no place,—,unknown,1,1,False,"named source, family not stated","{""non_spatial"": 1}",CE reports; accreditation documentation,
cedis,non_spatial,no place,—,unknown,1,1,False,"named source, family not stated","{""non_spatial"": 1}",CEDIS data,
cedis piu progress reports,non_spatial,no place,—,unknown,1,1,False,registry / administrative database,"{""non_spatial"": 1}",CEDIS PIU progress reports,
cemac report,non_spatial,no place,—,unknown,1,1,False,"named source, family not stated","{""non_spatial"": 1}",CEMAC Report,
censo de,admin_linked,named area,province / region / state,maybe — needs the survey's own geography,1,1,False,household or phone survey,"{""admin_linked"": 1}",censo de 2005,
censo de poblaci n y vivienda,admin_linked,named area,province / region / state,maybe — needs the survey's own geography,1,1,False,household or phone survey,"{""admin_linked"": 1}",Censo de Población y Vivienda,
censo nacional agropecuario,non_spatial,no place,—,no — aggregate,1,1,False,"named source, family not stated","{""non_spatial"": 1}",Censo Nacional Agropecuario 2012,
census 2,admin_linked,named area,country only,maybe — needs the survey's own geography,1,1,False,household or phone survey,"{""admin_linked"": 1}",2019 Census 2,
census and administrative,admin_linked,named area,country only,maybe — needs the survey's own geography,1,1,False,"household or phone survey, registry / administrative database","{""admin_linked"": 1}",census and administrative data,
census and categorization of all public accounts,non_spatial,no place,—,maybe — needs the survey's own geography,1,1,False,household or phone survey,"{""non_spatial"": 1}",census and categorization of all public accounts,
census and household survey,unclear,place not stated,—,maybe — needs the survey's own geography,1,1,False,"household or phone survey, official statistics series","{""unclear"": 1}",census and household survey,
census and poverty map,admin_linked,named area,country only,yes — coordinates or a layer exists,1,1,False,"household or phone survey, mapped layer / geospatial product","{""admin_linked"": 1}",2005 census and poverty map,
census and survey,non_spatial,no place,—,maybe — needs the survey's own geography,1,1,False,household or phone survey,"{""non_spatial"": 1}",census and survey data,
census and surveys,non_spatial,no place,—,maybe — needs the survey's own geography,1,1,False,household or phone survey,"{""non_spatial"": 1}",census and surveys,
census demographic profiles,admin_linked,named area,country only,maybe — needs the survey's own geography,1,1,False,household or phone survey,"{""admin_linked"": 1}",2019 Census demographic profiles,
census for malango ward,admin_linked,named area,local (ward/village/camp/kebele),maybe — needs the survey's own geography,1,1,False,household or phone survey,"{""admin_linked"": 1}",2019 census for Malango ward,
census in senegal,non_spatial,no place,—,maybe — needs the survey's own geography,1,1,False,household or phone survey,"{""non_spatial"": 1}",2013 census in Senegal,
census in timor-leste,admin_linked,named area,district / sub-county,maybe — needs the survey's own geography,1,1,False,"household or phone survey, official statistics series","{""admin_linked"": 1}",2015 Census in Timor-Leste,
census of all teachers,admin_linked,named area,not stated,maybe — needs the survey's own geography,1,1,False,"household or phone survey, facility / asset / infrastructure records","{""admin_linked"": 1}",census of all teachers,
census of buildings and parts of buildings,point_geocoded,exact point,point,yes — coordinates or a layer exists,1,1,False,household or phone survey,"{""point_geocoded"": 1}",census of buildings and parts of buildings,
census of health and social promotion centers,unclear,place not stated,—,maybe — needs the survey's own geography,1,1,False,"household or phone survey, official statistics series, registry / administrative database","{""unclear"": 1}",Census of health and social promotion centers,
census of households,unclear,place not stated,—,maybe — needs the survey's own geography,1,1,False,"household or phone survey, registry / administrative database","{""unclear"": 1}",census of new households,
census of population and housing,unclear,place not stated,—,maybe — needs the survey's own geography,1,1,False,household or phone survey,"{""unclear"": 1}",2022 Census of population and housing,
census of school key,admin_linked,named area,point,maybe — needs the survey's own geography,1,1,False,"household or phone survey, facility / asset / infrastructure records","{""admin_linked"": 1}",Census of school key,
census of schools key,admin_linked,named area,point,maybe — needs the survey's own geography,1,1,False,"household or phone survey, facility / asset / infrastructure records","{""admin_linked"": 1}",Census of schools key,
census of slums and informal settlements,admin_linked,named area,local (ward/village/camp/kebele),maybe — needs the survey's own geography,1,1,False,household or phone survey,"{""admin_linked"": 1}",census of slums and informal settlements,
census population figures,admin_linked,named area,country only,maybe — needs the survey's own geography,1,1,False,household or phone survey,"{""admin_linked"": 1}",census population figures,
census register of population and households,unclear,place not stated,—,maybe — needs the survey's own geography,1,1,False,"household or phone survey, official statistics series","{""unclear"": 1}",Census register of population and households,
census-based registry,admin_linked,named area,not stated,maybe — needs the survey's own geography,1,1,False,"household or phone survey, registry / administrative database","{""admin_linked"": 1}",census-based registry,
census/administrative population estimates,admin_linked,named area,country only,maybe — needs the survey's own geography,1,1,False,"household or phone survey, registry / administrative database","{""admin_linked"": 1}",census/administrative population estimates,
census/master plan,admin_linked,named area,country only,maybe — needs the survey's own geography,1,1,False,household or phone survey,"{""admin_linked"": 1}",2015 Census/Master Plan,
center for investment facilitation survey,unclear,place not stated,—,maybe — needs the survey's own geography,1,1,False,household or phone survey,"{""unclear"": 1}",2018 Center for Investment Facilitation survey,
central asia regional water & drought monitor,admin_linked,named area,province / region / state,maybe — needs the survey's own geography,1,1,False,"named source, family not stated","{""admin_linked"": 1}",Central Asia regional water & drought monitor,
central bank,non_spatial,no place,—,no — aggregate,1,1,False,"named source, family not stated","{""non_spatial"": 1}",Central Bank Data,
central budget management system,unclear,place not stated,—,no — aggregate,1,1,False,"named source, family not stated","{""unclear"": 1}",Central budget management system,
central sahel and liptako-gourma crisis monthly dashboard,admin_linked,named area,country only,maybe — needs the survey's own geography,1,1,False,monitoring / tracking system,"{""admin_linked"": 1}",Central Sahel and Liptako-Gourma Crisis Monthly Dashboard,
centralized personnel registry,unclear,place not stated,—,no — aggregate,1,1,False,registry / administrative database,"{""unclear"": 1}",centralized personnel registry,
centrally recorded,admin_linked,named area,urban / rural split,unknown,1,1,False,"named source, family not stated","{""admin_linked"": 1}",centrally recorded data,
cerh,admin_linked,named area,province / region / state,maybe — needs the survey's own geography,1,1,False,registry / administrative database,"{""admin_linked"": 1}",CERH,
certification and licensing registers,unclear,place not stated,—,unknown,1,1,False,"named source, family not stated","{""unclear"": 1}",Certification and licensing registers,
cfuwbes,non_spatial,no place,—,maybe — needs the survey's own geography,1,1,False,household or phone survey,"{""non_spatial"": 1}",CFUWBES,
cga,non_spatial,no place,—,unknown,1,1,False,"named source, family not stated","{""non_spatial"": 1}",CGA 2024,
change,unclear,place not stated,—,unknown,1,1,False,"named source, family not stated","{""unclear"": 1}",change data,
child and mother nutrition survey,admin_linked,named area,not stated,maybe — needs the survey's own geography,1,1,False,household or phone survey,"{""admin_linked"": 1}",Child and Mother Nutrition Survey 2012,
child immunization indicators,non_spatial,no place,—,unknown,1,1,False,"named source, family not stated","{""non_spatial"": 1}",child immunization indicators,
child protection study,non_spatial,no place,—,unknown,1,1,False,"named source, family not stated","{""non_spatial"": 1}",Child Protection Baseline Study,
child scorecard,unclear,place not stated,—,unknown,1,1,False,"named source, family not stated","{""unclear"": 1}",Child Scorecard data,
child scorecard monitoring,admin_linked,named area,country only,maybe — needs the survey's own geography,1,1,False,monitoring / tracking system,"{""admin_linked"": 1}",Child Scorecard monitoring,
chinese red list of threatened species index,unclear,place not stated,—,no — aggregate,1,1,False,"named source, family not stated","{""unclear"": 1}",Chinese Red List of Threatened Species index,
chw monthly reports,unclear,place not stated,—,maybe — needs the survey's own geography,1,1,False,"named source, family not stated","{""unclear"": 1}",CHW monthly reports,
cicl,unclear,place not stated,—,unknown,1,1,False,"named source, family not stated","{""unclear"": 1}",CICL,
citizen engagement indicators,non_spatial,no place,—,unknown,1,1,False,"named source, family not stated","{""non_spatial"": 1}",citizen engagement indicators,
citizen engagement surveys,unclear,place not stated,—,maybe — needs the survey's own geography,1,1,False,household or phone survey,"{""unclear"": 1}",citizen engagement surveys,
citizen judiciary records,non_spatial,no place,—,maybe — needs the survey's own geography,1,1,False,"named source, family not stated","{""non_spatial"": 1}",citizen judiciary records,
citizen satisfaction surveys,unclear,place not stated,—,maybe — needs the survey's own geography,1,1,False,"household or phone survey, monitoring / tracking system","{""unclear"": 1}",Citizen Satisfaction Surveys,
citizen-engagement surveys,unclear,place not stated,—,maybe — needs the survey's own geography,1,1,False,household or phone survey,"{""unclear"": 1}",citizen-engagement surveys,
citizens report cards,admin_linked,named area,not stated,unknown,1,1,False,"named source, family not stated","{""admin_linked"": 1}",citizens report cards,
citizens satisfaction surveys,admin_linked,named area,not stated,maybe — needs the survey's own geography,1,1,False,household or phone survey,"{""admin_linked"": 1}",citizens satisfaction surveys,
citizens/refugee/road user satisfaction surveys,unclear,place not stated,—,maybe — needs the survey's own geography,1,1,False,"household or phone survey, facility / asset / infrastructure records","{""unclear"": 1}",citizens/refugee/road user satisfaction surveys,
city-wide climate change vulnerability study,admin_linked,named area,country only,maybe — needs the survey's own geography,1,1,False,"named source, family not stated","{""admin_linked"": 1}",city-wide climate change vulnerability study,
civil registers,unclear,place not stated,—,unknown,1,1,False,"named source, family not stated","{""unclear"": 1}",civil registers,
civil registration & vital statistics assessment,non_spatial,no place,—,maybe — needs the survey's own geography,1,1,False,"official statistics series, registry / administrative database","{""non_spatial"": 1}",Civil Registration & Vital Statistics assessment,
civil registration and civil identification databases,non_spatial,no place,—,maybe — needs the survey's own geography,1,1,False,registry / administrative database,"{""non_spatial"": 1}",civil registration and civil identification databases,
civil registries,admin_linked,named area,point,maybe — needs the survey's own geography,1,1,False,registry / administrative database,"{""admin_linked"": 1}",civil registries,
civil servant,unclear,place not stated,—,maybe — needs the survey's own geography,1,1,False,registry / administrative database,"{""unclear"": 1}",Civil servant database,
civil service development index,admin_linked,named area,country only,no — aggregate,1,1,False,"named source, family not stated","{""admin_linked"": 1}",Civil Service Development Index,
civil works contractor reports,admin_linked,named area,not stated,unknown,1,1,False,"named source, family not stated","{""admin_linked"": 1}",Civil Works Contractor reports,
civil works contractor timesheets,non_spatial,no place,—,unknown,1,1,False,"named source, family not stated","{""non_spatial"": 1}",Civil works contractor timesheets,
classroom observation,non_spatial,no place,—,yes — coordinates or a layer exists,1,1,False,mapped layer / geospatial product,"{""non_spatial"": 1}",classroom observation data,
client,non_spatial,no place,—,unknown,1,1,False,"named source, family not stated","{""non_spatial"": 1}",client data,
client connection,unclear,place not stated,—,unknown,1,1,False,"named source, family not stated","{""unclear"": 1}",Client Connection,
climate and disaster risk,point_geocoded,exact point,point,yes — coordinates or a layer exists,1,1,False,"named source, family not stated","{""point_geocoded"": 1}",climate and disaster risk data,
climate and sectoral,admin_linked,named area,country only,maybe — needs the survey's own geography,1,1,False,"named source, family not stated","{""admin_linked"": 1}",climate and sectoral data,
climate change risk profile of croatia,national_spatial_derived,mapped / satellite,country only,unknown,1,1,False,"named source, family not stated","{""national_spatial_derived"": 1}",Climate Change Risk Profile of Croatia,
climate change vulnerability index,admin_linked,named area,country only,no — aggregate,1,1,False,"named source, family not stated","{""admin_linked"": 1}",2017 Climate Change Vulnerability Index,
climate change vulnerability maps,admin_linked,named area,country only,maybe — needs the survey's own geography,1,1,False,"named source, family not stated","{""admin_linked"": 1}",climate change vulnerability maps,
climate data platform,admin_linked,named area,country only,maybe — needs the survey's own geography,1,1,False,"named source, family not stated","{""admin_linked"": 1}",climate data platform,
climate hazard and asset,admin_linked,named area,country only,maybe — needs the survey's own geography,1,1,False,"named source, family not stated","{""admin_linked"": 1}",climate hazard and asset data,
climate related,unclear,place not stated,—,unknown,1,1,False,"named source, family not stated","{""unclear"": 1}",climate related data,
climate resilience planning for roads tool,admin_linked,named area,country only,maybe — needs the survey's own geography,1,1,False,facility / asset / infrastructure records,"{""admin_linked"": 1}",Climate Resilience Planning for Roads tool,
climate risk,admin_linked,named area,province / region / state,maybe — needs the survey's own geography,1,1,False,registry / administrative database,"{""admin_linked"": 1}",climate risk data,
climate risk index,non_spatial,no place,—,no — aggregate,1,1,False,"named source, family not stated","{""non_spatial"": 1}",Climate Risk Index,
climate risk profiles,admin_linked,named area,not stated,maybe — needs the survey's own geography,1,1,False,"satellite / raster / index, registry / administrative database","{""admin_linked"": 1}",climate risk profiles,
climate vulnerability,admin_linked,named area,country only,maybe — needs the survey's own geography,1,1,False,"named source, family not stated","{""admin_linked"": 1}",climate vulnerability data,
climate vulnerability assessments for various states,admin_linked,named area,province / region / state,maybe — needs the survey's own geography,1,1,False,"household or phone survey, facility / asset / infrastructure records","{""admin_linked"": 1}",climate vulnerability assessments for various states,
climate-informed road crash,admin_linked,named area,not stated,maybe — needs the survey's own geography,1,1,False,"registry / administrative database, facility / asset / infrastructure records","{""admin_linked"": 1}",Climate-Informed Road Crash Database,
climate/weather,non_spatial,no place,—,maybe — needs the survey's own geography,1,1,False,"named source, family not stated","{""non_spatial"": 1}",climate/weather data,
climatewatch,admin_linked,named area,country only,maybe — needs the survey's own geography,1,1,False,"named source, family not stated","{""admin_linked"": 1}",ClimateWatch,
climatic,admin_linked,named area,province / region / state,unknown,1,1,False,facility / asset / infrastructure records,"{""admin_linked"": 1}",climatic data,
cluster census,admin_linked,named area,country only,maybe — needs the survey's own geography,1,1,False,household or phone survey,"{""admin_linked"": 1}",Cluster census,
cm-hdc,non_spatial,no place,—,unknown,1,1,False,"named source, family not stated","{""non_spatial"": 1}",CM-HDC data,
cmc reports,unclear,place not stated,—,maybe — needs the survey's own geography,1,1,False,"named source, family not stated","{""unclear"": 1}",CMC reports,
cmi and usp in-house databases,unclear,place not stated,—,maybe — needs the survey's own geography,1,1,False,registry / administrative database,"{""unclear"": 1}",CMI and USP in-house databases,
cmis,unclear,place not stated,—,maybe — needs the survey's own geography,1,1,False,household or phone survey,"{""unclear"": 1}",CMIS,
cmore program,admin_linked,named area,country only,maybe — needs the survey's own geography,1,1,False,"named source, family not stated","{""admin_linked"": 1}",CMORE program,
coastal risk screening tool,point_geocoded,exact point,point,yes — coordinates or a layer exists,1,1,False,"named source, family not stated","{""point_geocoded"": 1}",Coastal Risk Screening Tool,
collection,admin_linked,named area,province / region / state,maybe — needs the survey's own geography,1,1,False,registry / administrative database,"{""admin_linked"": 1}",collection database,
comet mis,admin_linked,named area,country only,maybe — needs the survey's own geography,1,1,False,registry / administrative database,"{""admin_linked"": 1}",COMET MIS,
comet mis and fsps,unclear,place not stated,—,maybe — needs the survey's own geography,1,1,False,registry / administrative database,"{""unclear"": 1}",COMET MIS and FSPs database,
common data warehouse,non_spatial,no place,—,unknown,1,1,False,facility / asset / infrastructure records,"{""non_spatial"": 1}",common data warehouse,
community administrative,unclear,place not stated,—,maybe — needs the survey's own geography,1,1,False,"household or phone survey, official statistics series, registry / administrative database","{""unclear"": 1}",community administrative data,
community satisfaction surveys,unclear,place not stated,—,maybe — needs the survey's own geography,1,1,False,household or phone survey,"{""unclear"": 1}",Community satisfaction surveys,
community scorecard,admin_linked,named area,not stated,maybe — needs the survey's own geography,1,1,False,monitoring / tracking system,"{""admin_linked"": 1}",community scorecard,
community scorecard reports,admin_linked,named area,country only,maybe — needs the survey's own geography,1,1,False,household or phone survey,"{""admin_linked"": 1}",community scorecard reports,
comoros dhs,admin_linked,named area,country only,maybe — needs the survey's own geography,1,1,False,household or phone survey,"{""admin_linked"": 1}",Comoros DHS data,
comoros interisland connectivity project,non_spatial,no place,—,unknown,1,1,False,"named source, family not stated","{""non_spatial"": 1}",Comoros Interisland Connectivity Project,
comoros poverty assessment report,non_spatial,no place,—,unknown,1,1,False,"named source, family not stated","{""non_spatial"": 1}",Comoros Poverty Assessment Report,
comoros second agriculture census,admin_linked,named area,country only,maybe — needs the survey's own geography,1,1,False,household or phone survey,"{""admin_linked"": 1}",Comoros Second Agriculture Census,
comoros statistics project,unclear,place not stated,—,unknown,1,1,False,official statistics series,"{""unclear"": 1}",Comoros Statistics Project,
comparative price,non_spatial,no place,—,unknown,1,1,False,official statistics series,"{""non_spatial"": 1}",comparative price data,
compiled database of toxic chemicals releases,unclear,place not stated,—,maybe — needs the survey's own geography,1,1,False,registry / administrative database,"{""unclear"": 1}",compiled database of toxic chemicals releases,
complaint,admin_linked,named area,not stated,unknown,1,1,False,"named source, family not stated","{""admin_linked"": 1}",complaint data,
complete inventory of cultural heritage,point_geocoded,exact point,point,yes — coordinates or a layer exists,1,1,False,facility / asset / infrastructure records,"{""point_geocoded"": 1}",complete inventory of cultural heritage,
composite statistical capacity indicator,non_spatial,no place,—,unknown,1,1,False,official statistics series,"{""non_spatial"": 1}",composite Statistical Capacity Indicator,
comprehensive,non_spatial,no place,—,no — aggregate,1,1,False,"registry / administrative database, monitoring / tracking system","{""non_spatial"": 1}",comprehensive database,
comprehensive agricultural census,admin_linked,named area,country only,maybe — needs the survey's own geography,1,1,False,household or phone survey,"{""admin_linked"": 1}",Comprehensive Agricultural Census,
comprehensive cycle network inventory,point_geocoded,exact point,point,yes — coordinates or a layer exists,1,1,False,"named source, family not stated","{""point_geocoded"": 1}",comprehensive cycle network inventory,
comprehensive household budget survey,admin_linked,named area,country only,no — aggregate,1,1,False,household or phone survey,"{""admin_linked"": 1}",comprehensive household budget survey,
comprehensive industrial survey,unclear,place not stated,—,maybe — needs the survey's own geography,1,1,False,household or phone survey,"{""unclear"": 1}",Comprehensive Industrial Survey,
comprehensive registry of labor migrants,unclear,place not stated,—,maybe — needs the survey's own geography,1,1,False,registry / administrative database,"{""unclear"": 1}",comprehensive registry of labor migrants,
comprehensive survey,unclear,place not stated,—,maybe — needs the survey's own geography,1,1,False,household or phone survey,"{""unclear"": 1}",comprehensive baseline survey,
comsip economic inclusion implementation records,unclear,place not stated,—,maybe — needs the survey's own geography,1,1,False,"named source, family not stated","{""unclear"": 1}",COMSIP economic inclusion implementation records,
conamype - minec,non_spatial,no place,—,unknown,1,1,False,"named source, family not stated","{""non_spatial"": 1}",CONAMYPE - MINEC,
concessionaire operational reports,admin_linked,named area,not stated,unknown,1,1,False,"named source, family not stated","{""admin_linked"": 1}",Concessionaire Operational Reports,
concessionaire progress reports,point_geocoded,exact point,point,yes — coordinates or a layer exists,1,1,False,registry / administrative database,"{""point_geocoded"": 1}",Concessionaire Progress Reports,
consolidated financial,non_spatial,no place,—,no — aggregate,1,1,False,"named source, family not stated","{""non_spatial"": 1}",consolidated financial data,
consolidated fsi,non_spatial,no place,—,unknown,1,1,False,"named source, family not stated","{""non_spatial"": 1}",Consolidated FSI data,
consolidated iufrs,non_spatial,no place,—,unknown,1,1,False,"named source, family not stated","{""non_spatial"": 1}",consolidated IUFRs,
constraints to girls education study,unclear,place not stated,—,maybe — needs the survey's own geography,1,1,False,"household or phone survey, facility / asset / infrastructure records","{""unclear"": 1}",Constraints to Girls Education Study,
construction data layer,admin_linked,named area,not stated,unknown,1,1,False,mapped layer / geospatial product,"{""admin_linked"": 1}",construction data layer,
construction maintenance and expenditure,admin_linked,named area,country only,maybe — needs the survey's own geography,1,1,False,facility / asset / infrastructure records,"{""admin_linked"": 1}","construction, maintenance and expenditure data",
construction price index,non_spatial,no place,—,no — aggregate,1,1,False,official statistics series,"{""non_spatial"": 1}",construction price index,
construction progress reports,non_spatial,no place,—,unknown,1,1,False,registry / administrative database,"{""non_spatial"": 1}",Construction progress reports,
construction records,point_geocoded,exact point,point,yes — coordinates or a layer exists,1,1,False,household or phone survey,"{""point_geocoded"": 1}",construction records,
construction sector survey,unclear,place not stated,—,maybe — needs the survey's own geography,1,1,False,household or phone survey,"{""unclear"": 1}",Construction sector survey,
consultants payments tables,non_spatial,no place,—,unknown,1,1,False,"named source, family not stated","{""non_spatial"": 1}",consultants’ payments tables,
consumer and market study of kakuma,point_geocoded,exact point,point,yes — coordinates or a layer exists,1,1,False,"official statistics series, facility / asset / infrastructure records","{""point_geocoded"": 1}",2018 consumer and market study of Kakuma,
consumer confidence survey,non_spatial,no place,—,maybe — needs the survey's own geography,1,1,False,household or phone survey,"{""non_spatial"": 1}",Consumer confidence survey,
consumer price index survey,admin_linked,named area,district / sub-county,no — aggregate,1,1,False,"household or phone survey, official statistics series","{""admin_linked"": 1}",Consumer Price Index Survey,
consumer price index/ cpi,admin_linked,named area,province / region / state,no — aggregate,1,1,False,official statistics series,"{""admin_linked"": 1}",Consumer Price Index/ CPI,
consumer price statistics,non_spatial,no place,—,maybe — needs the survey's own geography,1,1,False,"official statistics series, registry / administrative database","{""non_spatial"": 1}",consumer price statistics,
consumer prices index,non_spatial,no place,—,no — aggregate,1,1,False,"household or phone survey, official statistics series","{""non_spatial"": 1}",Consumer prices index,
consumer pyramid household surveys,non_spatial,no place,—,maybe — needs the survey's own geography,1,1,False,"household or phone survey, monitoring / tracking system","{""non_spatial"": 1}",Consumer Pyramid Household Surveys,
consumption survey,unclear,place not stated,—,maybe — needs the survey's own geography,1,1,False,household or phone survey,"{""unclear"": 1}",Consumption Survey,
context- and sector-specific,unclear,place not stated,—,unknown,1,1,False,"named source, family not stated","{""unclear"": 1}",context- and sector-specific data,
continuous household survey,unclear,place not stated,—,maybe — needs the survey's own geography,1,1,False,household or phone survey,"{""unclear"": 1}",continuous household survey,
continuous multi-topic surveys,unclear,place not stated,—,maybe — needs the survey's own geography,1,1,False,household or phone survey,"{""unclear"": 1}",continuous multi-topic surveys,
continuous multipurpose household survey and household budget su,admin_linked,named area,country only,no — aggregate,1,1,False,"household or phone survey, facility / asset / infrastructure records","{""admin_linked"": 1}",Continuous Multipurpose Household Survey and Household Budget Survey,
continuous quarterly labor force survey,unclear,place not stated,—,maybe — needs the survey's own geography,1,1,False,"household or phone survey, official statistics series","{""unclear"": 1}",continuous quarterly labor force survey,
contraceptive prevalence rate,admin_linked,named area,country only,maybe — needs the survey's own geography,1,1,False,"named source, family not stated","{""admin_linked"": 1}",contraceptive prevalence rate,
contract transactions tables,non_spatial,no place,—,unknown,1,1,False,"named source, family not stated","{""non_spatial"": 1}",contract transactions tables,
contractor and dpv records,unclear,place not stated,—,maybe — needs the survey's own geography,1,1,False,"named source, family not stated","{""unclear"": 1}",contractor and DPV records,
contractor payrolls site supervision reports,non_spatial,no place,—,unknown,1,1,False,"named source, family not stated","{""non_spatial"": 1}",Contractor payrolls; site supervision reports,
contractor progress and completion reports,admin_linked,named area,not stated,unknown,1,1,False,"registry / administrative database, facility / asset / infrastructure records","{""admin_linked"": 1}",Contractor progress and completion reports,
contractor supervision records,admin_linked,named area,country only,maybe — needs the survey's own geography,1,1,False,"named source, family not stated","{""admin_linked"": 1}",contractor supervision records,
contractor workforce records,admin_linked,named area,country only,maybe — needs the survey's own geography,1,1,False,"named source, family not stated","{""admin_linked"": 1}",Contractor workforce records,
contractors progress report,admin_linked,named area,country only,maybe — needs the survey's own geography,1,1,False,registry / administrative database,"{""admin_linked"": 1}",Contractors’ progress report,
contracts register,unclear,place not stated,—,unknown,1,1,False,"named source, family not stated","{""unclear"": 1}",contracts register,
coped,unclear,place not stated,—,maybe — needs the survey's own geography,1,1,False,"named source, family not stated","{""unclear"": 1}",COPED,
copy of master plans,non_spatial,no place,—,unknown,1,1,False,"named source, family not stated","{""non_spatial"": 1}",Copy of master plans,
core welfare indicators questionnaire,unclear,place not stated,—,no — aggregate,1,1,False,household or phone survey,"{""unclear"": 1}",Core Welfare Indicators Questionnaire,
coremis enrollment and payment records,admin_linked,named area,country only,maybe — needs the survey's own geography,1,1,False,"named source, family not stated","{""admin_linked"": 1}",COREMIS enrollment and payment records,
coremis enrollment and service delivery records,unclear,place not stated,—,maybe — needs the survey's own geography,1,1,False,household or phone survey,"{""unclear"": 1}",COREMIS enrollment and service delivery records,
coremis service delivery logs,unclear,place not stated,—,maybe — needs the survey's own geography,1,1,False,registry / administrative database,"{""unclear"": 1}",COREMIS service delivery logs,
corporate,non_spatial,no place,—,maybe — needs the survey's own geography,1,1,False,registry / administrative database,"{""non_spatial"": 1}",corporate database,
corporate database and support system decision,non_spatial,no place,—,maybe — needs the survey's own geography,1,1,False,registry / administrative database,"{""non_spatial"": 1}",corporate database and support system decision,
corporate scorecard indicator,admin_linked,named area,country only,maybe — needs the survey's own geography,1,1,False,"named source, family not stated","{""admin_linked"": 1}",Corporate Scorecard Indicator,
corruption perceptions index,non_spatial,no place,—,no — aggregate,1,1,False,"named source, family not stated","{""non_spatial"": 1}",2017 Corruption Perceptions Index,
cors network,point_geocoded,exact point,point,yes — coordinates or a layer exists,1,1,False,"named source, family not stated","{""point_geocoded"": 1}",CORS network,
cost of doing business indicator,non_spatial,no place,—,unknown,1,1,False,"named source, family not stated","{""non_spatial"": 1}",Cost of Doing Business indicator,
cost of doing business survey,admin_linked,named area,country only,maybe — needs the survey's own geography,1,1,False,household or phone survey,"{""admin_linked"": 1}",Cost of Doing Business survey,
cost of pollution in china,non_spatial,no place,—,unknown,1,1,False,"named source, family not stated","{""non_spatial"": 1}",Cost of pollution in China,
country census,unclear,place not stated,—,maybe — needs the survey's own geography,1,1,False,"household or phone survey, registry / administrative database","{""unclear"": 1}",Country Census,
country climate development report,non_spatial,no place,—,unknown,1,1,False,"named source, family not stated","{""non_spatial"": 1}",Country Climate Development Report,
country gender profile on guinea-bissau,unclear,place not stated,—,unknown,1,1,False,"named source, family not stated","{""unclear"": 1}",2015 Country Gender Profile on Guinea-Bissau,
country ghg inventory,non_spatial,no place,—,unknown,1,1,False,"named source, family not stated","{""non_spatial"": 1}",country GHG inventory,
country index,non_spatial,no place,—,no — aggregate,1,1,False,"named source, family not stated","{""non_spatial"": 1}",2018 country index,
country index nd-gain index,admin_linked,named area,country only,no — aggregate,1,1,False,"named source, family not stated","{""admin_linked"": 1}",Country Index ND-GAIN Index,
country policy and institutional assessments,non_spatial,no place,—,unknown,1,1,False,"named source, family not stated","{""non_spatial"": 1}",Country Policy and Institutional Assessments,
country private sector diagnosis,admin_linked,named area,country only,maybe — needs the survey's own geography,1,1,False,"named source, family not stated","{""admin_linked"": 1}",Country Private Sector Diagnosis,
country private sector diagnostic,unclear,place not stated,—,unknown,1,1,False,"named source, family not stated","{""unclear"": 1}",Country Private Sector Diagnostic,
country returns,non_spatial,no place,—,unknown,1,1,False,"named source, family not stated","{""non_spatial"": 1}",country returns,
country-level,unclear,place not stated,—,unknown,1,1,False,"named source, family not stated","{""unclear"": 1}",country-level data,
coverage survey,unclear,place not stated,—,maybe — needs the survey's own geography,1,1,False,household or phone survey,"{""unclear"": 1}",coverage survey,
covid bps,unclear,place not stated,—,maybe — needs the survey's own geography,1,1,False,household or phone survey,"{""unclear"": 1}",Covid BPS,
covid impact evaluation,admin_linked,named area,country only,maybe — needs the survey's own geography,1,1,False,"named source, family not stated","{""admin_linked"": 1}",COVID impact evaluation,
covid-19,non_spatial,no place,—,unknown,1,1,False,"named source, family not stated","{""non_spatial"": 1}",COVID-19 data,
covid-19 business pulse survey,non_spatial,no place,—,maybe — needs the survey's own geography,1,1,False,household or phone survey,"{""non_spatial"": 1}",COVID-19 Business Pulse Survey 2020,
covid-19 data repository,admin_linked,named area,country only,maybe — needs the survey's own geography,1,1,False,"named source, family not stated","{""admin_linked"": 1}",COVID-19 Data Repository,
covid-19 firm-level microeconomic,admin_linked,named area,country only,maybe — needs the survey's own geography,1,1,False,household or phone survey,"{""admin_linked"": 1}",COVID-19 firm-level microeconomic data,
covid-19 follow up world bank enterprise survey,non_spatial,no place,—,maybe — needs the survey's own geography,1,1,False,household or phone survey,"{""non_spatial"": 1}",COVID-19 Follow Up World Bank Enterprise Survey,
covid-19 high frequency monitoring dashboard,admin_linked,named area,province / region / state,maybe — needs the survey's own geography,1,1,False,monitoring / tracking system,"{""admin_linked"": 1}",COVID-19 High Frequency Monitoring Dashboard,
covid-19 nlps,admin_linked,named area,country only,maybe — needs the survey's own geography,1,1,False,household or phone survey,"{""admin_linked"": 1}",COVID-19 NLPS,
covid-19 trends and impact survey,unclear,place not stated,—,maybe — needs the survey's own geography,1,1,False,household or phone survey,"{""unclear"": 1}",COVID-19 Trends and Impact Survey,
covid-19 vaccine,admin_linked,named area,country only,maybe — needs the survey's own geography,1,1,False,monitoring / tracking system,"{""admin_linked"": 1}",COVID-19 vaccine data,
cpi,unclear,place not stated,—,no — aggregate,1,1,False,official statistics series,"{""unclear"": 1}",CPI,
crash database system,point_geocoded,exact point,point,yes — coordinates or a layer exists,1,1,False,registry / administrative database,"{""point_geocoded"": 1}",crash database system,
crash fatality,admin_linked,named area,country only,maybe — needs the survey's own geography,1,1,False,facility / asset / infrastructure records,"{""admin_linked"": 1}",baseline annual crash fatality data,
crash statistics,admin_linked,named area,country only,maybe — needs the survey's own geography,1,1,False,"official statistics series, facility / asset / infrastructure records","{""admin_linked"": 1}",crash statistics,
crash-data system,admin_linked,named area,country only,maybe — needs the survey's own geography,1,1,False,"monitoring / tracking system, facility / asset / infrastructure records","{""admin_linked"": 1}",crash-data system,
credit bureau,unclear,place not stated,—,no — aggregate,1,1,False,"named source, family not stated","{""unclear"": 1}",credit bureau data,
credit information office (bic),non_spatial,no place,—,no — aggregate,1,1,False,registry / administrative database,"{""non_spatial"": 1}",Credit Information Office (BIC) database,
credit registry of central bank of sierra leone,unclear,place not stated,—,maybe — needs the survey's own geography,1,1,False,registry / administrative database,"{""unclear"": 1}",Credit Registry of the Central Bank of Sierra Leone,
creel surveys,unclear,place not stated,—,maybe — needs the survey's own geography,1,1,False,household or phone survey,"{""unclear"": 1}",creel surveys,
critical occupations list,unclear,place not stated,—,maybe — needs the survey's own geography,1,1,False,household or phone survey,"{""unclear"": 1}",Critical Occupations List,
crm customer list,admin_linked,named area,country only,maybe — needs the survey's own geography,1,1,False,"named source, family not stated","{""admin_linked"": 1}",CRM customer list,
cross-country,non_spatial,no place,—,unknown,1,1,False,"named source, family not stated","{""non_spatial"": 1}",cross-country data,
crvs,admin_linked,named area,country only,maybe — needs the survey's own geography,1,1,False,household or phone survey,"{""admin_linked"": 1}",CRVS,
cs-lipw timesheet and payment records,unclear,place not stated,—,maybe — needs the survey's own geography,1,1,False,"named source, family not stated","{""unclear"": 1}",CS-LIPW timesheet and payment records,
csc indicator,non_spatial,no place,—,unknown,1,1,False,"named source, family not stated","{""non_spatial"": 1}",CSC indicator,
ctp registry,unclear,place not stated,—,maybe — needs the survey's own geography,1,1,False,registry / administrative database,"{""unclear"": 1}",CTP registry,
ctvet / gtvets administrative records,admin_linked,named area,country only,maybe — needs the survey's own geography,1,1,False,official statistics series,"{""admin_linked"": 1}",CTVET / GTVETS administrative records,
cumulative human development index,admin_linked,named area,province / region / state,no — aggregate,1,1,False,"named source, family not stated","{""admin_linked"": 1}",cumulative Human Development Index,
current,non_spatial,no place,—,unknown,1,1,False,"named source, family not stated","{""non_spatial"": 1}",current data,
current administrative,unclear,place not stated,—,maybe — needs the survey's own geography,1,1,False,registry / administrative database,"{""unclear"": 1}",current administrative data,
currently existing,non_spatial,no place,—,unknown,1,1,False,facility / asset / infrastructure records,"{""non_spatial"": 1}",Currently existing data,
customer enumeration surveys,unclear,place not stated,—,maybe — needs the survey's own geography,1,1,False,household or phone survey,"{""unclear"": 1}",customer enumeration surveys,
customer satisfaction survey,unclear,place not stated,—,maybe — needs the survey's own geography,1,1,False,household or phone survey,"{""unclear"": 1}",customer satisfaction survey,
customer satisfaction surveys,unclear,place not stated,—,maybe — needs the survey's own geography,1,1,False,household or phone survey,"{""unclear"": 1}",annual customer satisfaction surveys,
customer satisfactory survey,unclear,place not stated,—,maybe — needs the survey's own geography,1,1,False,household or phone survey,"{""unclear"": 1}",customer satisfactory survey,
customer surveys,unclear,place not stated,—,maybe — needs the survey's own geography,1,1,False,household or phone survey,"{""unclear"": 1}",customer surveys,
cybersecurity study in mozambique,admin_linked,named area,country only,maybe — needs the survey's own geography,1,1,False,"named source, family not stated","{""admin_linked"": 1}",cybersecurity study in Mozambique,
dados abertos poa,non_spatial,no place,—,unknown,1,1,False,"named source, family not stated","{""non_spatial"": 1}",Dados Abertos POA,
dae s training records in mis,admin_linked,named area,country only,maybe — needs the survey's own geography,1,1,False,"named source, family not stated","{""admin_linked"": 1}",DAE’s training records in MIS,
daem spis,admin_linked,named area,country only,maybe — needs the survey's own geography,1,1,False,"named source, family not stated","{""admin_linked"": 1}",DAEM SPIS,
damage and need assessment of world bank,unclear,place not stated,—,unknown,1,1,False,"named source, family not stated","{""unclear"": 1}",Damage and Need Assessment of World Bank,
damage assessment study of giz,unclear,place not stated,—,unknown,1,1,False,"named source, family not stated","{""unclear"": 1}",Damage assessment Study of GIZ,
damage assessment/reverification,admin_linked,named area,country only,maybe — needs the survey's own geography,1,1,False,household or phone survey,"{""admin_linked"": 1}",damage assessment/reverification data,
dane,admin_linked,named area,district / sub-county,maybe — needs the survey's own geography,1,1,False,household or phone survey,"{""admin_linked"": 1}",DANE 2018,
data and information relevant to farmers,non_spatial,no place,—,unknown,1,1,False,"named source, family not stated","{""non_spatial"": 1}",data and information relevant to farmers,
data and monitoring systems,unclear,place not stated,—,maybe — needs the survey's own geography,1,1,False,monitoring / tracking system,"{""unclear"": 1}",data and monitoring systems,
data as of december 5,non_spatial,no place,—,unknown,1,1,False,"named source, family not stated","{""non_spatial"": 1}","Data as of December 5, 2022",
data as of july 1,non_spatial,no place,—,no — aggregate,1,1,False,"named source, family not stated","{""non_spatial"": 1}","Data as of July 1, 2021",
data assessing degree of damages,point_geocoded,exact point,point,yes — coordinates or a layer exists,1,1,False,household or phone survey,"{""point_geocoded"": 1}",data assessing the degree of damages,
data at oiz level,admin_linked,named area,province / region / state,unknown,1,1,False,"named source, family not stated","{""admin_linked"": 1}",data at OIZ level,
data bank of all water and sanitation interventions,admin_linked,named area,country only,maybe — needs the survey's own geography,1,1,False,"named source, family not stated","{""admin_linked"": 1}",data bank of all water and sanitation interventions,
data bank world development indicators,non_spatial,no place,—,no — aggregate,1,1,False,"named source, family not stated","{""non_spatial"": 1}",Data Bank World Development Indicators,
data collected by 911 platform,admin_linked,named area,country only,maybe — needs the survey's own geography,1,1,False,"named source, family not stated","{""admin_linked"": 1}",data collected by the 911 Platform,
data collected by cable co uk,non_spatial,no place,—,unknown,1,1,False,official statistics series,"{""non_spatial"": 1}",Data collected by Cable.co.uk,
data collected by dhs,admin_linked,named area,country only,maybe — needs the survey's own geography,1,1,False,monitoring / tracking system,"{""admin_linked"": 1}",data collected by the DHS,
data collected by ghos,admin_linked,named area,country only,maybe — needs the survey's own geography,1,1,False,"named source, family not stated","{""admin_linked"": 1}",data collected by the GHOs,
data collected by project,non_spatial,no place,—,maybe — needs the survey's own geography,1,1,False,monitoring / tracking system,"{""non_spatial"": 1}",data collected by the project,
data collected during covid-19 pandemic,unclear,place not stated,—,unknown,1,1,False,"named source, family not stated","{""unclear"": 1}",Data collected during the COVID-19 pandemic,
data collected during preparation of health and education operat,non_spatial,no place,—,unknown,1,1,False,"named source, family not stated","{""non_spatial"": 1}",data collected during the preparation of the health and education operations,
data collected for an international assessment,non_spatial,no place,—,unknown,1,1,False,"named source, family not stated","{""non_spatial"": 1}",2019 data collected for an international assessment,
data collected for trhdp,unclear,place not stated,—,unknown,1,1,False,"named source, family not stated","{""unclear"": 1}",data collected for the TRHDP baseline,
data collected from bpc,non_spatial,no place,—,unknown,1,1,False,"named source, family not stated","{""non_spatial"": 1}",data collected from BPC,
data collected from maf,admin_linked,named area,country only,maybe — needs the survey's own geography,1,1,False,"official statistics series, facility / asset / infrastructure records","{""admin_linked"": 1}",Data collected from MAF,
data collected from monitoring systems,point_geocoded,exact point,point,yes — coordinates or a layer exists,1,1,False,monitoring / tracking system,"{""point_geocoded"": 1}",data collected from monitoring systems,
data collected from national assessments,unclear,place not stated,—,unknown,1,1,False,"named source, family not stated","{""unclear"": 1}",Data collected from national assessments,
data collected from schools and un population,admin_linked,named area,point,maybe — needs the survey's own geography,1,1,False,facility / asset / infrastructure records,"{""admin_linked"": 1}",Data collected from schools and UN population data,
data collected from wuas,unclear,place not stated,—,yes — coordinates or a layer exists,1,1,False,satellite / raster / index,"{""unclear"": 1}",data collected from WUAs,
data collected in,unclear,place not stated,—,yes — coordinates or a layer exists,1,1,False,"satellite / raster / index, household or phone survey","{""unclear"": 1}",data collected in 2018,
data collected through a proactive citizen engagement mechanism,non_spatial,no place,—,unknown,1,1,False,"named source, family not stated","{""non_spatial"": 1}",data collected through a proactive citizen engagement mechanism,
data collected through employment portal,unclear,place not stated,—,maybe — needs the survey's own geography,1,1,False,registry / administrative database,"{""unclear"": 1}",data collected through the Employment Portal,
data collection from edg,non_spatial,no place,—,maybe — needs the survey's own geography,1,1,False,monitoring / tracking system,"{""non_spatial"": 1}",Data collection from EDG,
data collection from immigration authorities,unclear,place not stated,—,maybe — needs the survey's own geography,1,1,False,"household or phone survey, monitoring / tracking system","{""unclear"": 1}",data collection from immigration authorities,
data consolidated by piu,unclear,place not stated,—,unknown,1,1,False,"named source, family not stated","{""unclear"": 1}",Data consolidated by PIU,
data consolidated by piu based on survey,unclear,place not stated,—,maybe — needs the survey's own geography,1,1,False,household or phone survey,"{""unclear"": 1}",Data consolidated by PIU based on survey,
data disaggregated by gender,unclear,place not stated,—,unknown,1,1,False,"named source, family not stated","{""unclear"": 1}",data disaggregated by gender,
data entered into and produced by packages,admin_linked,named area,country only,maybe — needs the survey's own geography,1,1,False,"named source, family not stated","{""admin_linked"": 1}",data entered into and produced by the packages,
data for 21 indian cities,admin_linked,named area,country only,maybe — needs the survey's own geography,1,1,False,"named source, family not stated","{""admin_linked"": 1}",data for 21 Indian cities,
data for fuel uses for farm operation,non_spatial,no place,—,unknown,1,1,False,"named source, family not stated","{""non_spatial"": 1}",data for fuel uses for farm operation source,
data for results framework,non_spatial,no place,—,unknown,1,1,False,registry / administrative database,"{""non_spatial"": 1}",data for the Results Framework,
data for treatment success rate,admin_linked,named area,country only,maybe — needs the survey's own geography,1,1,False,"named source, family not stated","{""admin_linked"": 1}",2018 data for treatment success rate,
data from 11 out of 18 ea provinces,admin_linked,named area,province / region / state,maybe — needs the survey's own geography,1,1,False,"named source, family not stated","{""admin_linked"": 1}",data from 11 out of the 18 EA provinces,
data from a few countries,admin_linked,named area,province / region / state,maybe — needs the survey's own geography,1,1,False,"named source, family not stated","{""admin_linked"": 1}",data from a few countries,
data from a sample of health facilities,point_geocoded,exact point,point,yes — coordinates or a layer exists,1,1,False,facility / asset / infrastructure records,"{""point_geocoded"": 1}",Data from a sample of health facilities,
data from aforger,unclear,place not stated,—,unknown,1,1,False,"named source, family not stated","{""unclear"": 1}",data from AFORGER,
data from and ess,non_spatial,no place,—,unknown,1,1,False,"named source, family not stated","{""non_spatial"": 1}","data from 2013, 2015, and 2019 ESs",
data from br communes,admin_linked,named area,district / sub-county,maybe — needs the survey's own geography,1,1,False,"named source, family not stated","{""admin_linked"": 1}",Data from<br>communes,
data from br participating schools,admin_linked,named area,country only,maybe — needs the survey's own geography,1,1,False,facility / asset / infrastructure records,"{""admin_linked"": 1}",data from<br>participating schools,
data from brazilian health system,admin_linked,named area,country only,maybe — needs the survey's own geography,1,1,False,"named source, family not stated","{""admin_linked"": 1}",Data from Brazilian Health System,
data from c-kyc platform,non_spatial,no place,—,unknown,1,1,False,"named source, family not stated","{""non_spatial"": 1}",data from the c-KYC platform,
data from community biodiversity and wildlife monitoring initiat,admin_linked,named area,not stated,maybe — needs the survey's own geography,1,1,False,monitoring / tracking system,"{""admin_linked"": 1}",data from community biodiversity and wildlife monitoring initiatives,
data from current road 16,unclear,place not stated,—,unknown,1,1,False,facility / asset / infrastructure records,"{""unclear"": 1}",Data from current road 16,
data from cy2016,admin_linked,named area,country only,maybe — needs the survey's own geography,1,1,False,"named source, family not stated","{""admin_linked"": 1}",data from CY2016,
data from databases,unclear,place not stated,—,maybe — needs the survey's own geography,1,1,False,registry / administrative database,"{""unclear"": 1}",data from databases,
data from developers,unclear,place not stated,—,maybe — needs the survey's own geography,1,1,False,household or phone survey,"{""unclear"": 1}",data from developers,
data from director of infectious disease clinic,point_geocoded,exact point,point,yes — coordinates or a layer exists,1,1,False,facility / asset / infrastructure records,"{""point_geocoded"": 1}",Data from the Director of Infectious Disease Clinic,
data from division of human services and family affairs,non_spatial,no place,—,unknown,1,1,False,"named source, family not stated","{""non_spatial"": 1}",data from the Division of Human Services and Family Affairs,
data from evds,non_spatial,no place,—,maybe — needs the survey's own geography,1,1,False,facility / asset / infrastructure records,"{""non_spatial"": 1}",data from EVDS,
data from federal council of engineering,non_spatial,no place,—,unknown,1,1,False,"named source, family not stated","{""non_spatial"": 1}",data from the Federal Council of Engineering,
data from forum hub,non_spatial,no place,—,unknown,1,1,False,"named source, family not stated","{""non_spatial"": 1}",Data from Forum Hub,
data from gou,admin_linked,named area,country only,maybe — needs the survey's own geography,1,1,False,monitoring / tracking system,"{""admin_linked"": 1}",data from the GoU,
data from grade 6 in,admin_linked,named area,point,maybe — needs the survey's own geography,1,1,False,facility / asset / infrastructure records,"{""admin_linked"": 1}",data from grade 6 in 2014,
data from health facilities,point_geocoded,exact point,point,yes — coordinates or a layer exists,1,1,False,facility / asset / infrastructure records,"{""point_geocoded"": 1}",Data from health facilities,
data from household books,admin_linked,named area,country only,maybe — needs the survey's own geography,1,1,False,"household or phone survey, facility / asset / infrastructure records","{""admin_linked"": 1}",data from Household Books,
data from interministerial cooridnation unit,unclear,place not stated,—,unknown,1,1,False,"named source, family not stated","{""unclear"": 1}",data from the interministerial cooridnation unit,
data from international labor organization,unclear,place not stated,—,unknown,1,1,False,"named source, family not stated","{""unclear"": 1}",data from the International Labor Organization,
data from international university rankings,unclear,place not stated,—,unknown,1,1,False,"named source, family not stated","{""unclear"": 1}",Data from international university rankings,
data from itu,non_spatial,no place,—,unknown,1,1,False,official statistics series,"{""non_spatial"": 1}",data from the ITU,
data from june on vaccine hesitancy,non_spatial,no place,—,unknown,1,1,False,"named source, family not stated","{""non_spatial"": 1}",data from June 2021 on vaccine hesitancy,
data from local welfare offices,admin_linked,named area,country only,maybe — needs the survey's own geography,1,1,False,"named source, family not stated","{""admin_linked"": 1}",data from the local welfare offices,
data from manufacturing firms,non_spatial,no place,—,maybe — needs the survey's own geography,1,1,False,registry / administrative database,"{""non_spatial"": 1}",data from manufacturing firms,
data from meys,non_spatial,no place,—,unknown,1,1,False,"named source, family not stated","{""non_spatial"": 1}",data from MEYS,
data from moee,non_spatial,no place,—,unknown,1,1,False,official statistics series,"{""non_spatial"": 1}",data from MOEE,
data from moh,admin_linked,named area,country only,maybe — needs the survey's own geography,1,1,False,"named source, family not stated","{""admin_linked"": 1}",data from the MoH,
data from mopt,admin_linked,named area,country only,maybe — needs the survey's own geography,1,1,False,facility / asset / infrastructure records,"{""admin_linked"": 1}",data from MOPT,
data from naci n servicios,unclear,place not stated,—,unknown,1,1,False,"named source, family not stated","{""unclear"": 1}",data from Nación Servicios,
data from national bank of romania,admin_linked,named area,country only,no — aggregate,1,1,False,"named source, family not stated","{""admin_linked"": 1}",Data from the National Bank of Romania,
data from national bank of tajikistan,non_spatial,no place,—,unknown,1,1,False,"named source, family not stated","{""non_spatial"": 1}",data from the National Bank of Tajikistan,
data from national regulator (anatel),unclear,place not stated,—,unknown,1,1,False,"named source, family not stated","{""unclear"": 1}",Data from the National Regulator (ANATEL),
data from nhd pilot,unclear,place not stated,—,unknown,1,1,False,"named source, family not stated","{""unclear"": 1}",data from the NHD pilot,
data from numbeo,admin_linked,named area,country only,maybe — needs the survey's own geography,1,1,False,"named source, family not stated","{""admin_linked"": 1}",Data from Numbeo,
data from old age allowance,non_spatial,no place,—,unknown,1,1,False,"named source, family not stated","{""non_spatial"": 1}",data from the Old Age Allowance,
data from ongoing and surveys,non_spatial,no place,—,maybe — needs the survey's own geography,1,1,False,household or phone survey,"{""non_spatial"": 1}",data from ongoing and recent surveys,
data from online site 108jobs,non_spatial,no place,—,no — aggregate,1,1,False,"named source, family not stated","{""non_spatial"": 1}",data from the online site 108jobs,
data from pakistan council of research in water resources,non_spatial,no place,—,unknown,1,1,False,"named source, family not stated","{""non_spatial"": 1}",Data from the Pakistan Council of Research in Water Resources,
data from progress report from dfr,non_spatial,no place,—,unknown,1,1,False,registry / administrative database,"{""non_spatial"": 1}",Data from the progress report from DFR,
data from public sector partner entities,admin_linked,named area,country only,maybe — needs the survey's own geography,1,1,False,registry / administrative database,"{""admin_linked"": 1}",data from public sector partner entities,
data from regional and provincial pmos,admin_linked,named area,province / region / state,maybe — needs the survey's own geography,1,1,False,monitoring / tracking system,"{""admin_linked"": 1}",data from the Regional and Provincial PMOs,
data from sefin,non_spatial,no place,—,unknown,1,1,False,registry / administrative database,"{""non_spatial"": 1}",data from SEFIN,
data from spot checks and impact evaluations,unclear,place not stated,—,unknown,1,1,False,"named source, family not stated","{""unclear"": 1}",data from spot checks and impact evaluations,
data from ssi and ra,unclear,place not stated,—,maybe — needs the survey's own geography,1,1,False,"named source, family not stated","{""unclear"": 1}",data from the SSI and RA,
data from st-rsu,unclear,place not stated,—,unknown,1,1,False,"named source, family not stated","{""unclear"": 1}",data from the ST-RSU,
data from sto,non_spatial,no place,—,unknown,1,1,False,"named source, family not stated","{""non_spatial"": 1}",data from STO,
data from thrasher et al,unclear,place not stated,—,yes — coordinates or a layer exists,1,1,False,mapped layer / geospatial product,"{""unclear"": 1}",data from Thrasher et al,
data from three consecutive wbg ess,unclear,place not stated,—,maybe — needs the survey's own geography,1,1,False,household or phone survey,"{""unclear"": 1}",data from three consecutive WBG ESs,
data from training provider,unclear,place not stated,—,unknown,1,1,False,"named source, family not stated","{""unclear"": 1}",data from the training provider,
data from turkish bankers association,non_spatial,no place,—,unknown,1,1,False,"named source, family not stated","{""non_spatial"": 1}",data from the Turkish Bankers’ Association,
data from uss,non_spatial,no place,—,unknown,1,1,False,registry / administrative database,"{""non_spatial"": 1}",data from USS,
data from waste company/operators,unclear,place not stated,—,unknown,1,1,False,registry / administrative database,"{""unclear"": 1}",data from waste company/operators,
data from wb es,unclear,place not stated,—,maybe — needs the survey's own geography,1,1,False,household or phone survey,"{""unclear"": 1}",data from WB ES,
data from world,admin_linked,named area,country only,maybe — needs the survey's own geography,1,1,False,"named source, family not stated","{""admin_linked"": 1}",data from the World,
data from world bank world development indicators,non_spatial,no place,—,no — aggregate,1,1,False,"named source, family not stated","{""non_spatial"": 1}",Data from World Bank World Development Indicators,
data gathered by city,point_geocoded,exact point,point,yes — coordinates or a layer exists,1,1,False,"named source, family not stated","{""point_geocoded"": 1}",Data gathered by the city,
data generated by integrated emis,admin_linked,named area,urban / rural split,unknown,1,1,False,official statistics series,"{""admin_linked"": 1}",data generated by the integrated EMIS,
data generated from face-to-face meetings,admin_linked,named area,country only,maybe — needs the survey's own geography,1,1,False,"named source, family not stated","{""admin_linked"": 1}",data generated from face-to-face meetings,
data generated through country operations,non_spatial,no place,—,unknown,1,1,False,"named source, family not stated","{""non_spatial"": 1}",data generated through country operations,
data in sips/ superate,admin_linked,named area,country only,maybe — needs the survey's own geography,1,1,False,registry / administrative database,"{""admin_linked"": 1}",data in SIPS/ SUPERATE,
data obtained from customs service,non_spatial,no place,—,unknown,1,1,False,"named source, family not stated","{""non_spatial"": 1}",Data obtained from Customs Service,
data of active public servants,admin_linked,named area,not stated,maybe — needs the survey's own geography,1,1,False,"named source, family not stated","{""admin_linked"": 1}",data of active public servants,
data of beneficiaries loans,non_spatial,no place,—,unknown,1,1,False,"named source, family not stated","{""non_spatial"": 1}","data of beneficiaries, loans",
data of each year last quarter,non_spatial,no place,—,no — aggregate,1,1,False,"named source, family not stated","{""non_spatial"": 1}",Data of each year last quarter,
data of national statistical committee,non_spatial,no place,—,unknown,1,1,False,"official statistics series, facility / asset / infrastructure records","{""non_spatial"": 1}",data of National Statistical Committee,
data of these two corridors,admin_linked,named area,country only,maybe — needs the survey's own geography,1,1,False,"named source, family not stated","{""admin_linked"": 1}",data of these two corridors,
data on agricultural productivity and yield,admin_linked,named area,country only,maybe — needs the survey's own geography,1,1,False,registry / administrative database,"{""admin_linked"": 1}",Data on agricultural productivity and yield,
data on areas vulnerability levels,admin_linked,named area,country only,maybe — needs the survey's own geography,1,1,False,household or phone survey,"{""admin_linked"": 1}",data on the areas’ vulnerability levels,
data on buildings and individual units,point_geocoded,exact point,point,yes — coordinates or a layer exists,1,1,False,"named source, family not stated","{""point_geocoded"": 1}",data on buildings and individual units,
data on cases and deaths,admin_linked,named area,country only,maybe — needs the survey's own geography,1,1,False,"named source, family not stated","{""admin_linked"": 1}",Data on cases and deaths,
data on catch and fishing effort,point_geocoded,exact point,point,yes — coordinates or a layer exists,1,1,False,official statistics series,"{""point_geocoded"": 1}",data on catch and fishing effort,
data on command area of each scheme,admin_linked,named area,country only,maybe — needs the survey's own geography,1,1,False,"named source, family not stated","{""admin_linked"": 1}",data on the command area of each scheme,
data on digital literacy,admin_linked,named area,country only,maybe — needs the survey's own geography,1,1,False,"named source, family not stated","{""admin_linked"": 1}",data on digital literacy,
data on drivers of deforestation in pas,admin_linked,named area,not stated,unknown,1,1,False,facility / asset / infrastructure records,"{""admin_linked"": 1}",data on drivers of deforestation in PAs,
data on education institutions and students,admin_linked,named area,country only,maybe — needs the survey's own geography,1,1,False,official statistics series,"{""admin_linked"": 1}",data on education institutions and students,
data on enrollment rates,non_spatial,no place,—,unknown,1,1,False,"named source, family not stated","{""non_spatial"": 1}",Data on enrollment rates,
data on foreign trade,non_spatial,no place,—,no — aggregate,1,1,False,"named source, family not stated","{""non_spatial"": 1}",data on foreign trade,
data on formal working status and wages,non_spatial,no place,—,unknown,1,1,False,"named source, family not stated","{""non_spatial"": 1}",data on formal working status and wages,
data on hotspots,point_geocoded,exact point,point,yes — coordinates or a layer exists,1,1,False,"named source, family not stated","{""point_geocoded"": 1}",Data on Hotspots,
data on irrigation water supply,admin_linked,named area,country only,maybe — needs the survey's own geography,1,1,False,"named source, family not stated","{""admin_linked"": 1}",data on irrigation water supply,
data on key performance indicators for primary systems,admin_linked,named area,country only,maybe — needs the survey's own geography,1,1,False,"named source, family not stated","{""admin_linked"": 1}",Data on key performance indicators for primary systems,
data on m&e and other poverty assessment,unclear,place not stated,—,maybe — needs the survey's own geography,1,1,False,"household or phone survey, official statistics series","{""unclear"": 1}",data on M&E and other poverty assessment,
data on module development and teacher training,unclear,place not stated,—,maybe — needs the survey's own geography,1,1,False,"named source, family not stated","{""unclear"": 1}",Data on module development and teacher training,
data on municipalities population,admin_linked,named area,district / sub-county,unknown,1,1,False,"named source, family not stated","{""admin_linked"": 1}",Data on municipalities population,
data on npls,non_spatial,no place,—,unknown,1,1,False,"named source, family not stated","{""non_spatial"": 1}",data on NPLs,
data on pap beneficiaries,non_spatial,no place,—,unknown,1,1,False,"named source, family not stated","{""non_spatial"": 1}",data on PAP beneficiaries,
data on performance,admin_linked,named area,country only,yes — coordinates or a layer exists,1,1,False,facility / asset / infrastructure records,"{""admin_linked"": 1}",data on performance,
data on private projects,unclear,place not stated,—,unknown,1,1,False,"named source, family not stated","{""unclear"": 1}",data on private projects,
data on private sector earnings by sector,unclear,place not stated,—,unknown,1,1,False,"named source, family not stated","{""unclear"": 1}",data on private sector earnings by sector,
data on reception classes,unclear,place not stated,—,maybe — needs the survey's own geography,1,1,False,"household or phone survey, facility / asset / infrastructure records","{""unclear"": 1}",data on reception classes,
data on referrals,admin_linked,named area,country only,maybe — needs the survey's own geography,1,1,False,"named source, family not stated","{""admin_linked"": 1}",data on referrals,
data on remuneration histories on uniformed personnel,non_spatial,no place,—,unknown,1,1,False,"named source, family not stated","{""non_spatial"": 1}",Data on remuneration histories on uniformed personnel,
data on school upgradation,admin_linked,named area,point,maybe — needs the survey's own geography,1,1,False,"official statistics series, facility / asset / infrastructure records","{""admin_linked"": 1}",Data on school upgradation,
data on services provided,non_spatial,no place,—,unknown,1,1,False,"named source, family not stated","{""non_spatial"": 1}",data on services provided,
data on seven shared states,admin_linked,named area,province / region / state,maybe — needs the survey's own geography,1,1,False,household or phone survey,"{""admin_linked"": 1}",data on the seven shared states,
data on social cohesion,non_spatial,no place,—,unknown,1,1,False,"named source, family not stated","{""non_spatial"": 1}",data on social cohesion,
data on status of fisheries,admin_linked,named area,country only,maybe — needs the survey's own geography,1,1,False,"named source, family not stated","{""admin_linked"": 1}",data on the status of fisheries,
data on students climate vulnerability,unclear,place not stated,—,unknown,1,1,False,"named source, family not stated","{""unclear"": 1}",Data on students’ climate vulnerability,
data on taveuni,admin_linked,named area,country only,maybe — needs the survey's own geography,1,1,False,"named source, family not stated","{""admin_linked"": 1}",baseline data on Taveuni,
data on technical loss reduction,point_geocoded,exact point,point,yes — coordinates or a layer exists,1,1,False,"named source, family not stated","{""point_geocoded"": 1}",data on technical loss reduction,
data on tsa beneficiaries and persons with disability,non_spatial,no place,—,maybe — needs the survey's own geography,1,1,False,registry / administrative database,"{""non_spatial"": 1}",data on TSA beneficiaries and persons with disability,
data on vaccination and covid-19,unclear,place not stated,—,unknown,1,1,False,"named source, family not stated","{""unclear"": 1}",data on vaccination and COVID-19,
data on wages and pensions,non_spatial,no place,—,unknown,1,1,False,"named source, family not stated","{""non_spatial"": 1}",Data on wages and pensions,
data on water infrastructures,point_geocoded,exact point,point,yes — coordinates or a layer exists,1,1,False,"named source, family not stated","{""point_geocoded"": 1}",data on water infrastructures,
data on women s entrepreneurship,admin_linked,named area,country only,maybe — needs the survey's own geography,1,1,False,"named source, family not stated","{""admin_linked"": 1}",data on women’s entrepreneurship,
data on women s shelter usage,unclear,place not stated,—,unknown,1,1,False,"named source, family not stated","{""unclear"": 1}",data on women’s shelter usage,
data produced under component 3,admin_linked,named area,province / region / state,maybe — needs the survey's own geography,1,1,False,"named source, family not stated","{""admin_linked"": 1}",Data produced under Component 3,
data provided by ministry of agriculture,point_geocoded,exact point,point,yes — coordinates or a layer exists,1,1,False,"named source, family not stated","{""point_geocoded"": 1}",data provided by Ministry of Agriculture,
data provided by state government,admin_linked,named area,province / region / state,maybe — needs the survey's own geography,1,1,False,"named source, family not stated","{""admin_linked"": 1}",data provided by the state government,
data published in december,admin_linked,named area,country only,maybe — needs the survey's own geography,1,1,False,"named source, family not stated","{""admin_linked"": 1}",data published in December 2020,
data received from ministry of health and social welfare,non_spatial,no place,—,unknown,1,1,False,"named source, family not stated","{""non_spatial"": 1}",Data received from Ministry of Health and Social Welfare,
data received from rga,non_spatial,no place,—,unknown,1,1,False,"named source, family not stated","{""non_spatial"": 1}",Data received from RGA,
data references provided to brazilian context,non_spatial,no place,—,unknown,1,1,False,"named source, family not stated","{""non_spatial"": 1}",data references provided to the Brazilian context,
data related to all social protection interventions,non_spatial,no place,—,unknown,1,1,False,"named source, family not stated","{""non_spatial"": 1}",data related to all social protection interventions,
data related to component indicators,non_spatial,no place,—,unknown,1,1,False,"named source, family not stated","{""non_spatial"": 1}",data related to the component indicators,
data related to formal labor market,non_spatial,no place,—,unknown,1,1,False,"official statistics series, facility / asset / infrastructure records","{""non_spatial"": 1}",data related to the formal labor market,
data related to migration,non_spatial,no place,—,unknown,1,1,False,"official statistics series, facility / asset / infrastructure records","{""non_spatial"": 1}",data related to migration,
data related to prsf,unclear,place not stated,—,unknown,1,1,False,"named source, family not stated","{""unclear"": 1}",data related to the PRSF,
data reported by firms,non_spatial,no place,—,unknown,1,1,False,"named source, family not stated","{""non_spatial"": 1}",Data reported by firms,
data reported by mhf,non_spatial,no place,—,unknown,1,1,False,"named source, family not stated","{""non_spatial"": 1}",data reported by MHF,
data shared by auwssc,admin_linked,named area,country only,no — aggregate,1,1,False,"named source, family not stated","{""admin_linked"": 1}",data shared by AUWSSC,
data shared by private operator,non_spatial,no place,—,unknown,1,1,False,"named source, family not stated","{""non_spatial"": 1}",Data shared by the private operator,
data stored at cfed,unclear,place not stated,—,unknown,1,1,False,"named source, family not stated","{""unclear"": 1}",data stored at CFED,
data submissions from field,unclear,place not stated,—,unknown,1,1,False,registry / administrative database,"{""unclear"": 1}",data submissions from the field,
data/ covid dashboard,admin_linked,named area,country only,maybe — needs the survey's own geography,1,1,False,monitoring / tracking system,"{""admin_linked"": 1}",data/ COVID Dashboard,
database and mapping available,point_geocoded,exact point,point,yes — coordinates or a layer exists,1,1,False,"registry / administrative database, mapped layer / geospatial product","{""point_geocoded"": 1}",database and mapping available,
database created under component 1,unclear,place not stated,—,maybe — needs the survey's own geography,1,1,False,registry / administrative database,"{""unclear"": 1}",database created under Component 1,
database for social security contributions,unclear,place not stated,—,maybe — needs the survey's own geography,1,1,False,registry / administrative database,"{""unclear"": 1}",database for social security contributions,
database of all turkish firms,admin_linked,named area,province / region / state,maybe — needs the survey's own geography,1,1,False,registry / administrative database,"{""admin_linked"": 1}",database of all Turkish firms,
database of arrears by health care facility,admin_linked,named area,point,maybe — needs the survey's own geography,1,1,False,registry / administrative database,"{""admin_linked"": 1}",database of arrears by health care facility,
database of gbv service providers,point_geocoded,exact point,point,yes — coordinates or a layer exists,1,1,False,registry / administrative database,"{""point_geocoded"": 1}",database of GBV Service Providers,
database of households,unclear,place not stated,—,maybe — needs the survey's own geography,1,1,False,"household or phone survey, registry / administrative database, facility / asset / infrastructure records","{""unclear"": 1}",database of households,
database of idps/conasur,unclear,place not stated,—,maybe — needs the survey's own geography,1,1,False,registry / administrative database,"{""unclear"": 1}",database of IDPs/CONASUR,
database of oiz authority,admin_linked,named area,province / region / state,maybe — needs the survey's own geography,1,1,False,registry / administrative database,"{""admin_linked"": 1}",database of the OIZ authority,
database of performance,non_spatial,no place,—,maybe — needs the survey's own geography,1,1,False,registry / administrative database,"{""non_spatial"": 1}",database of performance data,
database of poor households,unclear,place not stated,—,maybe — needs the survey's own geography,1,1,False,"household or phone survey, registry / administrative database","{""unclear"": 1}",database of poor households,
database of real estate register,admin_linked,named area,not stated,maybe — needs the survey's own geography,1,1,False,registry / administrative database,"{""admin_linked"": 1}",database of the real estate register,
database of tax committee,unclear,place not stated,—,maybe — needs the survey's own geography,1,1,False,registry / administrative database,"{""unclear"": 1}",database of the Tax Committee,
database of teachers and community health workers,admin_linked,named area,country only,maybe — needs the survey's own geography,1,1,False,registry / administrative database,"{""admin_linked"": 1}",database of teachers and community health workers,
database of universal health insurance,unclear,place not stated,—,maybe — needs the survey's own geography,1,1,False,registry / administrative database,"{""unclear"": 1}",database of universal health insurance,
database of vacancies,non_spatial,no place,—,maybe — needs the survey's own geography,1,1,False,registry / administrative database,"{""non_spatial"": 1}",database of vacancies,
database of workers,non_spatial,no place,—,maybe — needs the survey's own geography,1,1,False,registry / administrative database,"{""non_spatial"": 1}",database of workers,
database on grievances,non_spatial,no place,—,maybe — needs the survey's own geography,1,1,False,registry / administrative database,"{""non_spatial"": 1}",database on grievances,
database on persons with disabilities,non_spatial,no place,—,maybe — needs the survey's own geography,1,1,False,registry / administrative database,"{""non_spatial"": 1}",database on persons with disabilities,
database provided by qian yue,non_spatial,no place,—,maybe — needs the survey's own geography,1,1,False,registry / administrative database,"{""non_spatial"": 1}",database provided by Qian Yue,
databases from state secretary of education secretariat,admin_linked,named area,point,maybe — needs the survey's own geography,1,1,False,"registry / administrative database, facility / asset / infrastructure records","{""admin_linked"": 1}",databases from the State Secretary of Education Secretariat,
databases of participants in previous inapem programs,unclear,place not stated,—,maybe — needs the survey's own geography,1,1,False,registry / administrative database,"{""unclear"": 1}",databases of participants in previous INAPEM programs,
databases on land quality and fertility,admin_linked,named area,country only,maybe — needs the survey's own geography,1,1,False,registry / administrative database,"{""admin_linked"": 1}",databases on land quality and fertility,
datos administrativos,unclear,place not stated,—,unknown,1,1,False,"named source, family not stated","{""unclear"": 1}",datos administrativos,
datos de 1 3 millones de hogares,admin_linked,named area,country only,maybe — needs the survey's own geography,1,1,False,"named source, family not stated","{""admin_linked"": 1}",datos de 1.3 millones de hogares,
datos de hogares,unclear,place not stated,—,unknown,1,1,False,"named source, family not stated","{""unclear"": 1}",datos de hogares,
datos de l nea de base,unclear,place not stated,—,unknown,1,1,False,"named source, family not stated","{""unclear"": 1}",datos de línea de base,
datos de la eph,unclear,place not stated,—,unknown,1,1,False,"named source, family not stated","{""unclear"": 1}",datos de la EPH,
datos de las tarifas,unclear,place not stated,—,unknown,1,1,False,"named source, family not stated","{""unclear"": 1}",datos de las tarifas,
datos de monitoreo de los tres principales organismos de supervi,admin_linked,named area,not stated,maybe — needs the survey's own geography,1,1,False,monitoring / tracking system,"{""admin_linked"": 1}",datos de monitoreo de los tres principales organismos de supervisión,
datos de seguimiento de los tres organismos,unclear,place not stated,—,unknown,1,1,False,"named source, family not stated","{""unclear"": 1}",datos de seguimiento de los tres organismos,
datos del nucvr,admin_linked,named area,not stated,maybe — needs the survey's own geography,1,1,False,registry / administrative database,"{""admin_linked"": 1}",datos del NUCVR,
datos georreferenciados de los emplazamientos,point_geocoded,exact point,point,yes — coordinates or a layer exists,1,1,False,mapped layer / geospatial product,"{""point_geocoded"": 1}",datos georreferenciados de los emplazamientos,
db indicator,non_spatial,no place,—,unknown,1,1,False,"named source, family not stated","{""non_spatial"": 1}",DB indicator,
dcd mis,admin_linked,named area,country only,maybe — needs the survey's own geography,1,1,False,"named source, family not stated","{""admin_linked"": 1}",DCD MIS,
dcgf audited financial statements,non_spatial,no place,—,no — aggregate,1,1,False,"named source, family not stated","{""non_spatial"": 1}",DCGF audited financial statements,
dcgf ict department reports,non_spatial,no place,—,unknown,1,1,False,"named source, family not stated","{""non_spatial"": 1}",DCGF ICT Department reports,
dcgf partnership registry and mous,non_spatial,no place,—,maybe — needs the survey's own geography,1,1,False,registry / administrative database,"{""non_spatial"": 1}",DCGF partnership registry and MoUs,
ddm administrative reports,admin_linked,named area,point,maybe — needs the survey's own geography,1,1,False,"named source, family not stated","{""admin_linked"": 1}",DDM Administrative reports,
de vie en mauritanie,unclear,place not stated,—,unknown,1,1,False,"named source, family not stated","{""unclear"": 1}",de Vie en Mauritanie_,
debt bulletin,non_spatial,no place,—,no — aggregate,1,1,False,monitoring / tracking system,"{""non_spatial"": 1}",Annual Debt Bulletin,
debt registration logs from dmfas 7,non_spatial,no place,—,no — aggregate,1,1,False,registry / administrative database,"{""non_spatial"": 1}",debt registration logs from DMFAS 7,
deds,unclear,place not stated,—,unknown,1,1,False,"named source, family not stated","{""unclear"": 1}",DEDs,
delivery,point_geocoded,exact point,point,yes — coordinates or a layer exists,1,1,False,facility / asset / infrastructure records,"{""point_geocoded"": 1}",delivery data,
deltares,admin_linked,named area,not stated,unknown,1,1,False,"named source, family not stated","{""admin_linked"": 1}",Deltares,
demographic and family health survey,admin_linked,named area,country only,maybe — needs the survey's own geography,1,1,False,household or phone survey,"{""admin_linked"": 1}",Demographic and Family Health Survey,
demographic and health surveys,unclear,place not stated,—,maybe — needs the survey's own geography,1,1,False,household or phone survey,"{""unclear"": 1}",Demographic and Health Surveys,
demographic and household survey,unclear,place not stated,—,maybe — needs the survey's own geography,1,1,False,household or phone survey,"{""unclear"": 1}",Demographic and Household Survey,
demographic and poverty,unclear,place not stated,—,unknown,1,1,False,"named source, family not stated","{""unclear"": 1}",demographic and poverty data,
demographic and socioeconomic,admin_linked,named area,country only,maybe — needs the survey's own geography,1,1,False,"named source, family not stated","{""admin_linked"": 1}",demographic and socioeconomic data,
demographic health survey,unclear,place not stated,—,maybe — needs the survey's own geography,1,1,False,"household or phone survey, official statistics series","{""unclear"": 1}",2016 Demographic Health Survey,
demographic health survey haiti,admin_linked,named area,country only,maybe — needs the survey's own geography,1,1,False,"household or phone survey, official statistics series, monitoring / tracking system","{""admin_linked"": 1}",Demographic Health Survey Haiti 2016-2017,
demographic information,non_spatial,no place,—,unknown,1,1,False,"named source, family not stated","{""non_spatial"": 1}",demographic information,
demographic projections,admin_linked,named area,country only,maybe — needs the survey's own geography,1,1,False,"named source, family not stated","{""admin_linked"": 1}",demographic projections,
department of education (deped),unclear,place not stated,—,maybe — needs the survey's own geography,1,1,False,facility / asset / infrastructure records,"{""unclear"": 1}",Department of Education (DepEd) data,
deped basic education facilities,admin_linked,named area,point,maybe — needs the survey's own geography,1,1,False,facility / asset / infrastructure records,"{""admin_linked"": 1}",DepEd Basic Education Facilities Data,
deposit insurance fund target ratio,non_spatial,no place,—,unknown,1,1,False,"named source, family not stated","{""non_spatial"": 1}",Deposit Insurance Fund Target Ratio,
deprivation and vulnerability index,non_spatial,no place,—,no — aggregate,1,1,False,household or phone survey,"{""non_spatial"": 1}",Deprivation and Vulnerability Index,
der-se,non_spatial,no place,—,unknown,1,1,False,"named source, family not stated","{""non_spatial"": 1}",DER-SE,
desert locust early response system,unclear,place not stated,—,maybe — needs the survey's own geography,1,1,False,"named source, family not stated","{""unclear"": 1}",Desert Locust Early Response System,
desert locust on-farm impact monitoring system,unclear,place not stated,—,maybe — needs the survey's own geography,1,1,False,monitoring / tracking system,"{""unclear"": 1}",Desert Locust On-Farm Impact Monitoring System,
desert locust onfarm impact monitoring system,unclear,place not stated,—,maybe — needs the survey's own geography,1,1,False,"monitoring / tracking system, facility / asset / infrastructure records","{""unclear"": 1}",Desert Locust OnFarm Impact Monitoring System,
detailed information and data on tariffs and debts,non_spatial,no place,—,no — aggregate,1,1,False,"named source, family not stated","{""non_spatial"": 1}",detailed information and data on tariffs and debts,
detailed inventory of all pops,admin_linked,named area,country only,maybe — needs the survey's own geography,1,1,False,"named source, family not stated","{""admin_linked"": 1}",detailed inventory of all POPs,
detailed multi-purpose household survey,admin_linked,named area,local (ward/village/camp/kebele),maybe — needs the survey's own geography,1,1,False,household or phone survey,"{""admin_linked"": 1}",detailed multi-purpose household survey,
detailed records of affected locations and people,admin_linked,named area,country only,maybe — needs the survey's own geography,1,1,False,"named source, family not stated","{""admin_linked"": 1}",detailed records of affected locations and people,
detailed topographic survey,point_geocoded,exact point,point,yes — coordinates or a layer exists,1,1,False,household or phone survey,"{""point_geocoded"": 1}",detailed topographic survey,
development data partnership,non_spatial,no place,—,unknown,1,1,False,"named source, family not stated","{""non_spatial"": 1}",Development Data Partnership,
dgess school reports,admin_linked,named area,point,maybe — needs the survey's own geography,1,1,False,facility / asset / infrastructure records,"{""admin_linked"": 1}",DGESS school reports,
dgsf administrative records,unclear,place not stated,—,maybe — needs the survey's own geography,1,1,False,"named source, family not stated","{""unclear"": 1}",DGSF administrative records,
dhis,unclear,place not stated,—,unknown,1,1,False,"named source, family not stated","{""unclear"": 1}",DHIS,
dhis2 covid-19 surveillance metadata package,non_spatial,no place,—,unknown,1,1,False,"named source, family not stated","{""non_spatial"": 1}",DHIS2 COVID-19 surveillance metadata package,
dhis2 data system,admin_linked,named area,country only,maybe — needs the survey's own geography,1,1,False,"named source, family not stated","{""admin_linked"": 1}",DHIS2 data system,
dhis2 reports,admin_linked,named area,point,maybe — needs the survey's own geography,1,1,False,"named source, family not stated","{""admin_linked"": 1}",DHIS2 reports,
dhs and mini-dhs,unclear,place not stated,—,unknown,1,1,False,"named source, family not stated","{""unclear"": 1}",DHS 2016 and Mini-DHS 2019,
dhs2021,unclear,place not stated,—,maybe — needs the survey's own geography,1,1,False,household or phone survey,"{""unclear"": 1}",DHS2021,
diagnostic of administrative records,unclear,place not stated,—,maybe — needs the survey's own geography,1,1,False,"named source, family not stated","{""unclear"": 1}",diagnostic of administrative records,
diagnostic of jfr,non_spatial,no place,—,unknown,1,1,False,"named source, family not stated","{""non_spatial"": 1}",baseline diagnostic of the JFR,
dib-1 employment rates,admin_linked,named area,country only,maybe — needs the survey's own geography,1,1,False,"named source, family not stated","{""admin_linked"": 1}",DIB-1 employment rates,
dietary diversity of women,non_spatial,no place,—,unknown,1,1,False,"named source, family not stated","{""non_spatial"": 1}",Dietary diversity of women,
differentiated registry for tspgs,unclear,place not stated,—,maybe — needs the survey's own geography,1,1,False,registry / administrative database,"{""unclear"": 1}",differentiated registry for TSPGs,
digital administrative,non_spatial,no place,—,maybe — needs the survey's own geography,1,1,False,registry / administrative database,"{""non_spatial"": 1}",digital administrative data,
digital cadastre,admin_linked,named area,not stated,yes — coordinates or a layer exists,1,1,False,registry / administrative database,"{""admin_linked"": 1}",digital cadastre,
digital content registry,unclear,place not stated,—,maybe — needs the survey's own geography,1,1,False,registry / administrative database,"{""unclear"": 1}",digital content registry,
digital economy assessment,non_spatial,no place,—,unknown,1,1,False,"named source, family not stated","{""non_spatial"": 1}",2020 Digital Economy Assessment,
digital economy country diagnostic,non_spatial,no place,—,unknown,1,1,False,"named source, family not stated","{""non_spatial"": 1}",Digital Economy Country Diagnostic,
digital ecosystem development index,non_spatial,no place,—,no — aggregate,1,1,False,"named source, family not stated","{""non_spatial"": 1}",digital ecosystem development index,
digital education readiness assessment,non_spatial,no place,—,maybe — needs the survey's own geography,1,1,False,"named source, family not stated","{""non_spatial"": 1}",Digital Education Readiness Assessment,
digital farm and farmer registry,admin_linked,named area,province / region / state,maybe — needs the survey's own geography,1,1,False,registry / administrative database,"{""admin_linked"": 1}",digital farm and farmer registry,
digital federated states of micronesia project,non_spatial,no place,—,unknown,1,1,False,"named source, family not stated","{""non_spatial"": 1}",Digital Federated States of Micronesia Project,
digital gabon project,non_spatial,no place,—,unknown,1,1,False,"named source, family not stated","{""non_spatial"": 1}",Digital Gabon Project,
digital infrastructure supervision reports,unclear,place not stated,—,unknown,1,1,False,"named source, family not stated","{""unclear"": 1}",Digital Infrastructure supervision reports,
digital miss,unclear,place not stated,—,maybe — needs the survey's own geography,1,1,False,"named source, family not stated","{""unclear"": 1}",digital MISs,
digital national master,unclear,place not stated,—,maybe — needs the survey's own geography,1,1,False,registry / administrative database,"{""unclear"": 1}",digital national master database,
digital registry,admin_linked,named area,country only,maybe — needs the survey's own geography,1,1,False,registry / administrative database,"{""admin_linked"": 1}",digital registry,
digital registry for covid-19 vaccination,admin_linked,named area,country only,maybe — needs the survey's own geography,1,1,False,registry / administrative database,"{""admin_linked"": 1}",digital registry for COVID-19 vaccination,
digital registry of program beneficiaries,unclear,place not stated,—,maybe — needs the survey's own geography,1,1,False,registry / administrative database,"{""unclear"": 1}",digital registry of program beneficiaries,
digital registry with geo-coordinates,admin_linked,named area,point,yes — coordinates or a layer exists,1,1,False,registry / administrative database,"{""admin_linked"": 1}",digital registry with geo-coordinates,
digital s o tom and pr ncipe,non_spatial,no place,—,unknown,1,1,False,"named source, family not stated","{""non_spatial"": 1}",Digital São Tomé and Príncipe,
digital senegal for inclusive growth report,non_spatial,no place,—,unknown,1,1,False,"named source, family not stated","{""non_spatial"": 1}",Digital Senegal for Inclusive Growth Report,
digital skills assessment and feasibility study,unclear,place not stated,—,unknown,1,1,False,"named source, family not stated","{""unclear"": 1}",digital skills assessment and feasibility study,
digital soil maps,point_geocoded,exact point,point,yes — coordinates or a layer exists,1,1,False,"named source, family not stated","{""point_geocoded"": 1}",digital soil maps,
digitally enabled periodic surveys,unclear,place not stated,—,maybe — needs the survey's own geography,1,1,False,household or phone survey,"{""unclear"": 1}",digitally enabled periodic surveys,
digitized cadastral and geospatial,point_geocoded,exact point,point,yes — coordinates or a layer exists,1,1,False,registry / administrative database,"{""point_geocoded"": 1}",digitized cadastral and geospatial data,
digitized locational,point_geocoded,exact point,point,yes — coordinates or a layer exists,1,1,False,"named source, family not stated","{""point_geocoded"": 1}",digitized locational data,
diploma and examination registers,non_spatial,no place,—,unknown,1,1,False,"official statistics series, registry / administrative database","{""non_spatial"": 1}",diploma and examination registers,
direct field,point_geocoded,exact point,point,yes — coordinates or a layer exists,1,1,False,"named source, family not stated","{""point_geocoded"": 1}",direct field data,
disaggregated survey,unclear,place not stated,—,maybe — needs the survey's own geography,1,1,False,household or phone survey,"{""unclear"": 1}",disaggregated survey data,
disaster and climate action tracker tool,admin_linked,named area,country only,maybe — needs the survey's own geography,1,1,False,"named source, family not stated","{""admin_linked"": 1}",Disaster and Climate Action Tracker tool,
disaster loss,non_spatial,no place,—,maybe — needs the survey's own geography,1,1,False,registry / administrative database,"{""non_spatial"": 1}",disaster loss data,
disbursement records,unclear,place not stated,—,maybe — needs the survey's own geography,1,1,False,registry / administrative database,"{""unclear"": 1}",disbursement records,
disbursement records for start-up support,unclear,place not stated,—,no — aggregate,1,1,False,"named source, family not stated","{""unclear"": 1}",disbursement records for start-up support,
dise in education,admin_linked,named area,country only,maybe — needs the survey's own geography,1,1,False,official statistics series,"{""admin_linked"": 1}",DISE in education,
disease and health service delivery,point_geocoded,exact point,point,yes — coordinates or a layer exists,1,1,False,"named source, family not stated","{""point_geocoded"": 1}",disease and health service delivery data,
disease control priority 3,unclear,place not stated,—,yes — coordinates or a layer exists,1,1,False,"official statistics series, mapped layer / geospatial product","{""unclear"": 1}",Disease Control Priority 3,
displacement surveys,admin_linked,named area,country only,maybe — needs the survey's own geography,1,1,False,"household or phone survey, registry / administrative database","{""admin_linked"": 1}",displacement surveys,
displacement tracking matrix,point_geocoded,exact point,point,yes — coordinates or a layer exists,1,1,False,monitoring / tracking system,"{""point_geocoded"": 1}",Displacement Tracking Matrix,
distribution utilities databases,non_spatial,no place,—,maybe — needs the survey's own geography,1,1,False,registry / administrative database,"{""non_spatial"": 1}",distribution utilities databases,
district council attendance and works completion reports,admin_linked,named area,district / sub-county,maybe — needs the survey's own geography,1,1,False,"named source, family not stated","{""admin_linked"": 1}",district council attendance and works completion reports,
district council works completion reports,admin_linked,named area,district / sub-county,unknown,1,1,False,"named source, family not stated","{""admin_linked"": 1}",district council works completion reports,
district health information system version 2,admin_linked,named area,district / sub-county,maybe — needs the survey's own geography,1,1,False,official statistics series,"{""admin_linked"": 1}",District Health Information System version 2,
district health information system-2,admin_linked,named area,district / sub-county,maybe — needs the survey's own geography,1,1,False,official statistics series,"{""admin_linked"": 1}",District Health Information System-2,
district health management information system 2,admin_linked,named area,district / sub-county,maybe — needs the survey's own geography,1,1,False,"named source, family not stated","{""admin_linked"": 1}",District Health Management Information System 2,
district level household survey-4,admin_linked,named area,district / sub-county,maybe — needs the survey's own geography,1,1,False,household or phone survey,"{""admin_linked"": 1}",District Level Household Survey-4,
district service delivery capacity assessment study,unclear,place not stated,—,unknown,1,1,False,"named source, family not stated","{""unclear"": 1}",District Service Delivery Capacity Assessment Study,
district- and country-level household data from national surveys,admin_linked,named area,district / sub-county,maybe — needs the survey's own geography,1,1,False,household or phone survey,"{""admin_linked"": 1}",district- and country-level household data from national surveys,
ditjen dukcapil s administrative,unclear,place not stated,—,maybe — needs the survey's own geography,1,1,False,registry / administrative database,"{""unclear"": 1}",Ditjen Dukcapil’s administrative data,
djibouti household survey / social indicators,unclear,place not stated,—,maybe — needs the survey's own geography,1,1,False,household or phone survey,"{""unclear"": 1}",Djibouti Household Survey / Social Indicators,
djibouti poverty assessment,admin_linked,named area,country only,maybe — needs the survey's own geography,1,1,False,"named source, family not stated","{""admin_linked"": 1}",2019 Djibouti Poverty Assessment,
dmfas 6 or 7,non_spatial,no place,—,no — aggregate,1,1,False,monitoring / tracking system,"{""non_spatial"": 1}",DMFAS 6 or 7,
dmfas 7 reports,non_spatial,no place,—,no — aggregate,1,1,False,monitoring / tracking system,"{""non_spatial"": 1}",DMFAS 7 reports,
dmfas 7 system-generated reports,non_spatial,no place,—,maybe — needs the survey's own geography,1,1,False,monitoring / tracking system,"{""non_spatial"": 1}",DMFAS 7 system-generated reports,
dns data network,non_spatial,no place,—,maybe — needs the survey's own geography,1,1,False,"official statistics series, registry / administrative database","{""non_spatial"": 1}",DNS data network,
dnv and police reports,unclear,place not stated,—,unknown,1,1,False,"named source, family not stated","{""unclear"": 1}",DNV and police reports,
doe disclosure records,non_spatial,no place,—,maybe — needs the survey's own geography,1,1,False,"named source, family not stated","{""non_spatial"": 1}",DOE disclosure records,
doenv s central,unclear,place not stated,—,maybe — needs the survey's own geography,1,1,False,registry / administrative database,"{""unclear"": 1}",DoEnv’s central database,
doh-eb,unclear,place not stated,—,maybe — needs the survey's own geography,1,1,False,registry / administrative database,"{""unclear"": 1}",DOH-EB,
doing business getting credit score,non_spatial,no place,—,unknown,1,1,False,"named source, family not stated","{""non_spatial"": 1}",Doing Business Getting Credit score,
doing business index,admin_linked,named area,country only,no — aggregate,1,1,False,"named source, family not stated","{""admin_linked"": 1}",Doing Business Index,
doing business reform road map assessment,unclear,place not stated,—,yes — coordinates or a layer exists,1,1,False,"facility / asset / infrastructure records, mapped layer / geospatial product","{""unclear"": 1}",Doing Business Reform Road Map Assessment,
dol land information,admin_linked,named area,not stated,yes — coordinates or a layer exists,1,1,False,registry / administrative database,"{""admin_linked"": 1}",DOL Land Information,
dol/monre,unclear,place not stated,—,unknown,1,1,False,"named source, family not stated","{""unclear"": 1}",DOL/MONRE,
donn es des manifestes,non_spatial,no place,—,unknown,1,1,False,"named source, family not stated","{""non_spatial"": 1}",données des manifestes,
donn es des manifestes de fret,non_spatial,no place,—,unknown,1,1,False,"named source, family not stated","{""non_spatial"": 1}",données des manifestes de fret,
donn es nationales,non_spatial,no place,—,unknown,1,1,False,"named source, family not stated","{""non_spatial"": 1}",données nationales,
donn es relatives au genre djibouti,non_spatial,no place,—,unknown,1,1,False,"named source, family not stated","{""non_spatial"": 1}",Données relatives au genre à Djibouti,
door-to-door subscriber surveys,admin_linked,named area,country only,maybe — needs the survey's own geography,1,1,False,household or phone survey,"{""admin_linked"": 1}",door-to-door subscriber surveys,
door-todoor surveys,admin_linked,named area,country only,maybe — needs the survey's own geography,1,1,False,household or phone survey,"{""admin_linked"": 1}",door-todoor surveys,
dor-dcid,unclear,place not stated,—,unknown,1,1,False,facility / asset / infrastructure records,"{""unclear"": 1}",DoR-DCID,
douala urban mobility project,admin_linked,named area,urban / rural split,maybe — needs the survey's own geography,1,1,False,"named source, family not stated","{""admin_linked"": 1}",Douala Urban Mobility Project,
dpops,non_spatial,no place,—,unknown,1,1,False,"named source, family not stated","{""non_spatial"": 1}",DPOPs,
dpwh upmo-bspmc unit,point_geocoded,exact point,point,yes — coordinates or a layer exists,1,1,False,"registry / administrative database, facility / asset / infrastructure records","{""point_geocoded"": 1}",DPWH UPMO-BSPMC Unit,
drc country private sector diagnostic,unclear,place not stated,—,unknown,1,1,False,"named source, family not stated","{""unclear"": 1}",DRC Country Private Sector Diagnostic,
drc integrated transport master plan study,unclear,place not stated,—,unknown,1,1,False,"named source, family not stated","{""unclear"": 1}",DRC Integrated Transport Master Plan Study,
drc primary school director survey,admin_linked,named area,point,maybe — needs the survey's own geography,1,1,False,"household or phone survey, facility / asset / infrastructure records","{""admin_linked"": 1}",DRC primary school director survey,
drc soe governance diagnostic,unclear,place not stated,—,unknown,1,1,False,"named source, family not stated","{""unclear"": 1}",DRC SOE Governance Diagnostic,
driver licensing,non_spatial,no place,—,maybe — needs the survey's own geography,1,1,False,registry / administrative database,"{""non_spatial"": 1}",driver licensing database,
drivers of deforestation and forest degradation report,admin_linked,named area,country only,maybe — needs the survey's own geography,1,1,False,facility / asset / infrastructure records,"{""admin_linked"": 1}",Drivers of deforestation and Forest Degradation report,
drought hazard index,point_geocoded,exact point,point,yes — coordinates or a layer exists,1,1,False,mapped layer / geospatial product,"{""point_geocoded"": 1}",Drought Hazard Index,
drought risk map,admin_linked,named area,not stated,yes — coordinates or a layer exists,1,1,False,mapped layer / geospatial product,"{""admin_linked"": 1}",Drought Risk map,
dss-mis,unclear,place not stated,—,maybe — needs the survey's own geography,1,1,False,"named source, family not stated","{""unclear"": 1}",DSS-MIS,
dukcapil s,non_spatial,no place,—,maybe — needs the survey's own geography,1,1,False,registry / administrative database,"{""non_spatial"": 1}",Dukcapil’s database,
dynamic asset,admin_linked,named area,not stated,maybe — needs the survey's own geography,1,1,False,"registry / administrative database, facility / asset / infrastructure records","{""admin_linked"": 1}",dynamic asset database,
dynamic preparedness metrics,non_spatial,no place,—,unknown,1,1,False,"named source, family not stated","{""non_spatial"": 1}",Dynamic Preparedness Metrics,
e-admission,unclear,place not stated,—,maybe — needs the survey's own geography,1,1,False,monitoring / tracking system,"{""unclear"": 1}",e-Admission,
e-catalogue/eregister,admin_linked,named area,urban / rural split,maybe — needs the survey's own geography,1,1,False,official statistics series,"{""admin_linked"": 1}",e-Catalogue/eRegister,
e-crvs,unclear,place not stated,—,maybe — needs the survey's own geography,1,1,False,"named source, family not stated","{""unclear"": 1}",e-CRVS,
e-government development index,admin_linked,named area,country only,no — aggregate,1,1,False,"named source, family not stated","{""admin_linked"": 1}",2024 E-Government Development Index,
e-government index,non_spatial,no place,—,no — aggregate,1,1,False,"named source, family not stated","{""non_spatial"": 1}",2020 e-Government Index,
e-government transactional,non_spatial,no place,—,unknown,1,1,False,"named source, family not stated","{""non_spatial"": 1}",e-government transactional data,
e-graduate tracking systems,unclear,place not stated,—,maybe — needs the survey's own geography,1,1,False,monitoring / tracking system,"{""unclear"": 1}",e-Graduate tracking systems,
e-inas,non_spatial,no place,—,unknown,1,1,False,"named source, family not stated","{""non_spatial"": 1}",e-INAS,
early data on us,admin_linked,named area,country only,maybe — needs the survey's own geography,1,1,False,"named source, family not stated","{""admin_linked"": 1}",Early data on the US,
early grade mathematics assessment,non_spatial,no place,—,unknown,1,1,False,"named source, family not stated","{""non_spatial"": 1}",2015 Early Grade Mathematics Assessment,
early warning system,point_geocoded,exact point,point,yes — coordinates or a layer exists,1,1,False,monitoring / tracking system,"{""point_geocoded"": 1}",early warning system,
earth observation,admin_linked,named area,not stated,unknown,1,1,False,"named source, family not stated","{""admin_linked"": 1}",Earth Observation,
ease of doing business,non_spatial,no place,—,no — aggregate,1,1,False,"named source, family not stated","{""non_spatial"": 1}",Ease of Doing Business,
ease of living index,admin_linked,named area,country only,no — aggregate,1,1,False,"named source, family not stated","{""admin_linked"": 1}",Ease of Living Index,
eastern drc infrasap,unclear,place not stated,—,unknown,1,1,False,"named source, family not stated","{""unclear"": 1}",Eastern DRC InfraSAP,
ecam4,unclear,place not stated,—,maybe — needs the survey's own geography,1,1,False,household or phone survey,"{""unclear"": 1}",ECAM4,
eccd first 1 000 days reporting system,unclear,place not stated,—,maybe — needs the survey's own geography,1,1,False,"named source, family not stated","{""unclear"": 1}","ECCD First 1,000 Days Reporting System",
ecce,unclear,place not stated,—,unknown,1,1,False,"named source, family not stated","{""unclear"": 1}",ECCE data,
economic activity,unclear,place not stated,—,unknown,1,1,False,"named source, family not stated","{""unclear"": 1}",economic activity data,
economic and energy,non_spatial,no place,—,unknown,1,1,False,"named source, family not stated","{""non_spatial"": 1}",economic and energy data,
economic statistics,non_spatial,no place,—,unknown,1,1,False,official statistics series,"{""non_spatial"": 1}",Economic Statistics,
economic survey of mizoram,admin_linked,named area,country only,maybe — needs the survey's own geography,1,1,False,household or phone survey,"{""admin_linked"": 1}",Economic Survey of Mizoram,
economic/business census,unclear,place not stated,—,maybe — needs the survey's own geography,1,1,False,household or phone survey,"{""unclear"": 1}",Economic/Business Census,
ecowas agriculture information system,unclear,place not stated,—,maybe — needs the survey's own geography,1,1,False,registry / administrative database,"{""unclear"": 1}",ECOWAS Agriculture Information System database,
ecvmas,non_spatial,no place,—,maybe — needs the survey's own geography,1,1,False,household or phone survey,"{""non_spatial"": 1}",ECVMAS,
ecvmas estimates,admin_linked,named area,district / sub-county,unknown,1,1,False,"named source, family not stated","{""admin_linked"": 1}",2012 ECVMAS estimates,
ecvmb,admin_linked,named area,district / sub-county,maybe — needs the survey's own geography,1,1,False,household or phone survey,"{""admin_linked"": 1}",ECVMB 2014,
edcs-is,unclear,place not stated,—,maybe — needs the survey's own geography,1,1,False,registry / administrative database,"{""unclear"": 1}",EDCS-IS,
edgar community ghg,non_spatial,no place,—,maybe — needs the survey's own geography,1,1,False,registry / administrative database,"{""non_spatial"": 1}",EDGAR Community GHG Database,
education and employment statistics,unclear,place not stated,—,unknown,1,1,False,official statistics series,"{""unclear"": 1}",education and employment statistics,
education service delivery indicators,non_spatial,no place,—,unknown,1,1,False,"named source, family not stated","{""non_spatial"": 1}",2020 Education Service Delivery Indicators,
education statistical report,admin_linked,named area,country only,maybe — needs the survey's own geography,1,1,False,official statistics series,"{""admin_linked"": 1}",education statistical report,
egra,unclear,place not stated,—,unknown,1,1,False,"named source, family not stated","{""unclear"": 1}",EGRA 2011,
egypt burden of disease,non_spatial,no place,—,unknown,1,1,False,"named source, family not stated","{""non_spatial"": 1}",Egypt Burden of Disease,
eh2024,non_spatial,no place,—,unknown,1,1,False,"named source, family not stated","{""non_spatial"": 1}",EH2024,
ehcss,unclear,place not stated,—,unknown,1,1,False,"named source, family not stated","{""unclear"": 1}",EHCSS,
ehcvm,unclear,place not stated,—,maybe — needs the survey's own geography,1,1,False,household or phone survey,"{""unclear"": 1}",EHCVM 2018/19,
ehcvm2020,admin_linked,named area,country only,maybe — needs the survey's own geography,1,1,False,"household or phone survey, registry / administrative database","{""admin_linked"": 1}",EHCVM2020,
ehies,unclear,place not stated,—,maybe — needs the survey's own geography,1,1,False,household or phone survey,"{""unclear"": 1}",EHIES,
elcal report,non_spatial,no place,—,unknown,1,1,False,"named source, family not stated","{""non_spatial"": 1}",ELCAL report,
elearning,non_spatial,no place,—,maybe — needs the survey's own geography,1,1,False,registry / administrative database,"{""non_spatial"": 1}",eLearning database,
electoral roll,admin_linked,named area,not stated,maybe — needs the survey's own geography,1,1,False,registry / administrative database,"{""admin_linked"": 1}",electoral roll,
electricity export invoices and cross-border metering points,point_geocoded,exact point,point,yes — coordinates or a layer exists,1,1,False,"named source, family not stated","{""point_geocoded"": 1}",electricity export invoices and cross-border metering points,
electrification,admin_linked,named area,country only,maybe — needs the survey's own geography,1,1,False,monitoring / tracking system,"{""admin_linked"": 1}",electrification data,
electronic ailokmotu,admin_linked,named area,country only,maybe — needs the survey's own geography,1,1,False,"household or phone survey, registry / administrative database","{""admin_linked"": 1}",electronic ailokmotu,
electronic data on employment history and wages,unclear,place not stated,—,maybe — needs the survey's own geography,1,1,False,"named source, family not stated","{""unclear"": 1}",electronic data on employment history and wages,
electronic population register,admin_linked,named area,province / region / state,maybe — needs the survey's own geography,1,1,False,"named source, family not stated","{""admin_linked"": 1}",electronic population register,
electronic vaccination data system,unclear,place not stated,—,maybe — needs the survey's own geography,1,1,False,"named source, family not stated","{""unclear"": 1}",Electronic Vaccination Data System,
eligible expenditures spending report,non_spatial,no place,—,unknown,1,1,False,"named source, family not stated","{""non_spatial"": 1}",Eligible Expenditures Spending Report,
emb operational,admin_linked,named area,not stated,unknown,1,1,False,facility / asset / infrastructure records,"{""admin_linked"": 1}",EMB operational data,
emicov,unclear,place not stated,—,maybe — needs the survey's own geography,1,1,False,household or phone survey,"{""unclear"": 1}",EMICOV 2015,
emis data,admin_linked,named area,country only,maybe — needs the survey's own geography,1,1,False,official statistics series,"{""admin_linked"": 1}",EMIS data 2019/2020,
emis enrollment,unclear,place not stated,—,maybe — needs the survey's own geography,1,1,False,"household or phone survey, official statistics series","{""unclear"": 1}",EMIS enrollment data,
emis statistical yearbook,unclear,place not stated,—,unknown,1,1,False,"official statistics series, registry / administrative database","{""unclear"": 1}",EMIS statistical yearbook,
emmus survey,unclear,place not stated,—,maybe — needs the survey's own geography,1,1,False,household or phone survey,"{""unclear"": 1}",EMMUS 2016–2017 survey,
empirical,unclear,place not stated,—,unknown,1,1,False,"named source, family not stated","{""unclear"": 1}",empirical data,
empirical data,unclear,place not stated,—,unknown,1,1,False,"named source, family not stated","{""unclear"": 1}",empirical data_,
employability of post-secondary tvet in bangladesh,non_spatial,no place,—,unknown,1,1,False,"named source, family not stated","{""non_spatial"": 1}",Employability of Post-Secondary TVET in Bangladesh,
employees,unclear,place not stated,—,unknown,1,1,False,official statistics series,"{""unclear"": 1}",employees’ data,
employer surveys,unclear,place not stated,—,maybe — needs the survey's own geography,1,1,False,household or phone survey,"{""unclear"": 1}",Employer surveys,
employers satisfaction surveys,unclear,place not stated,—,maybe — needs the survey's own geography,1,1,False,household or phone survey,"{""unclear"": 1}",employers’ satisfaction surveys,
employment earnings and tracer-survey,unclear,place not stated,—,maybe — needs the survey's own geography,1,1,False,household or phone survey,"{""unclear"": 1}","employment, earnings and tracer-survey data",
employment outcome,unclear,place not stated,—,maybe — needs the survey's own geography,1,1,False,"named source, family not stated","{""unclear"": 1}",Employment outcome data,
employment registry and information,unclear,place not stated,—,maybe — needs the survey's own geography,1,1,False,registry / administrative database,"{""unclear"": 1}",employment registry and information database,
employment survey,admin_linked,named area,district / sub-county,maybe — needs the survey's own geography,1,1,False,"household or phone survey, official statistics series","{""admin_linked"": 1}",annual employment survey,
encuesta a empresas,non_spatial,no place,—,unknown,1,1,False,"named source, family not stated","{""non_spatial"": 1}",Encuesta a Empresas,
encuesta de movilidad domiciliaria,unclear,place not stated,—,maybe — needs the survey's own geography,1,1,False,household or phone survey,"{""unclear"": 1}",Encuesta de Movilidad Domiciliaria,
encuesta de seguimiento,unclear,place not stated,—,maybe — needs the survey's own geography,1,1,False,household or phone survey,"{""unclear"": 1}",encuesta de seguimiento,
encuesta demogr fica y de salud familiar,unclear,place not stated,—,maybe — needs the survey's own geography,1,1,False,household or phone survey,"{""unclear"": 1}",Encuesta Demográfica y de Salud Familiar 2000,
encuesta demogr fica y de salud familiar endes,unclear,place not stated,—,maybe — needs the survey's own geography,1,1,False,household or phone survey,"{""unclear"": 1}",Encuesta Demográfica y de Salud Familiar ENDES 2018,
encuesta espec fica,unclear,place not stated,—,unknown,1,1,False,"named source, family not stated","{""unclear"": 1}",encuesta específica,
encuesta nacional continua de fuerza de trabajo,unclear,place not stated,—,unknown,1,1,False,"named source, family not stated","{""unclear"": 1}",Encuesta Nacional Continua de Fuerza de Trabajo,
encuesta nacional de hogares,unclear,place not stated,—,unknown,1,1,False,"named source, family not stated","{""unclear"": 1}",Encuesta Nacional de Hogares,
encuesta nacional de salud y nutrici n,admin_linked,named area,country only,maybe — needs the survey's own geography,1,1,False,"named source, family not stated","{""admin_linked"": 1}",Encuesta Nacional de Salud y Nutrición,
encuesta permanente de hogares de prop sitos m ltiples,admin_linked,named area,country only,yes — coordinates or a layer exists,1,1,False,"satellite / raster / index, official statistics series","{""admin_linked"": 1}",Encuesta Permanente de Hogares de Propósitos Múltiples,
encuesta socioecon mica,unclear,place not stated,—,unknown,1,1,False,"named source, family not stated","{""unclear"": 1}",encuesta socioeconómica,
encuestas de hogares,non_spatial,no place,—,unknown,1,1,False,"named source, family not stated","{""non_spatial"": 1}",encuestas de hogares,
encuestas de satisfacci n,unclear,place not stated,—,unknown,1,1,False,"named source, family not stated","{""unclear"": 1}",encuestas de satisfacción,
end line sample household survey,admin_linked,named area,district / sub-county,maybe — needs the survey's own geography,1,1,False,household or phone survey,"{""admin_linked"": 1}",end line sample household survey,
end of project evaluation survey,unclear,place not stated,—,maybe — needs the survey's own geography,1,1,False,household or phone survey,"{""unclear"": 1}",end of project evaluation survey,
end survey,unclear,place not stated,—,maybe — needs the survey's own geography,1,1,False,household or phone survey,"{""unclear"": 1}",end survey,
enees bill,point_geocoded,exact point,point,yes — coordinates or a layer exists,1,1,False,"named source, family not stated","{""point_geocoded"": 1}",ENEEs bill,
energy surveys,point_geocoded,exact point,point,yes — coordinates or a layer exists,1,1,False,household or phone survey,"{""point_geocoded"": 1}",energy surveys,
energy surveys of education facilities,point_geocoded,exact point,point,yes — coordinates or a layer exists,1,1,False,"household or phone survey, facility / asset / infrastructure records","{""point_geocoded"": 1}",energy surveys of education facilities,
energy use,unclear,place not stated,—,maybe — needs the survey's own geography,1,1,False,official statistics series,"{""unclear"": 1}",Energy use data,
engagement survey,unclear,place not stated,—,maybe — needs the survey's own geography,1,1,False,household or phone survey,"{""unclear"": 1}",engagement survey,
engagement surveys on civil service,unclear,place not stated,—,maybe — needs the survey's own geography,1,1,False,household or phone survey,"{""unclear"": 1}",Engagement surveys on the civil service,
enhancing systematic land registration project,non_spatial,no place,—,maybe — needs the survey's own geography,1,1,False,registry / administrative database,"{""non_spatial"": 1}",Enhancing Systematic Land Registration Project,
enqu te de satisfaction des patients,admin_linked,named area,country only,maybe — needs the survey's own geography,1,1,False,"named source, family not stated","{""admin_linked"": 1}",enquête de satisfaction des patients,
enqu te harmonis e sur les conditions de vie des m nages,non_spatial,no place,—,unknown,1,1,False,"named source, family not stated","{""non_spatial"": 1}",Enquête Harmonisée sur les Conditions de Vie des Ménages,
enqu te nationale par panel,admin_linked,named area,country only,maybe — needs the survey's own geography,1,1,False,"named source, family not stated","{""admin_linked"": 1}",enquête nationale par panel,
enqu te permanente sur les conditions de vie en mauritanie,unclear,place not stated,—,maybe — needs the survey's own geography,1,1,False,household or phone survey,"{""unclear"": 1}",Enquête Permanente sur les Conditions de Vie en Mauritanie,
enrollment,admin_linked,named area,country only,maybe — needs the survey's own geography,1,1,False,"named source, family not stated","{""admin_linked"": 1}",Enrollment data,
enrollment data as obtained from emis,admin_linked,named area,country only,maybe — needs the survey's own geography,1,1,False,official statistics series,"{""admin_linked"": 1}",Enrollment data as obtained from EMIS,
enrollment data from emis,unclear,place not stated,—,unknown,1,1,False,official statistics series,"{""unclear"": 1}",Enrollment data from EMIS,
ensanut,unclear,place not stated,—,unknown,1,1,False,"named source, family not stated","{""unclear"": 1}",ENSANUT 2018,
enterprise finance gap,non_spatial,no place,—,maybe — needs the survey's own geography,1,1,False,registry / administrative database,"{""non_spatial"": 1}",Enterprise Finance Gap Database,
enterprise survey and piu,admin_linked,named area,country only,maybe — needs the survey's own geography,1,1,False,household or phone survey,"{""admin_linked"": 1}",Enterprise Survey and PIU,
enterprise survey date,non_spatial,no place,—,maybe — needs the survey's own geography,1,1,False,household or phone survey,"{""non_spatial"": 1}",Enterprise Survey Date,
enterprise survey follow-up,unclear,place not stated,—,maybe — needs the survey's own geography,1,1,False,household or phone survey,"{""unclear"": 1}",Enterprise Survey follow-up,
enterprise survey for myanmar,unclear,place not stated,—,maybe — needs the survey's own geography,1,1,False,household or phone survey,"{""unclear"": 1}",Enterprise Survey for Myanmar,
enterprise- and household-based surveys,unclear,place not stated,—,maybe — needs the survey's own geography,1,1,False,"household or phone survey, official statistics series","{""unclear"": 1}",enterprise- and household-based surveys,
enterprises survey,admin_linked,named area,country only,maybe — needs the survey's own geography,1,1,False,household or phone survey,"{""admin_linked"": 1}",enterprises survey,
entrepreneurship information system,admin_linked,named area,country only,maybe — needs the survey's own geography,1,1,False,registry / administrative database,"{""admin_linked"": 1}",Entrepreneurship Information System database,
enusan survey,admin_linked,named area,district / sub-county,maybe — needs the survey's own geography,1,1,False,household or phone survey,"{""admin_linked"": 1}",2019 ENUSAN survey,
environmental and financial,unclear,place not stated,—,no — aggregate,1,1,False,monitoring / tracking system,"{""unclear"": 1}",environmental and financial data,
environmental and social (e&s) screening,point_geocoded,exact point,point,yes — coordinates or a layer exists,1,1,False,"named source, family not stated","{""point_geocoded"": 1}",environmental and social (E&S) screening,
environmental and social assessments,admin_linked,named area,country only,maybe — needs the survey's own geography,1,1,False,"named source, family not stated","{""admin_linked"": 1}",environmental and social assessments,
environmental and social audit of agricultural production practi,admin_linked,named area,country only,maybe — needs the survey's own geography,1,1,False,monitoring / tracking system,"{""admin_linked"": 1}",environmental and social audit of agricultural production practices in 2022,
environmental and social management system,non_spatial,no place,—,maybe — needs the survey's own geography,1,1,False,"named source, family not stated","{""non_spatial"": 1}",Environmental and Social Management System,
environmental monitoring report,admin_linked,named area,district / sub-county,maybe — needs the survey's own geography,1,1,False,monitoring / tracking system,"{""admin_linked"": 1}",Environmental Monitoring Report,
environmental performance index,non_spatial,no place,—,no — aggregate,1,1,False,"named source, family not stated","{""non_spatial"": 1}",2018 Environmental Performance Index,
eoc administrative,admin_linked,named area,country only,maybe — needs the survey's own geography,1,1,False,registry / administrative database,"{""admin_linked"": 1}",EOC administrative data,
epcv,non_spatial,no place,—,unknown,1,1,False,"named source, family not stated","{""non_spatial"": 1}",EPCV data,
epcv poverty and living standards measurement survey,admin_linked,named area,country only,maybe — needs the survey's own geography,1,1,False,household or phone survey,"{""admin_linked"": 1}",EPCV Poverty and Living Standards Measurement Survey,
eph,admin_linked,named area,country only,maybe — needs the survey's own geography,1,1,False,"named source, family not stated","{""admin_linked"": 1}",EPH 2023,
eph second semester,unclear,place not stated,—,maybe — needs the survey's own geography,1,1,False,household or phone survey,"{""unclear"": 1}",EPH second semester 2023,
epi coverage survey,admin_linked,named area,country only,maybe — needs the survey's own geography,1,1,False,household or phone survey,"{""admin_linked"": 1}",2017 EPI coverage survey,
equipment supply records,point_geocoded,exact point,point,yes — coordinates or a layer exists,1,1,False,"named source, family not stated","{""point_geocoded"": 1}",Equipment supply records,
er monitoring report and program progress report,non_spatial,no place,—,maybe — needs the survey's own geography,1,1,False,"registry / administrative database, monitoring / tracking system","{""non_spatial"": 1}",ER Monitoring Report and Program Progress Report,
er unit,unclear,place not stated,—,unknown,1,1,False,"named source, family not stated","{""unclear"": 1}",ER unit data,
erce,unclear,place not stated,—,unknown,1,1,False,"named source, family not stated","{""unclear"": 1}",ERCE,
erp totvs rm,unclear,place not stated,—,maybe — needs the survey's own geography,1,1,False,"named source, family not stated","{""unclear"": 1}",ERP TOTVS RM,
ersaps urban indicators report,admin_linked,named area,urban / rural split,maybe — needs the survey's own geography,1,1,False,"named source, family not stated","{""admin_linked"": 1}",ERSAPS Annual Urban Indicators Report,
escom mis electrification dashboard,admin_linked,named area,country only,maybe — needs the survey's own geography,1,1,False,monitoring / tracking system,"{""admin_linked"": 1}",ESCOM MIS electrification dashboard,
escom piu report,unclear,place not stated,—,unknown,1,1,False,"named source, family not stated","{""unclear"": 1}",ESCOM PIU report,
escom piu reports,unclear,place not stated,—,yes — coordinates or a layer exists,1,1,False,"satellite / raster / index, household or phone survey","{""unclear"": 1}",ESCOM PIU reports,
esdp,non_spatial,no place,—,unknown,1,1,False,"named source, family not stated","{""non_spatial"": 1}",ESDP,
espoe inspection and commissioning reports,point_geocoded,exact point,point,yes — coordinates or a layer exists,1,1,False,"named source, family not stated","{""point_geocoded"": 1}",ESPOE inspection and commissioning reports,
estad sticas de g nero,non_spatial,no place,—,maybe — needs the survey's own geography,1,1,False,household or phone survey,"{""non_spatial"": 1}",Estadísticas de Gênero,
estados financieros auditados,non_spatial,no place,—,unknown,1,1,False,"named source, family not stated","{""non_spatial"": 1}",estados financieros auditados,
estados financieros semestrales no auditados,non_spatial,no place,—,unknown,1,1,False,"named source, family not stated","{""non_spatial"": 1}",estados financieros semestrales no auditados,
estimates from mohw,admin_linked,named area,country only,no — aggregate,1,1,False,"named source, family not stated","{""admin_linked"": 1}","Estimates from the MOHW, 2021",
eswatini household income and expenditure survey,unclear,place not stated,—,maybe — needs the survey's own geography,1,1,False,household or phone survey,"{""unclear"": 1}",Eswatini Household Income and Expenditure Survey,
et/rpl/training providers records,unclear,place not stated,—,maybe — needs the survey's own geography,1,1,False,"named source, family not stated","{""unclear"": 1}",ET/RPL/training providers records,
ethiopia demographic and health survey,unclear,place not stated,—,maybe — needs the survey's own geography,1,1,False,household or phone survey,"{""unclear"": 1}",Ethiopia Demographic and Health Survey,
ethiopia dhs,unclear,place not stated,—,unknown,1,1,False,"named source, family not stated","{""unclear"": 1}",2016 Ethiopia DHS,
ethiopia household consumption expenditure survey,unclear,place not stated,—,maybe — needs the survey's own geography,1,1,False,household or phone survey,"{""unclear"": 1}",Ethiopia Household Consumption Expenditure Survey,
ethiopia human capital project,unclear,place not stated,—,unknown,1,1,False,"named source, family not stated","{""unclear"": 1}",Ethiopia Human Capital Project,
ethiopia mini-demographic and health survey,unclear,place not stated,—,maybe — needs the survey's own geography,1,1,False,household or phone survey,"{""unclear"": 1}",2019 Ethiopia Mini-Demographic and Health Survey,
eurobarometer 489,admin_linked,named area,country only,no — aggregate,1,1,False,household or phone survey,"{""admin_linked"": 1}",Eurobarometer 489,
evaluation of early grade literacy,admin_linked,named area,point,maybe — needs the survey's own geography,1,1,False,facility / asset / infrastructure records,"{""admin_linked"": 1}",evaluation of early grade literacy,
evaluation/survey,unclear,place not stated,—,maybe — needs the survey's own geography,1,1,False,household or phone survey,"{""unclear"": 1}",evaluation/survey,
evds,admin_linked,named area,country only,maybe — needs the survey's own geography,1,1,False,registry / administrative database,"{""admin_linked"": 1}",EVDS,
ewars,unclear,place not stated,—,maybe — needs the survey's own geography,1,1,False,"named source, family not stated","{""unclear"": 1}",EWARS,
examination results and training program records,unclear,place not stated,—,maybe — needs the survey's own geography,1,1,False,"named source, family not stated","{""unclear"": 1}",Examination results and training program records,
excellence in learning in liberia,non_spatial,no place,—,unknown,1,1,False,"named source, family not stated","{""non_spatial"": 1}",Excellence in Learning in Liberia,
executive opinion surveys,unclear,place not stated,—,maybe — needs the survey's own geography,1,1,False,household or phone survey,"{""unclear"": 1}",executive opinion surveys,
exim loan management system,unclear,place not stated,—,maybe — needs the survey's own geography,1,1,False,"named source, family not stated","{""unclear"": 1}",EXIM loan management system,
exim market sounding,non_spatial,no place,—,unknown,1,1,False,"official statistics series, facility / asset / infrastructure records","{""non_spatial"": 1}",EXIM market sounding,
exim pom compliance reports,unclear,place not stated,—,maybe — needs the survey's own geography,1,1,False,registry / administrative database,"{""unclear"": 1}",EXIM POM compliance reports,
exim sub-loan portfolio,unclear,place not stated,—,unknown,1,1,False,"named source, family not stated","{""unclear"": 1}",EXIM sub-loan portfolio,
exim sub-loan portfolio data and financing structures,unclear,place not stated,—,maybe — needs the survey's own geography,1,1,False,"named source, family not stated","{""unclear"": 1}",EXIM sub-loan portfolio data and financing structures,
existing administrative data systems,unclear,place not stated,—,maybe — needs the survey's own geography,1,1,False,"household or phone survey, registry / administrative database","{""unclear"": 1}",existing administrative data systems,
existing data and information,admin_linked,named area,country only,maybe — needs the survey's own geography,1,1,False,"named source, family not stated","{""admin_linked"": 1}",existing data and information,
existing databases,unclear,place not stated,—,maybe — needs the survey's own geography,1,1,False,"registry / administrative database, facility / asset / infrastructure records","{""unclear"": 1}",existing databases,
existing demographic,unclear,place not stated,—,unknown,1,1,False,official statistics series,"{""unclear"": 1}",existing demographic data,
expanded emission inventory for gc,admin_linked,named area,not stated,unknown,1,1,False,"named source, family not stated","{""admin_linked"": 1}",expanded emission inventory for GC,
expanded gtfs,point_geocoded,exact point,point,yes — coordinates or a layer exists,1,1,False,registry / administrative database,"{""point_geocoded"": 1}",expanded GTFS dataset,
expanded national nutrition survey,admin_linked,named area,country only,maybe — needs the survey's own geography,1,1,False,household or phone survey,"{""admin_linked"": 1}",Expanded National Nutrition Survey,
expanded sample-based physical survey,unclear,place not stated,—,maybe — needs the survey's own geography,1,1,False,household or phone survey,"{""unclear"": 1}",expanded sample-based physical survey,
expenditure,non_spatial,no place,—,unknown,1,1,False,official statistics series,"{""non_spatial"": 1}",expenditure data,
expenditure and claims,unclear,place not stated,—,maybe — needs the survey's own geography,1,1,False,"named source, family not stated","{""unclear"": 1}",Expenditure and claims data,
expenditure and quantity of service delivery survey,unclear,place not stated,—,maybe — needs the survey's own geography,1,1,False,"household or phone survey, facility / asset / infrastructure records","{""unclear"": 1}",Expenditure and Quantity of Service Delivery Survey,
expenditure data of line ministries,non_spatial,no place,—,no — aggregate,1,1,False,"named source, family not stated","{""non_spatial"": 1}",Expenditure data of line ministries,
expert and household surveys,unclear,place not stated,—,no — aggregate,1,1,False,household or phone survey,"{""unclear"": 1}",expert and household surveys,
export invoices and metering,unclear,place not stated,—,maybe — needs the survey's own geography,1,1,False,"named source, family not stated","{""unclear"": 1}",Export invoices and metering data,
export records,non_spatial,no place,—,maybe — needs the survey's own geography,1,1,False,"named source, family not stated","{""non_spatial"": 1}",Export records,
export system logs,non_spatial,no place,—,maybe — needs the survey's own geography,1,1,False,"named source, family not stated","{""non_spatial"": 1}",export system logs,
extended consumer price index,non_spatial,no place,—,no — aggregate,1,1,False,official statistics series,"{""non_spatial"": 1}",Extended Consumer Price Index,
extended screening survey,unclear,place not stated,—,maybe — needs the survey's own geography,1,1,False,household or phone survey,"{""unclear"": 1}",extended screening survey,
external firm level,unclear,place not stated,—,maybe — needs the survey's own geography,1,1,False,registry / administrative database,"{""unclear"": 1}",external firm level database,
extreme heat hazard risk map,point_geocoded,exact point,point,yes — coordinates or a layer exists,1,1,False,mapped layer / geospatial product,"{""point_geocoded"": 1}",Extreme heat hazard risk map,
facebook covid-19 trends and impact survey,unclear,place not stated,—,maybe — needs the survey's own geography,1,1,False,household or phone survey,"{""unclear"": 1}",Facebook COVID-19 Trends and Impact Survey,
facebook survey,unclear,place not stated,—,maybe — needs the survey's own geography,1,1,False,household or phone survey,"{""unclear"": 1}",Facebook survey,
facility supervision reports,admin_linked,named area,point,maybe — needs the survey's own geography,1,1,False,household or phone survey,"{""admin_linked"": 1}",facility supervision reports,
facility-level,point_geocoded,exact point,point,yes — coordinates or a layer exists,1,1,False,"named source, family not stated","{""point_geocoded"": 1}",facility-level data,
fala br,non_spatial,no place,—,maybe — needs the survey's own geography,1,1,False,registry / administrative database,"{""non_spatial"": 1}",Fala.br,
fall lem,non_spatial,no place,—,unknown,1,1,False,"named source, family not stated","{""non_spatial"": 1}",Fall 2021 LEM,
family health and safety survey,non_spatial,no place,—,maybe — needs the survey's own geography,1,1,False,household or phone survey,"{""non_spatial"": 1}",Family Health and Safety Survey,
fao aquastat,unclear,place not stated,—,unknown,1,1,False,"named source, family not stated","{""unclear"": 1}",FAO Aquastat 2017,
fao global resource management system,non_spatial,no place,—,maybe — needs the survey's own geography,1,1,False,"named source, family not stated","{""non_spatial"": 1}",FAO Global Resource Management System,
faostat,non_spatial,no place,—,unknown,1,1,False,official statistics series,"{""non_spatial"": 1}",FAOSTAT,
farm and farmer registry,admin_linked,named area,country only,maybe — needs the survey's own geography,1,1,False,registry / administrative database,"{""admin_linked"": 1}",farm and farmer registry,
farm registry,admin_linked,named area,country only,maybe — needs the survey's own geography,1,1,False,registry / administrative database,"{""admin_linked"": 1}",Farm Registry,
farm registry for georgia,admin_linked,named area,not stated,maybe — needs the survey's own geography,1,1,False,"registry / administrative database, facility / asset / infrastructure records","{""admin_linked"": 1}",Farm Registry for Georgia,
farmer registry system,admin_linked,named area,country only,maybe — needs the survey's own geography,1,1,False,registry / administrative database,"{""admin_linked"": 1}",Farmer Registry System 2019,
farmers registry,unclear,place not stated,—,maybe — needs the survey's own geography,1,1,False,registry / administrative database,"{""unclear"": 1}",farmers registry,
faso arzeka platform,admin_linked,named area,country only,maybe — needs the survey's own geography,1,1,False,registry / administrative database,"{""admin_linked"": 1}",Faso Arzeka platform,
fathom,admin_linked,named area,district / sub-county,unknown,1,1,False,"named source, family not stated","{""admin_linked"": 1}",FATHOM,
fathom data,admin_linked,named area,country only,maybe — needs the survey's own geography,1,1,False,"named source, family not stated","{""admin_linked"": 1}",FATHOM data_,
fayda grm system,unclear,place not stated,—,maybe — needs the survey's own geography,1,1,False,registry / administrative database,"{""unclear"": 1}",Fayda GRM system,
fayda registration,admin_linked,named area,country only,maybe — needs the survey's own geography,1,1,False,registry / administrative database,"{""admin_linked"": 1}",Fayda registration data,
fayda registration data and data from unhcr,admin_linked,named area,country only,maybe — needs the survey's own geography,1,1,False,registry / administrative database,"{""admin_linked"": 1}",Fayda registration data and data from UNHCR,
fayda system kpi,unclear,place not stated,—,maybe — needs the survey's own geography,1,1,False,"named source, family not stated","{""unclear"": 1}",Fayda system KPI,
fbp and fcp statistical bulletins,non_spatial,no place,—,unknown,1,1,False,"official statistics series, monitoring / tracking system","{""non_spatial"": 1}",FBP and FCP statistical bulletins,
federal,admin_linked,named area,province / region / state,unknown,1,1,False,"named source, family not stated","{""admin_linked"": 1}",Federal Data,
federal network climate resilience assessment,point_geocoded,exact point,point,yes — coordinates or a layer exists,1,1,False,"named source, family not stated","{""point_geocoded"": 1}",2019 Federal Network Climate Resilience assessment,
feedback survey results,unclear,place not stated,—,maybe — needs the survey's own geography,1,1,False,"household or phone survey, monitoring / tracking system","{""unclear"": 1}",feedback survey results,
female human development index,non_spatial,no place,—,no — aggregate,1,1,False,"named source, family not stated","{""non_spatial"": 1}",female Human Development Index,
ffa economic development indicators report,non_spatial,no place,—,unknown,1,1,False,"named source, family not stated","{""non_spatial"": 1}",FFA Economic Development Indicators report,
fgds,admin_linked,named area,district / sub-county,maybe — needs the survey's own geography,1,1,False,"named source, family not stated","{""admin_linked"": 1}",FGDs,
fgs wage bill trends,non_spatial,no place,—,unknown,1,1,False,"named source, family not stated","{""non_spatial"": 1}",FGS wage bill trends,
fhsis,unclear,place not stated,—,unknown,1,1,False,"named source, family not stated","{""unclear"": 1}",FHSIS 2019,
field data submissions,unclear,place not stated,—,unknown,1,1,False,"named source, family not stated","{""unclear"": 1}",field data submissions,
field monitoring reports survey reports,admin_linked,named area,country only,maybe — needs the survey's own geography,1,1,False,"household or phone survey, monitoring / tracking system","{""admin_linked"": 1}","Field monitoring reports, Survey reports",
field office networks,admin_linked,named area,not stated,unknown,1,1,False,"named source, family not stated","{""admin_linked"": 1}",field office networks,
field survey of 76 localities from 34 municipalities,admin_linked,named area,district / sub-county,maybe — needs the survey's own geography,1,1,False,household or phone survey,"{""admin_linked"": 1}",Field survey of 76 localities from 34 municipalities,
field surveys,point_geocoded,exact point,point,yes — coordinates or a layer exists,1,1,False,household or phone survey,"{""point_geocoded"": 1}",field surveys,
fifth integrated household living survey,non_spatial,no place,—,maybe — needs the survey's own geography,1,1,False,household or phone survey,"{""non_spatial"": 1}",Fifth Integrated Household Living Survey,
finaccess household survey,admin_linked,named area,country only,maybe — needs the survey's own geography,1,1,False,household or phone survey,"{""admin_linked"": 1}",FinAccess Household Survey,
financial inclusion survey,unclear,place not stated,—,no — aggregate,1,1,False,household or phone survey,"{""unclear"": 1}",Financial Inclusion Survey,
financial mis,non_spatial,no place,—,no — aggregate,1,1,False,"named source, family not stated","{""non_spatial"": 1}",Financial MIS,
financial protection gap assessment,non_spatial,no place,—,no — aggregate,1,1,False,"named source, family not stated","{""non_spatial"": 1}",financial protection gap assessment,
financial report and operational report,non_spatial,no place,—,no — aggregate,1,1,False,"named source, family not stated","{""non_spatial"": 1}",Financial report and operational report,
financial soundness indicators,non_spatial,no place,—,no — aggregate,1,1,False,"named source, family not stated","{""non_spatial"": 1}",financial soundness indicators,
financing data of ministry of finance,non_spatial,no place,—,no — aggregate,1,1,False,"named source, family not stated","{""non_spatial"": 1}",financing data of the Ministry of Finance,
findex survey,admin_linked,named area,country only,maybe — needs the survey's own geography,1,1,False,household or phone survey,"{""admin_linked"": 1}",Findex survey,
finscope rwanda,unclear,place not stated,—,unknown,1,1,False,"named source, family not stated","{""unclear"": 1}",FinScope Rwanda 2020,
finscope survey,unclear,place not stated,—,maybe — needs the survey's own geography,1,1,False,household or phone survey,"{""unclear"": 1}",Finscope survey,
finscope tanzania survey,unclear,place not stated,—,maybe — needs the survey's own geography,1,1,False,household or phone survey,"{""unclear"": 1}",Finscope Tanzania survey 2023,
fip-abc cerrado,non_spatial,no place,—,unknown,1,1,False,facility / asset / infrastructure records,"{""non_spatial"": 1}",FIP-ABC Cerrado,
firm level,unclear,place not stated,—,unknown,1,1,False,"named source, family not stated","{""unclear"": 1}",Firm Level data,
firm level surveys,unclear,place not stated,—,maybe — needs the survey's own geography,1,1,False,household or phone survey,"{""unclear"": 1}",Firm level surveys,
firm registry,unclear,place not stated,—,maybe — needs the survey's own geography,1,1,False,registry / administrative database,"{""unclear"": 1}",firm registry database,
firm-level performance information,unclear,place not stated,—,maybe — needs the survey's own geography,1,1,False,monitoring / tracking system,"{""unclear"": 1}",firm-level performance information,
fiscal and financial statistics,non_spatial,no place,—,no — aggregate,1,1,False,official statistics series,"{""non_spatial"": 1}",fiscal and financial statistics,
fiscal management report datasheet,non_spatial,no place,—,no — aggregate,1,1,False,"named source, family not stated","{""non_spatial"": 1}",Fiscal Management Report datasheet,
fish consumption,unclear,place not stated,—,unknown,1,1,False,"named source, family not stated","{""unclear"": 1}",fish consumption data,
five-year running average,admin_linked,named area,country only,maybe — needs the survey's own geography,1,1,False,"named source, family not stated","{""admin_linked"": 1}",five-year running average,
five-yearly consumption survey,unclear,place not stated,—,maybe — needs the survey's own geography,1,1,False,household or phone survey,"{""unclear"": 1}",five-yearly consumption survey,
fixed assets register,unclear,place not stated,—,unknown,1,1,False,"named source, family not stated","{""unclear"": 1}",fixed assets register,
fixed broadband access,admin_linked,named area,district / sub-county,maybe — needs the survey's own geography,1,1,False,"registry / administrative database, facility / asset / infrastructure records","{""admin_linked"": 1}",Fixed Broadband Access Database,
flood and erosion assessment report,admin_linked,named area,country only,maybe — needs the survey's own geography,1,1,False,"named source, family not stated","{""admin_linked"": 1}",Flood and Erosion Assessment report,
flood early warning system,point_geocoded,exact point,point,yes — coordinates or a layer exists,1,1,False,monitoring / tracking system,"{""point_geocoded"": 1}",flood early warning system,
flood maps,point_geocoded,exact point,point,yes — coordinates or a layer exists,1,1,False,facility / asset / infrastructure records,"{""point_geocoded"": 1}",flood maps,
flood reports of dmd,admin_linked,named area,not stated,unknown,1,1,False,"named source, family not stated","{""admin_linked"": 1}",Flood Reports of DMD,
flood risk maps,point_geocoded,exact point,point,yes — coordinates or a layer exists,1,1,False,"named source, family not stated","{""point_geocoded"": 1}",flood risk maps,
flood risk maps of wrd (fmisc),admin_linked,named area,not stated,unknown,1,1,False,"named source, family not stated","{""admin_linked"": 1}",Flood Risk Maps of WRD (FMISC),
flood water depth maps,admin_linked,named area,not stated,unknown,1,1,False,"named source, family not stated","{""admin_linked"": 1}",Flood water depth maps,
fmis system usage logs,unclear,place not stated,—,maybe — needs the survey's own geography,1,1,False,"named source, family not stated","{""unclear"": 1}",FMIS system usage logs,
fmis training evaluation forms,unclear,place not stated,—,maybe — needs the survey's own geography,1,1,False,"named source, family not stated","{""unclear"": 1}",FMIS training evaluation forms,
fmis usage statistics,unclear,place not stated,—,unknown,1,1,False,official statistics series,"{""unclear"": 1}",FMIS usage statistics,
fmiss,non_spatial,no place,—,unknown,1,1,False,"named source, family not stated","{""non_spatial"": 1}",FMISs,
focused surveys,unclear,place not stated,—,maybe — needs the survey's own geography,1,1,False,household or phone survey,"{""unclear"": 1}",focused surveys,
follow up survey,unclear,place not stated,—,maybe — needs the survey's own geography,1,1,False,household or phone survey,"{""unclear"": 1}",follow up survey,
follow up surveys,unclear,place not stated,—,maybe — needs the survey's own geography,1,1,False,household or phone survey,"{""unclear"": 1}",Follow up surveys,
follow-up enterprise surveys,unclear,place not stated,—,maybe — needs the survey's own geography,1,1,False,household or phone survey,"{""unclear"": 1}",follow-up enterprise surveys,
followup enterprise survey,unclear,place not stated,—,maybe — needs the survey's own geography,1,1,False,household or phone survey,"{""unclear"": 1}",followup Enterprise Survey,
food prices for nutrition,non_spatial,no place,—,maybe — needs the survey's own geography,1,1,False,"household or phone survey, official statistics series, registry / administrative database","{""non_spatial"": 1}",Food Prices for Nutrition Database,
food security and market,admin_linked,named area,province / region / state,maybe — needs the survey's own geography,1,1,False,"official statistics series, monitoring / tracking system, facility / asset / infrastructure records","{""admin_linked"": 1}",food security and market data,
food security and nutrition monitoring system,non_spatial,no place,—,maybe — needs the survey's own geography,1,1,False,monitoring / tracking system,"{""non_spatial"": 1}",Food Security and Nutrition Monitoring System,
food security and poverty ranking,point_geocoded,exact point,point,yes — coordinates or a layer exists,1,1,False,"named source, family not stated","{""point_geocoded"": 1}",food security and poverty ranking,
forecasted tourist arrival and population growth,admin_linked,named area,country only,maybe — needs the survey's own geography,1,1,False,"named source, family not stated","{""admin_linked"": 1}",forecasted tourist arrival and population growth data,
forest accounts,non_spatial,no place,—,unknown,1,1,False,"named source, family not stated","{""non_spatial"": 1}",forest accounts,
forest cover change maps,point_geocoded,exact point,point,yes — coordinates or a layer exists,1,1,False,"named source, family not stated","{""point_geocoded"": 1}",forest cover change maps,
forest reference emissions level of lao pdr,admin_linked,named area,country only,maybe — needs the survey's own geography,1,1,False,"named source, family not stated","{""admin_linked"": 1}",2018 Forest Reference Emissions Level of Lao PDR,
forestry survey,admin_linked,named area,country only,maybe — needs the survey's own geography,1,1,False,household or phone survey,"{""admin_linked"": 1}",Forestry Survey,
formal surveys,unclear,place not stated,—,maybe — needs the survey's own geography,1,1,False,household or phone survey,"{""unclear"": 1}",formal surveys,
fourth cameroon household survey,unclear,place not stated,—,maybe — needs the survey's own geography,1,1,False,household or phone survey,"{""unclear"": 1}",Fourth Cameroon Household Survey 2014,
frame and catch assessment surveys,admin_linked,named area,country only,maybe — needs the survey's own geography,1,1,False,household or phone survey,"{""admin_linked"": 1}",frame and catch assessment surveys,
frequent assessment and surveillance tools for resilience,unclear,place not stated,—,maybe — needs the survey's own geography,1,1,False,household or phone survey,"{""unclear"": 1}",Frequent Assessment and Surveillance Tools for Resilience,
frmps,admin_linked,named area,country only,maybe — needs the survey's own geography,1,1,False,"named source, family not stated","{""admin_linked"": 1}",FRMPs,
fsm official statistics,unclear,place not stated,—,maybe — needs the survey's own geography,1,1,False,"household or phone survey, official statistics series","{""unclear"": 1}",FSM official statistics,
fsms food security monitoring survey,admin_linked,named area,country only,no — aggregate,1,1,False,"household or phone survey, monitoring / tracking system","{""admin_linked"": 1}",FSMS Food Security Monitoring Survey,
fsps databas,admin_linked,named area,country only,maybe — needs the survey's own geography,1,1,False,registry / administrative database,"{""admin_linked"": 1}",FSPs databas,
fttp build progress report,unclear,place not stated,—,unknown,1,1,False,registry / administrative database,"{""unclear"": 1}",FTTP Build Progress Report,
g20 financial inclusion indicators,non_spatial,no place,—,no — aggregate,1,1,False,"named source, family not stated","{""non_spatial"": 1}",G20 Financial Inclusion Indicators,
gabon multi-dimensional poverty index,non_spatial,no place,—,no — aggregate,1,1,False,household or phone survey,"{""non_spatial"": 1}",Gabon Multi-dimensional Poverty Index,
gallup world poll,admin_linked,named area,country only,maybe — needs the survey's own geography,1,1,False,"named source, family not stated","{""admin_linked"": 1}",Gallup World Poll 2017,
gambia social registry,admin_linked,named area,country only,maybe — needs the survey's own geography,1,1,False,registry / administrative database,"{""admin_linked"": 1}",Gambia Social Registry,
gamsr,admin_linked,named area,country only,maybe — needs the survey's own geography,1,1,False,"named source, family not stated","{""admin_linked"": 1}",GamSR,
gaza rapid damages & needs assessment,admin_linked,named area,country only,maybe — needs the survey's own geography,1,1,False,"named source, family not stated","{""admin_linked"": 1}",Gaza Rapid Damages & Needs Assessment,
gazetted information on cmcs,admin_linked,named area,country only,maybe — needs the survey's own geography,1,1,False,registry / administrative database,"{""admin_linked"": 1}",gazetted information on CMCs,
gbv country profile -saint lucia,non_spatial,no place,—,unknown,1,1,False,"named source, family not stated","{""non_spatial"": 1}",GBV Country Profile -Saint Lucia,
gbv data management system,non_spatial,no place,—,maybe — needs the survey's own geography,1,1,False,"named source, family not stated","{""non_spatial"": 1}",GBV data management system,
gbv mapping of service providers,point_geocoded,exact point,point,yes — coordinates or a layer exists,1,1,False,mapped layer / geospatial product,"{""point_geocoded"": 1}",GBV Mapping of Service Providers,
gbv related,unclear,place not stated,—,unknown,1,1,False,"named source, family not stated","{""unclear"": 1}",GBV related data,
gbv reporting channels,non_spatial,no place,—,unknown,1,1,False,"named source, family not stated","{""non_spatial"": 1}",GBV Reporting Channels,
gdp,non_spatial,no place,—,no — aggregate,1,1,False,"named source, family not stated","{""non_spatial"": 1}",2018 GDP,
gdp and gross domestic income figures,admin_linked,named area,country only,no — aggregate,1,1,False,"named source, family not stated","{""admin_linked"": 1}",GDP and Gross Domestic Income figures,
gdp forecasts,non_spatial,no place,—,no — aggregate,1,1,False,"official statistics series, facility / asset / infrastructure records","{""non_spatial"": 1}",GDP forecasts,
gdp growth rate,non_spatial,no place,—,no — aggregate,1,1,False,"named source, family not stated","{""non_spatial"": 1}",GDP growth rate,
gdp national accounts,non_spatial,no place,—,no — aggregate,1,1,False,"named source, family not stated","{""non_spatial"": 1}",GDP National Accounts,
gender and disability desegregated household demographic informa,admin_linked,named area,country only,maybe — needs the survey's own geography,1,1,False,household or phone survey,"{""admin_linked"": 1}",gender and disability desegregated household demographic information,
gender and socially disaggregated,non_spatial,no place,—,maybe — needs the survey's own geography,1,1,False,monitoring / tracking system,"{""non_spatial"": 1}",gender and socially disaggregated data,
gender assessment,non_spatial,no place,—,unknown,1,1,False,"named source, family not stated","{""non_spatial"": 1}",2017 Gender Assessment,
gender development index,admin_linked,named area,country only,no — aggregate,1,1,False,"named source, family not stated","{""admin_linked"": 1}",Gender Development Index,
gender disaggregate,non_spatial,no place,—,unknown,1,1,False,"named source, family not stated","{""non_spatial"": 1}",gender disaggregate data,
gender disaggregated midline and endline beneficiary survey,unclear,place not stated,—,maybe — needs the survey's own geography,1,1,False,household or phone survey,"{""unclear"": 1}","gender disaggregated baseline, midline, and endline beneficiary survey",
gender equality index,non_spatial,no place,—,no — aggregate,1,1,False,"named source, family not stated","{""non_spatial"": 1}",Gender Equality Index,
gender hr survey,unclear,place not stated,—,maybe — needs the survey's own geography,1,1,False,household or phone survey,"{""unclear"": 1}",Gender HR survey,
gender inequalities index,admin_linked,named area,country only,no — aggregate,1,1,False,"named source, family not stated","{""admin_linked"": 1}",Gender Inequalities Index,
gender inequality index (database),non_spatial,no place,—,no — aggregate,1,1,False,registry / administrative database,"{""non_spatial"": 1}",Gender Inequality Index (database),
gender monitoring,unclear,place not stated,—,maybe — needs the survey's own geography,1,1,False,monitoring / tracking system,"{""unclear"": 1}",Gender Monitoring,
gender relevant,unclear,place not stated,—,unknown,1,1,False,registry / administrative database,"{""unclear"": 1}",gender relevant data,
gender statistical,admin_linked,named area,country only,maybe — needs the survey's own geography,1,1,False,official statistics series,"{""admin_linked"": 1}",gender statistical data,
gender statistics,admin_linked,named area,country only,maybe — needs the survey's own geography,1,1,False,"official statistics series, registry / administrative database","{""admin_linked"": 1}",Gender Statistics Database,
gender-based violence mapping,admin_linked,named area,country only,yes — coordinates or a layer exists,1,1,False,mapped layer / geospatial product,"{""admin_linked"": 1}",Gender-based violence mapping,
gender-disaggregated agropastoral statistics in cameroon,admin_linked,named area,country only,maybe — needs the survey's own geography,1,1,False,official statistics series,"{""admin_linked"": 1}",gender-disaggregated agropastoral statistics in Cameroon,
gender-disaggregated data and data by grade,non_spatial,no place,—,unknown,1,1,False,"named source, family not stated","{""non_spatial"": 1}",gender-disaggregated data and data by grade,
gender-disaggregated data from monitoring surveys,unclear,place not stated,—,maybe — needs the survey's own geography,1,1,False,"household or phone survey, monitoring / tracking system","{""unclear"": 1}",gender-disaggregated data from monitoring surveys,
gender-disaggregated data on employment in procurement functions,unclear,place not stated,—,maybe — needs the survey's own geography,1,1,False,household or phone survey,"{""unclear"": 1}",gender-disaggregated data on employment in procurement functions,
gender-disaggregated data on msmes,admin_linked,named area,province / region / state,unknown,1,1,False,"named source, family not stated","{""admin_linked"": 1}",gender-disaggregated data on MSMEs,
gender-disaggregated financial,non_spatial,no place,—,no — aggregate,1,1,False,"named source, family not stated","{""non_spatial"": 1}",gender-disaggregated financial data,
gender-disaggregated mobility data for foz do r o itaja,admin_linked,named area,country only,maybe — needs the survey's own geography,1,1,False,"named source, family not stated","{""admin_linked"": 1}",Gender-disaggregated mobility data for Foz do Río Itajaí,
gender-disaggregated road-user satisfaction surveys,unclear,place not stated,—,maybe — needs the survey's own geography,1,1,False,"household or phone survey, monitoring / tracking system, facility / asset / infrastructure records","{""unclear"": 1}",gender-disaggregated road-user satisfaction surveys,
gender-disaggregated workforce and pension report,non_spatial,no place,—,unknown,1,1,False,"named source, family not stated","{""non_spatial"": 1}",Annual gender-disaggregated workforce and pension report,
gender-related data from gis,admin_linked,named area,country only,yes — coordinates or a layer exists,1,1,False,mapped layer / geospatial product,"{""admin_linked"": 1}",gender-related data from GIS,
gender-sensitive surveys,unclear,place not stated,—,maybe — needs the survey's own geography,1,1,False,household or phone survey,"{""unclear"": 1}",gender-sensitive surveys,
genderdisaggregated,unclear,place not stated,—,unknown,1,1,False,"named source, family not stated","{""unclear"": 1}",genderdisaggregated data,
general administration department (gad),admin_linked,named area,district / sub-county,maybe — needs the survey's own geography,1,1,False,"named source, family not stated","{""admin_linked"": 1}",General Administration Department (GAD) 2017 data,
general census,admin_linked,named area,province / region / state,maybe — needs the survey's own geography,1,1,False,household or phone survey,"{""admin_linked"": 1}",2014 general census,
general census of agriculture,admin_linked,named area,country only,maybe — needs the survey's own geography,1,1,False,household or phone survey,"{""admin_linked"": 1}",General Census of Agriculture,
geo-referenced,admin_linked,named area,not stated,yes — coordinates or a layer exists,1,1,False,"household or phone survey, mapped layer / geospatial product","{""admin_linked"": 1}",geo-referenced data,
geo-referenced national,admin_linked,named area,country only,yes — coordinates or a layer exists,1,1,False,mapped layer / geospatial product,"{""admin_linked"": 1}",geo-referenced national data,
geo-spatial data sets,admin_linked,named area,not stated,unknown,1,1,False,registry / administrative database,"{""admin_linked"": 1}",geo-spatial data sets,
geo-tagged,point_geocoded,exact point,point,yes — coordinates or a layer exists,1,1,False,"named source, family not stated","{""point_geocoded"": 1}",geo-tagged data,
geodata,point_geocoded,exact point,point,yes — coordinates or a layer exists,1,1,False,mapped layer / geospatial product,"{""point_geocoded"": 1}",geodata,
geodata repository,admin_linked,named area,country only,maybe — needs the survey's own geography,1,1,False,mapped layer / geospatial product,"{""admin_linked"": 1}",geodata repository,
geographic information system-enabled,point_geocoded,exact point,point,yes — coordinates or a layer exists,1,1,False,monitoring / tracking system,"{""point_geocoded"": 1}",Geographic Information System-enabled data,
geoinformation and cartography,point_geocoded,exact point,point,yes — coordinates or a layer exists,1,1,False,registry / administrative database,"{""point_geocoded"": 1}",geoinformation and cartography database,
geolocation,point_geocoded,exact point,point,yes — coordinates or a layer exists,1,1,False,"named source, family not stated","{""point_geocoded"": 1}",geolocation data,
geological survey,admin_linked,named area,province / region / state,maybe — needs the survey's own geography,1,1,False,household or phone survey,"{""admin_linked"": 1}",geological survey,
georeferenced,admin_linked,named area,country only,yes — coordinates or a layer exists,1,1,False,mapped layer / geospatial product,"{""admin_linked"": 1}",georeferenced data,
georeferenced and standardized data of traffic fatalities,admin_linked,named area,country only,yes — coordinates or a layer exists,1,1,False,mapped layer / geospatial product,"{""admin_linked"": 1}",georeferenced and standardized data of traffic fatalities,
georeferenced beneficiary counts,point_geocoded,exact point,point,yes — coordinates or a layer exists,1,1,False,mapped layer / geospatial product,"{""point_geocoded"": 1}",georeferenced beneficiary counts,
geoscientific surveys,point_geocoded,exact point,point,yes — coordinates or a layer exists,1,1,False,household or phone survey,"{""point_geocoded"": 1}",geoscientific surveys,
geospatial and survey,point_geocoded,exact point,point,yes — coordinates or a layer exists,1,1,False,household or phone survey,"{""point_geocoded"": 1}",geospatial and survey data,
geospatial data sets,point_geocoded,exact point,point,yes — coordinates or a layer exists,1,1,False,registry / administrative database,"{""point_geocoded"": 1}",geospatial data sets,
geospatial information,point_geocoded,exact point,point,yes — coordinates or a layer exists,1,1,False,satellite / raster / index,"{""point_geocoded"": 1}",geospatial information,
geospatial information systems,point_geocoded,exact point,point,yes — coordinates or a layer exists,1,1,False,"named source, family not stated","{""point_geocoded"": 1}",geospatial information systems,
geospatial population,admin_linked,named area,not stated,unknown,1,1,False,"named source, family not stated","{""admin_linked"": 1}",geospatial population data,
geosrbija,point_geocoded,exact point,point,yes — coordinates or a layer exists,1,1,False,"named source, family not stated","{""point_geocoded"": 1}",GeoSrbija,
geotechnical and road condition surveys,point_geocoded,exact point,point,yes — coordinates or a layer exists,1,1,False,"household or phone survey, facility / asset / infrastructure records","{""point_geocoded"": 1}",geotechnical and road condition surveys,
geotechnical survey,point_geocoded,exact point,point,yes — coordinates or a layer exists,1,1,False,household or phone survey,"{""point_geocoded"": 1}",geotechnical survey,
geotechnical/condition surveys,admin_linked,named area,not stated,maybe — needs the survey's own geography,1,1,False,"household or phone survey, facility / asset / infrastructure records","{""admin_linked"": 1}",geotechnical/condition surveys,
ges teacher deployment and posting records,admin_linked,named area,not stated,maybe — needs the survey's own geography,1,1,False,facility / asset / infrastructure records,"{""admin_linked"": 1}",GES teacher deployment and posting records,
ges teacher deployment records,admin_linked,named area,point,maybe — needs the survey's own geography,1,1,False,facility / asset / infrastructure records,"{""admin_linked"": 1}",GES teacher deployment records,
ges teacher training records,unclear,place not stated,—,maybe — needs the survey's own geography,1,1,False,facility / asset / infrastructure records,"{""unclear"": 1}",GES teacher training records,
ges/moe textbook distribution and inventory records,unclear,place not stated,—,maybe — needs the survey's own geography,1,1,False,facility / asset / infrastructure records,"{""unclear"": 1}",GES/MoE textbook distribution and inventory records,
ghana demographic and housing survey,unclear,place not stated,—,maybe — needs the survey's own geography,1,1,False,"household or phone survey, facility / asset / infrastructure records","{""unclear"": 1}",2014 Ghana Demographic and Housing Survey,
ghana living standards survey,admin_linked,named area,country only,maybe — needs the survey's own geography,1,1,False,household or phone survey,"{""admin_linked"": 1}",Ghana Living Standards Survey,
ghg estimates,admin_linked,named area,country only,maybe — needs the survey's own geography,1,1,False,"named source, family not stated","{""admin_linked"": 1}",GHG estimates,
ghg inventory,admin_linked,named area,country only,maybe — needs the survey's own geography,1,1,False,"named source, family not stated","{""admin_linked"": 1}",GHG inventory data,
gime s survey,non_spatial,no place,—,maybe — needs the survey's own geography,1,1,False,household or phone survey,"{""non_spatial"": 1}",2024 GIME´s survey,
gini coefficient statistics,admin_linked,named area,province / region / state,maybe — needs the survey's own geography,1,1,False,official statistics series,"{""admin_linked"": 1}",Gini coefficient statistics,
girafe,unclear,place not stated,—,maybe — needs the survey's own geography,1,1,False,registry / administrative database,"{""unclear"": 1}",GIRAFE database,
gis based climate,admin_linked,named area,not stated,yes — coordinates or a layer exists,1,1,False,mapped layer / geospatial product,"{""admin_linked"": 1}",GIS based climate data,
gis data on vulnerable populations,point_geocoded,exact point,point,yes — coordinates or a layer exists,1,1,False,mapped layer / geospatial product,"{""point_geocoded"": 1}",GIS data on vulnerable populations,
gisreferenced inventory of assets,admin_linked,named area,not stated,maybe — needs the survey's own geography,1,1,False,"named source, family not stated","{""admin_linked"": 1}",GISreferenced inventory of assets,
global burden of disease (gbd) study results,non_spatial,no place,—,unknown,1,1,False,"named source, family not stated","{""non_spatial"": 1}",Global Burden of Disease (GBD) Study 2019 Results,
global competitiveness rankings,non_spatial,no place,—,unknown,1,1,False,"named source, family not stated","{""non_spatial"": 1}",Global Competitiveness rankings,
global connectivity index,non_spatial,no place,—,no — aggregate,1,1,False,"named source, family not stated","{""non_spatial"": 1}",Global Connectivity Index,
global cybersecurity capacity rankings,non_spatial,no place,—,unknown,1,1,False,"named source, family not stated","{""non_spatial"": 1}",global cybersecurity capacity rankings,
global data regulation diagnostic,non_spatial,no place,—,maybe — needs the survey's own geography,1,1,False,household or phone survey,"{""non_spatial"": 1}",Global Data Regulation Diagnostic,
global data regulation diagnostic survey,non_spatial,no place,—,maybe — needs the survey's own geography,1,1,False,household or phone survey,"{""non_spatial"": 1}",Global Data Regulation Diagnostic Survey,
global database on violence against women,admin_linked,named area,country only,maybe — needs the survey's own geography,1,1,False,registry / administrative database,"{""admin_linked"": 1}",Global Database on Violence Against Women,
global development index,non_spatial,no place,—,no — aggregate,1,1,False,"named source, family not stated","{""non_spatial"": 1}",Global Development Index,
global development indicators,admin_linked,named area,country only,maybe — needs the survey's own geography,1,1,False,"named source, family not stated","{""admin_linked"": 1}",global development indicators,
global economic prospects,non_spatial,no place,—,unknown,1,1,False,"named source, family not stated","{""non_spatial"": 1}",Global Economic Prospects,
global enterprise monitor survey,non_spatial,no place,—,maybe — needs the survey's own geography,1,1,False,household or phone survey,"{""non_spatial"": 1}",Global Enterprise Monitor survey,
global entrepreneurship index,non_spatial,no place,—,no — aggregate,1,1,False,"named source, family not stated","{""non_spatial"": 1}",2018 Global Entrepreneurship Index,
global financial development,admin_linked,named area,country only,no — aggregate,1,1,False,registry / administrative database,"{""admin_linked"": 1}",Global Financial Development Database,
global human development index,admin_linked,named area,country only,no — aggregate,1,1,False,"named source, family not stated","{""admin_linked"": 1}",global Human Development Index,
global landslide hazard map,admin_linked,named area,country only,maybe — needs the survey's own geography,1,1,False,"named source, family not stated","{""admin_linked"": 1}",Global Landslide_ _Hazard Map_,
global monitoring report,non_spatial,no place,—,maybe — needs the survey's own geography,1,1,False,monitoring / tracking system,"{""non_spatial"": 1}",Global Monitoring Report,
global monitoring report on financial protection in health,non_spatial,no place,—,no — aggregate,1,1,False,monitoring / tracking system,"{""non_spatial"": 1}",Global Monitoring Report on Financial Protection in Health,
global of school infrastructure,admin_linked,named area,point,maybe — needs the survey's own geography,1,1,False,facility / asset / infrastructure records,"{""admin_linked"": 1}",Global Baseline of School Infrastructure,
global panel dataset of 92 economies,non_spatial,no place,—,unknown,1,1,False,registry / administrative database,"{""non_spatial"": 1}",global panel dataset of 92 economies,
global positioning systems,point_geocoded,exact point,point,yes — coordinates or a layer exists,1,1,False,"named source, family not stated","{""point_geocoded"": 1}",global positioning systems,
global quality infrastructure index,non_spatial,no place,—,no — aggregate,1,1,False,"named source, family not stated","{""non_spatial"": 1}",Global Quality Infrastructure Index,
global rapid post-disaster damage estimation,point_geocoded,exact point,point,yes — coordinates or a layer exists,1,1,False,"named source, family not stated","{""point_geocoded"": 1}",Global Rapid Post-Disaster Damage Estimation,
global road safety status report,admin_linked,named area,country only,maybe — needs the survey's own geography,1,1,False,facility / asset / infrastructure records,"{""admin_linked"": 1}",Global Road Safety Status Report series,
global solar atlas,admin_linked,named area,not stated,unknown,1,1,False,"named source, family not stated","{""admin_linked"": 1}",Global Solar Atlas,
global spi,non_spatial,no place,—,maybe — needs the survey's own geography,1,1,False,registry / administrative database,"{""non_spatial"": 1}",global SPI database,
global status report,non_spatial,no place,—,unknown,1,1,False,"named source, family not stated","{""non_spatial"": 1}",Global Status Report,
global tracking framework,non_spatial,no place,—,unknown,1,1,False,monitoring / tracking system,"{""non_spatial"": 1}",Global Tracking Framework,
glss,unclear,place not stated,—,maybe — needs the survey's own geography,1,1,False,household or phone survey,"{""unclear"": 1}",GLSS 2016/17 data,
gmma rap study,admin_linked,named area,not stated,unknown,1,1,False,"named source, family not stated","{""admin_linked"": 1}",GMMA RAP study,
google api queries,unclear,place not stated,—,unknown,1,1,False,"named source, family not stated","{""unclear"": 1}",Google API queries,
gov statistics,unclear,place not stated,—,unknown,1,1,False,official statistics series,"{""unclear"": 1}",GoV statistics,
government administrative,unclear,place not stated,—,maybe — needs the survey's own geography,1,1,False,registry / administrative database,"{""unclear"": 1}",government administrative data,
government census,admin_linked,named area,country only,maybe — needs the survey's own geography,1,1,False,household or phone survey,"{""admin_linked"": 1}",government census,
government databases,admin_linked,named area,district / sub-county,maybe — needs the survey's own geography,1,1,False,registry / administrative database,"{""admin_linked"": 1}",government databases,
government finance statistics,non_spatial,no place,—,unknown,1,1,False,official statistics series,"{""non_spatial"": 1}",government finance statistics,
government financial management information systems,non_spatial,no place,—,no — aggregate,1,1,False,"named source, family not stated","{""non_spatial"": 1}",Government Financial Management Information Systems,
government information systems,non_spatial,no place,—,maybe — needs the survey's own geography,1,1,False,"named source, family not stated","{""non_spatial"": 1}",government information systems,
government official statistics,unclear,place not stated,—,unknown,1,1,False,official statistics series,"{""unclear"": 1}",Government official statistics,
government registries,unclear,place not stated,—,maybe — needs the survey's own geography,1,1,False,registry / administrative database,"{""unclear"": 1}",government registries,
government reports and logs of data platforms,non_spatial,no place,—,unknown,1,1,False,"named source, family not stated","{""non_spatial"": 1}",government reports and logs of data platforms,
government-led interagency rapid assessment,point_geocoded,exact point,point,yes — coordinates or a layer exists,1,1,False,"named source, family not stated","{""point_geocoded"": 1}",government-led Interagency Rapid Assessment,
government-wide and private sector data assets,non_spatial,no place,—,unknown,1,1,False,"named source, family not stated","{""non_spatial"": 1}",government-wide and private sector data assets,
gps/level survey,point_geocoded,exact point,point,yes — coordinates or a layer exists,1,1,False,household or phone survey,"{""point_geocoded"": 1}",GPS/level survey data,
gr invoices and payment receipts,non_spatial,no place,—,no — aggregate,1,1,False,"named source, family not stated","{""non_spatial"": 1}",GR invoices and payment receipts,
graduate tracking surveys,non_spatial,no place,—,maybe — needs the survey's own geography,1,1,False,"household or phone survey, monitoring / tracking system","{""non_spatial"": 1}",Graduate tracking surveys,
graduate tracking system,unclear,place not stated,—,maybe — needs the survey's own geography,1,1,False,monitoring / tracking system,"{""unclear"": 1}",Graduate tracking system,
graduates outcome survey,unclear,place not stated,—,maybe — needs the survey's own geography,1,1,False,household or phone survey,"{""unclear"": 1}",Graduates Outcome Survey,
greater metro manila area risk assessment program,admin_linked,named area,not stated,unknown,1,1,False,"named source, family not stated","{""admin_linked"": 1}",Greater Metro Manila Area Risk Assessment Program,
grenada education statistical digest,non_spatial,no place,—,unknown,1,1,False,official statistics series,"{""non_spatial"": 1}",Grenada Education Statistical Digest 2015,
grenada labor force survey,non_spatial,no place,—,maybe — needs the survey's own geography,1,1,False,"household or phone survey, official statistics series","{""non_spatial"": 1}",Grenada Labor Force Survey,
gridded population,point_geocoded,exact point,point,yes — coordinates or a layer exists,1,1,False,"satellite / raster / index, household or phone survey, monitoring / tracking system","{""point_geocoded"": 1}",gridded population data,
gridded reanalysis,national_spatial_derived,mapped / satellite,country only,yes — coordinates or a layer exists,1,1,False,satellite / raster / index,"{""national_spatial_derived"": 1}",Gridded reanalysis data,
grm records,unclear,place not stated,—,maybe — needs the survey's own geography,1,1,False,"named source, family not stated","{""unclear"": 1}",GRM records,
grm registry,admin_linked,named area,country only,maybe — needs the survey's own geography,1,1,False,registry / administrative database,"{""admin_linked"": 1}",GRM registry,
grm system,admin_linked,named area,country only,maybe — needs the survey's own geography,1,1,False,"named source, family not stated","{""admin_linked"": 1}",GRM system,
ground,point_geocoded,exact point,point,yes — coordinates or a layer exists,1,1,False,"satellite / raster / index, monitoring / tracking system","{""point_geocoded"": 1}",ground data,
ground-based surveys,unclear,place not stated,—,maybe — needs the survey's own geography,1,1,False,household or phone survey,"{""unclear"": 1}",ground-based surveys,
groundwater,point_geocoded,exact point,point,yes — coordinates or a layer exists,1,1,False,monitoring / tracking system,"{""point_geocoded"": 1}",groundwater data,
groundwater monitoring,admin_linked,named area,not stated,maybe — needs the survey's own geography,1,1,False,monitoring / tracking system,"{""admin_linked"": 1}",groundwater monitoring,
groundwater monitoring boreholes,point_geocoded,exact point,point,yes — coordinates or a layer exists,1,1,False,"monitoring / tracking system, facility / asset / infrastructure records","{""point_geocoded"": 1}",groundwater monitoring boreholes,
groundwater monitoring network,admin_linked,named area,not stated,maybe — needs the survey's own geography,1,1,False,monitoring / tracking system,"{""admin_linked"": 1}",groundwater monitoring network,
groundwater monitoring pilot,point_geocoded,exact point,point,yes — coordinates or a layer exists,1,1,False,monitoring / tracking system,"{""point_geocoded"": 1}",groundwater monitoring pilot,
gse project progress reports,non_spatial,no place,—,maybe — needs the survey's own geography,1,1,False,"registry / administrative database, monitoring / tracking system","{""non_spatial"": 1}",GSE Project Progress Reports,
gsma,non_spatial,no place,—,unknown,1,1,False,official statistics series,"{""non_spatial"": 1}",GSMA data,
gsma data,non_spatial,no place,—,unknown,1,1,False,facility / asset / infrastructure records,"{""non_spatial"": 1}",GSMA Data 2022,
gsma mobile connectivity index,non_spatial,no place,—,no — aggregate,1,1,False,"named source, family not stated","{""non_spatial"": 1}",GSMA Mobile Connectivity Index,
gsma s mobile connectivity index,non_spatial,no place,—,no — aggregate,1,1,False,"named source, family not stated","{""non_spatial"": 1}",GSMA's 2019 mobile connectivity index,
gsqac,admin_linked,named area,point,maybe — needs the survey's own geography,1,1,False,facility / asset / infrastructure records,"{""admin_linked"": 1}",GSQAC,
gst transactional,unclear,place not stated,—,unknown,1,1,False,"named source, family not stated","{""unclear"": 1}",GST transactional data,
gstn,unclear,place not stated,—,maybe — needs the survey's own geography,1,1,False,"named source, family not stated","{""unclear"": 1}",GSTN,
guarantee claim records and loan registers,unclear,place not stated,—,maybe — needs the survey's own geography,1,1,False,"named source, family not stated","{""unclear"": 1}",guarantee claim records and loan registers,
guinea s country demographic information,admin_linked,named area,country only,yes — coordinates or a layer exists,1,1,False,"named source, family not stated","{""admin_linked"": 1}",Guinea’s country demographic information,
gujarat achievements survey,admin_linked,named area,province / region / state,maybe — needs the survey's own geography,1,1,False,household or phone survey,"{""admin_linked"": 1}",Gujarat Achievements Survey,
guyana covid-19 emergency response project,non_spatial,no place,—,unknown,1,1,False,"named source, family not stated","{""non_spatial"": 1}",Guyana COVID-19 Emergency Response Project,
h/h survey,unclear,place not stated,—,maybe — needs the survey's own geography,1,1,False,household or phone survey,"{""unclear"": 1}",H/H survey,
haisc records,admin_linked,named area,country only,maybe — needs the survey's own geography,1,1,False,"named source, family not stated","{""admin_linked"": 1}",HAISC records,
haiti mobility data platform,admin_linked,named area,country only,maybe — needs the survey's own geography,1,1,False,"named source, family not stated","{""admin_linked"": 1}",Haiti Mobility Data Platform,
haiti world bank enterprise survey,unclear,place not stated,—,maybe — needs the survey's own geography,1,1,False,household or phone survey,"{""unclear"": 1}",2019 Haiti World Bank Enterprise Survey,
harmonised index of consumer prices,admin_linked,named area,country only,no — aggregate,1,1,False,official statistics series,"{""admin_linked"": 1}",Harmonised Index of Consumer Prices,
harmonized socio-economic database for latin america and caribbe,non_spatial,no place,—,maybe — needs the survey's own geography,1,1,False,registry / administrative database,"{""non_spatial"": 1}",harmonized Socio-Economic Database for Latin America and the Caribbean,
harmonized surveys,unclear,place not stated,—,maybe — needs the survey's own geography,1,1,False,household or phone survey,"{""unclear"": 1}",2020 harmonized surveys,
hazard and climate assessment maps and,point_geocoded,exact point,point,yes — coordinates or a layer exists,1,1,False,"named source, family not stated","{""point_geocoded"": 1}",hazard and climate assessment maps and data,
hazard exposure maps,admin_linked,named area,country only,maybe — needs the survey's own geography,1,1,False,"named source, family not stated","{""admin_linked"": 1}",hazard exposure maps,
hbs 12,unclear,place not stated,—,maybe — needs the survey's own geography,1,1,False,registry / administrative database,"{""unclear"": 1}",HBS 2011–12,
hbs-slc,unclear,place not stated,—,no — aggregate,1,1,False,household or phone survey,"{""unclear"": 1}",HBS-SLC,
hcc/gpg,admin_linked,named area,country only,maybe — needs the survey's own geography,1,1,False,"named source, family not stated","{""admin_linked"": 1}",HCC/GPG data,
hces,unclear,place not stated,—,maybe — needs the survey's own geography,1,1,False,household or phone survey,"{""unclear"": 1}",HCES,
hco,admin_linked,named area,district / sub-county,unknown,1,1,False,"named source, family not stated","{""admin_linked"": 1}",HCO data,
hdim,admin_linked,named area,not stated,no — aggregate,1,1,False,"named source, family not stated","{""admin_linked"": 1}",HDIM,
hdr report,non_spatial,no place,—,unknown,1,1,False,"named source, family not stated","{""non_spatial"": 1}",HDR report 2020,
health and demographics surveys,unclear,place not stated,—,maybe — needs the survey's own geography,1,1,False,household or phone survey,"{""unclear"": 1}",health and demographics surveys,
health and meteorologic,point_geocoded,exact point,point,yes — coordinates or a layer exists,1,1,False,"named source, family not stated","{""point_geocoded"": 1}",health and meteorologic data,
health dossier,admin_linked,named area,country only,maybe — needs the survey's own geography,1,1,False,"named source, family not stated","{""admin_linked"": 1}",Health Dossier 2021,
health facility patient exit survey,point_geocoded,exact point,point,yes — coordinates or a layer exists,1,1,False,"household or phone survey, facility / asset / infrastructure records","{""point_geocoded"": 1}",Health Facility Patient Exit Survey,
health facility survey,admin_linked,named area,point,maybe — needs the survey's own geography,1,1,False,"household or phone survey, facility / asset / infrastructure records","{""admin_linked"": 1}",Health Facility Survey,
health facility surveys,admin_linked,named area,point,maybe — needs the survey's own geography,1,1,False,"household or phone survey, facility / asset / infrastructure records","{""admin_linked"": 1}",health facility surveys,
health facility-based data managed by moh,admin_linked,named area,point,maybe — needs the survey's own geography,1,1,False,facility / asset / infrastructure records,"{""admin_linked"": 1}",health facility-based data managed by the MoH,
health indicator monitoring,admin_linked,named area,country only,maybe — needs the survey's own geography,1,1,False,monitoring / tracking system,"{""admin_linked"": 1}",health indicator monitoring,
health intervention prioritization statistics,unclear,place not stated,—,yes — coordinates or a layer exists,1,1,False,"official statistics series, mapped layer / geospatial product","{""unclear"": 1}",Health Intervention Prioritization statistics,
health management information systems,admin_linked,named area,country only,maybe — needs the survey's own geography,1,1,False,registry / administrative database,"{""admin_linked"": 1}",health management information systems,
health outcome indicators,admin_linked,named area,country only,no — aggregate,1,1,False,"named source, family not stated","{""admin_linked"": 1}",Health outcome indicators,
health records,non_spatial,no place,—,maybe — needs the survey's own geography,1,1,False,"named source, family not stated","{""non_spatial"": 1}",health records,
health reports,unclear,place not stated,—,maybe — needs the survey's own geography,1,1,False,household or phone survey,"{""unclear"": 1}",Annual Health Reports,
health resources and service availability monitoring system,unclear,place not stated,—,maybe — needs the survey's own geography,1,1,False,monitoring / tracking system,"{""unclear"": 1}",Health Resources and Service Availability Monitoring System,
health resources and services availability monitoring system,point_geocoded,exact point,point,yes — coordinates or a layer exists,1,1,False,"official statistics series, monitoring / tracking system","{""point_geocoded"": 1}",Health Resources and Services Availability Monitoring System,
health service delivery and commodities,admin_linked,named area,province / region / state,maybe — needs the survey's own geography,1,1,False,monitoring / tracking system,"{""admin_linked"": 1}",health service delivery and commodities data,
health service functionality,admin_linked,named area,country only,maybe — needs the survey's own geography,1,1,False,"named source, family not stated","{""admin_linked"": 1}",health service functionality data,
health service user surveys,admin_linked,named area,not stated,maybe — needs the survey's own geography,1,1,False,household or phone survey,"{""admin_linked"": 1}",health service user surveys,
health services mapping exercise,point_geocoded,exact point,point,yes — coordinates or a layer exists,1,1,False,mapped layer / geospatial product,"{""point_geocoded"": 1}",Health Services Mapping exercise,
health statistics yearbook,unclear,place not stated,—,unknown,1,1,False,"official statistics series, registry / administrative database","{""unclear"": 1}",Health Statistics Yearbook,
health survey report,non_spatial,no place,—,maybe — needs the survey's own geography,1,1,False,household or phone survey,"{""non_spatial"": 1}",Health Survey Report,
health survey update,admin_linked,named area,district / sub-county,maybe — needs the survey's own geography,1,1,False,household or phone survey,"{""admin_linked"": 1}",Annual Health Survey update,
health surveys,unclear,place not stated,—,maybe — needs the survey's own geography,1,1,False,household or phone survey,"{""unclear"": 1}",Health Surveys 2006-2018,
health worker registry,admin_linked,named area,country only,maybe — needs the survey's own geography,1,1,False,registry / administrative database,"{""admin_linked"": 1}",health worker registry,
hh surveys,unclear,place not stated,—,maybe — needs the survey's own geography,1,1,False,household or phone survey,"{""unclear"": 1}",HH surveys,
high frequency mobile vulnerability analysis and mapping,admin_linked,named area,not stated,yes — coordinates or a layer exists,1,1,False,"household or phone survey, mapped layer / geospatial product","{""admin_linked"": 1}",high frequency Mobile Vulnerability Analysis and Mapping,
high frequency survey using mobile phones,unclear,place not stated,—,maybe — needs the survey's own geography,1,1,False,household or phone survey,"{""unclear"": 1}",high frequency survey using mobile phones,
high-frequency,admin_linked,named area,not stated,unknown,1,1,False,"named source, family not stated","{""admin_linked"": 1}",high-frequency data,
high-frequency crisis monitoring survey,unclear,place not stated,—,maybe — needs the survey's own geography,1,1,False,"household or phone survey, monitoring / tracking system","{""unclear"": 1}",high-frequency crisis monitoring survey,
high-frequency phone survey,non_spatial,no place,—,maybe — needs the survey's own geography,1,1,False,"household or phone survey, facility / asset / infrastructure records","{""non_spatial"": 1}",High-Frequency Phone Survey,
high-frequency phone surveys,non_spatial,no place,—,maybe — needs the survey's own geography,1,1,False,household or phone survey,"{""non_spatial"": 1}",High-Frequency Phone Surveys,
high-frequency surveys,unclear,place not stated,—,maybe — needs the survey's own geography,1,1,False,household or phone survey,"{""unclear"": 1}",High-frequency Surveys,
high-quality,unclear,place not stated,—,maybe — needs the survey's own geography,1,1,False,monitoring / tracking system,"{""unclear"": 1}",high-quality data,
historical,unclear,place not stated,—,unknown,1,1,False,"named source, family not stated","{""unclear"": 1}",Historical data,
historical irrigation,admin_linked,named area,not stated,unknown,1,1,False,"named source, family not stated","{""admin_linked"": 1}",historical irrigation data,
historical paper archives of birth registration,admin_linked,named area,not stated,maybe — needs the survey's own geography,1,1,False,registry / administrative database,"{""admin_linked"": 1}",historical paper archives of birth registration,
hiv/aids information system,unclear,place not stated,—,maybe — needs the survey's own geography,1,1,False,"named source, family not stated","{""unclear"": 1}",HIV/AIDS Information System,
hmis report,unclear,place not stated,—,unknown,1,1,False,official statistics series,"{""unclear"": 1}",Annual HMIS report,
house budget survey,unclear,place not stated,—,no — aggregate,1,1,False,household or phone survey,"{""unclear"": 1}",2022 House Budget Survey,
household access to ict survey,unclear,place not stated,—,maybe — needs the survey's own geography,1,1,False,household or phone survey,"{""unclear"": 1}",Household Access to ICT Survey,
household and establishment surveys,non_spatial,no place,—,maybe — needs the survey's own geography,1,1,False,household or phone survey,"{""non_spatial"": 1}",household and establishment surveys,
household and intercept surveys,admin_linked,named area,not stated,maybe — needs the survey's own geography,1,1,False,household or phone survey,"{""admin_linked"": 1}",Household and intercept surveys,
household and labor force surveys,non_spatial,no place,—,maybe — needs the survey's own geography,1,1,False,"household or phone survey, official statistics series","{""non_spatial"": 1}",household and labor force surveys,
household budget and labor force surveys,non_spatial,no place,—,no — aggregate,1,1,False,"household or phone survey, official statistics series","{""non_spatial"": 1}",household budget and labor force surveys,
household budget and living conditions survey,unclear,place not stated,—,no — aggregate,1,1,False,household or phone survey,"{""unclear"": 1}",Household Budget and Living Conditions Survey,
household budget surveys,unclear,place not stated,—,no — aggregate,1,1,False,household or phone survey,"{""unclear"": 1}",household Budget Surveys,
household consumption,unclear,place not stated,—,no — aggregate,1,1,False,household or phone survey,"{""unclear"": 1}",household consumption data,
household consumption and expenditure survey,unclear,place not stated,—,no — aggregate,1,1,False,household or phone survey,"{""unclear"": 1}",Household Consumption and Expenditure Survey,
household consumption distribution by decile,non_spatial,no place,—,maybe — needs the survey's own geography,1,1,False,"household or phone survey, official statistics series","{""non_spatial"": 1}",Household consumption distribution by decile,
household coverage surveys,unclear,place not stated,—,maybe — needs the survey's own geography,1,1,False,household or phone survey,"{""unclear"": 1}",Household coverage surveys,
household data from samoa bureau of statistics,non_spatial,no place,—,maybe — needs the survey's own geography,1,1,False,"household or phone survey, official statistics series","{""non_spatial"": 1}",household data from Samoa Bureau of Statistics,
household demographic,admin_linked,named area,not stated,maybe — needs the survey's own geography,1,1,False,household or phone survey,"{""admin_linked"": 1}",household demographic data,
household expenditure income and consumption survey,unclear,place not stated,—,maybe — needs the survey's own geography,1,1,False,"household or phone survey, official statistics series","{""unclear"": 1}",Household Expenditure Income and Consumption Survey,
household farm and employment surveys,admin_linked,named area,country only,maybe — needs the survey's own geography,1,1,False,"household or phone survey, official statistics series","{""admin_linked"": 1}","household, farm, and employment surveys",
household harmonized survey,non_spatial,no place,—,maybe — needs the survey's own geography,1,1,False,household or phone survey,"{""non_spatial"": 1}",household harmonized survey,
household health survey,admin_linked,named area,country only,maybe — needs the survey's own geography,1,1,False,household or phone survey,"{""admin_linked"": 1}",Household Health Survey,
household health utilization and expenditure survey,admin_linked,named area,country only,no — aggregate,1,1,False,"household or phone survey, official statistics series","{""admin_linked"": 1}",Household Health Utilization and Expenditure Survey,
household income & expenditure survey,unclear,place not stated,—,maybe — needs the survey's own geography,1,1,False,household or phone survey,"{""unclear"": 1}",2020/21 Household Income & Expenditure Survey_,
household income and expenditure surevey,unclear,place not stated,—,maybe — needs the survey's own geography,1,1,False,household or phone survey,"{""unclear"": 1}",Household Income and Expenditure Surevey,
household income and expenditure sureveys,admin_linked,named area,country only,maybe — needs the survey's own geography,1,1,False,"household or phone survey, official statistics series","{""admin_linked"": 1}",Household Income and Expenditure Sureveys,
household income and expenditure surveys,unclear,place not stated,—,maybe — needs the survey's own geography,1,1,False,household or phone survey,"{""unclear"": 1}",household income and expenditure surveys,
household income and expenditures survey,admin_linked,named area,country only,no — aggregate,1,1,False,household or phone survey,"{""admin_linked"": 1}",Household Income and Expenditures Survey,
household integrated economic survey,admin_linked,named area,point,maybe — needs the survey's own geography,1,1,False,"household or phone survey, facility / asset / infrastructure records","{""admin_linked"": 1}",Household Integrated Economic Survey 2001,
household living standards survey,unclear,place not stated,—,maybe — needs the survey's own geography,1,1,False,household or phone survey,"{""unclear"": 1}",household living standards survey,
household morbidity survey,admin_linked,named area,country only,maybe — needs the survey's own geography,1,1,False,household or phone survey,"{""admin_linked"": 1}",2012 household morbidity survey,
household national registry,admin_linked,named area,country only,maybe — needs the survey's own geography,1,1,False,"household or phone survey, registry / administrative database","{""admin_linked"": 1}",Household National Registry_,
household pmt,unclear,place not stated,—,maybe — needs the survey's own geography,1,1,False,household or phone survey,"{""unclear"": 1}",household PMT data,
household registry,unclear,place not stated,—,maybe — needs the survey's own geography,1,1,False,"household or phone survey, registry / administrative database","{""unclear"": 1}",household registry,
household socioeconomic survey,admin_linked,named area,not stated,maybe — needs the survey's own geography,1,1,False,household or phone survey,"{""admin_linked"": 1}",Household Socioeconomic Survey,
household survey data from,non_spatial,no place,—,maybe — needs the survey's own geography,1,1,False,household or phone survey,"{""non_spatial"": 1}",Household survey data from 2019,
household survey from,admin_linked,named area,province / region / state,maybe — needs the survey's own geography,1,1,False,household or phone survey,"{""admin_linked"": 1}",household survey from 2014/15,
household survey representative of pilot districts,admin_linked,named area,district / sub-county,maybe — needs the survey's own geography,1,1,False,household or phone survey,"{""admin_linked"": 1}",household survey representative of the pilot districts,
household survey to measure poverty,unclear,place not stated,—,maybe — needs the survey's own geography,1,1,False,"household or phone survey, official statistics series, registry / administrative database","{""unclear"": 1}",household survey to measure poverty,
household surveys ecam-5,admin_linked,named area,country only,maybe — needs the survey's own geography,1,1,False,"household or phone survey, official statistics series","{""admin_linked"": 1}",Household Surveys ECAM-5,
household welfare survey,unclear,place not stated,—,maybe — needs the survey's own geography,1,1,False,"household or phone survey, official statistics series","{""unclear"": 1}",household welfare survey,
household welfare surveys,unclear,place not stated,—,maybe — needs the survey's own geography,1,1,False,"household or phone survey, official statistics series","{""unclear"": 1}",household welfare surveys,
household-survey statistics,unclear,place not stated,—,maybe — needs the survey's own geography,1,1,False,"household or phone survey, official statistics series","{""unclear"": 1}",household-survey statistics,
household/beneficiary survey,unclear,place not stated,—,maybe — needs the survey's own geography,1,1,False,household or phone survey,"{""unclear"": 1}",Household/beneficiary survey,
households survey,admin_linked,named area,country only,maybe — needs the survey's own geography,1,1,False,"household or phone survey, registry / administrative database","{""admin_linked"": 1}",households Survey,
households surveys,unclear,place not stated,—,maybe — needs the survey's own geography,1,1,False,household or phone survey,"{""unclear"": 1}",households’ surveys,
housing census,unclear,place not stated,—,maybe — needs the survey's own geography,1,1,False,household or phone survey,"{""unclear"": 1}",Housing Census,
housing recovery beneficiary registry,admin_linked,named area,country only,yes — coordinates or a layer exists,1,1,False,"registry / administrative database, mapped layer / geospatial product","{""admin_linked"": 1}",housing recovery beneficiary registry,
hr and training records,unclear,place not stated,—,maybe — needs the survey's own geography,1,1,False,registry / administrative database,"{""unclear"": 1}",HR and training records,
hr data from ministry of public administration,non_spatial,no place,—,unknown,1,1,False,"named source, family not stated","{""non_spatial"": 1}",HR data from the Ministry of Public Administration,
hr databases,unclear,place not stated,—,maybe — needs the survey's own geography,1,1,False,registry / administrative database,"{""unclear"": 1}",HR databases,
hr establishment,unclear,place not stated,—,maybe — needs the survey's own geography,1,1,False,registry / administrative database,"{""unclear"": 1}",HR establishment database,
hrh data base,admin_linked,named area,point,maybe — needs the survey's own geography,1,1,False,"named source, family not stated","{""admin_linked"": 1}",HRH data base,
hrims,admin_linked,named area,country only,maybe — needs the survey's own geography,1,1,False,registry / administrative database,"{""admin_linked"": 1}",HRIMS,
hrmis,non_spatial,no place,—,unknown,1,1,False,registry / administrative database,"{""non_spatial"": 1}",HRMIS,
hsf platform,unclear,place not stated,—,unknown,1,1,False,"named source, family not stated","{""unclear"": 1}",HSF platform,
human capital index of drc,non_spatial,no place,—,no — aggregate,1,1,False,"named source, family not stated","{""non_spatial"": 1}",Human Capital Index of DRC,
human capital index of world bank,admin_linked,named area,country only,no — aggregate,1,1,False,"named source, family not stated","{""admin_linked"": 1}",Human Capital Index of the World Bank,
human capital index plus,non_spatial,no place,—,no — aggregate,1,1,False,"named source, family not stated","{""non_spatial"": 1}",Human Capital Index Plus,
human capital project,non_spatial,no place,—,unknown,1,1,False,"named source, family not stated","{""non_spatial"": 1}",Human Capital Project,
human development index report,non_spatial,no place,—,no — aggregate,1,1,False,"named source, family not stated","{""non_spatial"": 1}",2021-22 Human Development Index report,
human development indicators,admin_linked,named area,point,no — aggregate,1,1,False,"named source, family not stated","{""admin_linked"": 1}",human development indicators,
human development indices (database),non_spatial,no place,—,no — aggregate,1,1,False,registry / administrative database,"{""non_spatial"": 1}",Human Development Indices (database),
human resources records,unclear,place not stated,—,maybe — needs the survey's own geography,1,1,False,"named source, family not stated","{""unclear"": 1}",human resources records,
human resources records of gr,unclear,place not stated,—,maybe — needs the survey's own geography,1,1,False,"named source, family not stated","{""unclear"": 1}",Human resources records of GR,
humanitarian registry,admin_linked,named area,country only,maybe — needs the survey's own geography,1,1,False,"household or phone survey, registry / administrative database","{""admin_linked"": 1}",humanitarian registry data,
hydro-geophysical surveys,point_geocoded,exact point,point,yes — coordinates or a layer exists,1,1,False,household or phone survey,"{""point_geocoded"": 1}",hydro-geophysical surveys,
hydrogeology map of,admin_linked,named area,not stated,yes — coordinates or a layer exists,1,1,False,mapped layer / geospatial product,"{""admin_linked"": 1}",Hydrogeology Map of 2010,
hydrologic,admin_linked,named area,not stated,unknown,1,1,False,facility / asset / infrastructure records,"{""admin_linked"": 1}",hydrologic data,
hydrological monitoring network,point_geocoded,exact point,point,yes — coordinates or a layer exists,1,1,False,monitoring / tracking system,"{""point_geocoded"": 1}",hydrological monitoring network,
hydrology/hydraulics,point_geocoded,exact point,point,yes — coordinates or a layer exists,1,1,False,registry / administrative database,"{""point_geocoded"": 1}",hydrology/hydraulics datasets,
hydromet,admin_linked,named area,not stated,unknown,1,1,False,"named source, family not stated","{""admin_linked"": 1}",hydromet data,
hydrometeorological and climate network,admin_linked,named area,not stated,maybe — needs the survey's own geography,1,1,False,monitoring / tracking system,"{""admin_linked"": 1}",hydrometeorological and climate network,
hydropost system transmission records,point_geocoded,exact point,point,yes — coordinates or a layer exists,1,1,False,"named source, family not stated","{""point_geocoded"": 1}",hydropost system transmission records,
hygiene surveys,unclear,place not stated,—,maybe — needs the survey's own geography,1,1,False,household or phone survey,"{""unclear"": 1}",Hygiene surveys,
i4c,admin_linked,named area,country only,no — aggregate,1,1,False,"named source, family not stated","{""admin_linked"": 1}",I4C data,
iadb,non_spatial,no place,—,unknown,1,1,False,"named source, family not stated","{""non_spatial"": 1}",IADB,
ibge,admin_linked,named area,country only,maybe — needs the survey's own geography,1,1,False,"named source, family not stated","{""admin_linked"": 1}",IBGE 2022,
ibge automatic recovery system sidra,admin_linked,named area,country only,maybe — needs the survey's own geography,1,1,False,"named source, family not stated","{""admin_linked"": 1}",IBGE Automatic Recovery System – SIDRA,
ibge gini for selected metropolitan regions,admin_linked,named area,province / region / state,unknown,1,1,False,"named source, family not stated","{""admin_linked"": 1}",IBGE Gini for selected Metropolitan Regions,
ibrahim index of african governance,non_spatial,no place,—,no — aggregate,1,1,False,"named source, family not stated","{""non_spatial"": 1}",Ibrahim Index of African Governance,
ice bofa 0-3 month us treasury bill index,non_spatial,no place,—,no — aggregate,1,1,False,"named source, family not stated","{""non_spatial"": 1}",ICE BofA 0-3 Month US Treasury Bill Index,
ichns,non_spatial,no place,—,unknown,1,1,False,"named source, family not stated","{""non_spatial"": 1}",ICHNS,
ict assessments,non_spatial,no place,—,unknown,1,1,False,"named source, family not stated","{""non_spatial"": 1}",ICT assessments,
ict regulatory tracker indicator,non_spatial,no place,—,unknown,1,1,False,"named source, family not stated","{""non_spatial"": 1}",ICT regulatory tracker indicator,
ict survey by nita-u,unclear,place not stated,—,maybe — needs the survey's own geography,1,1,False,household or phone survey,"{""unclear"": 1}",2017/2018 ICT survey by NITA-U,
ict surveys,unclear,place not stated,—,maybe — needs the survey's own geography,1,1,False,household or phone survey,"{""unclear"": 1}",ICT surveys,
id records,unclear,place not stated,—,maybe — needs the survey's own geography,1,1,False,"named source, family not stated","{""unclear"": 1}",ID records,
id-cras,admin_linked,named area,country only,maybe — needs the survey's own geography,1,1,False,household or phone survey,"{""admin_linked"": 1}",ID-CRAS,
id4d assessment,unclear,place not stated,—,maybe — needs the survey's own geography,1,1,False,"named source, family not stated","{""unclear"": 1}",ID4D assessment,
id4d-findex survey,unclear,place not stated,—,maybe — needs the survey's own geography,1,1,False,household or phone survey,"{""unclear"": 1}",2021 ID4D-Findex Survey,
ida credit register,non_spatial,no place,—,maybe — needs the survey's own geography,1,1,False,monitoring / tracking system,"{""non_spatial"": 1}",IDA credit register,
identity,unclear,place not stated,—,maybe — needs the survey's own geography,1,1,False,registry / administrative database,"{""unclear"": 1}",identity database,
identity management system assessment,non_spatial,no place,—,maybe — needs the survey's own geography,1,1,False,"named source, family not stated","{""non_spatial"": 1}",Identity Management System Assessment,
idp survey,admin_linked,named area,country only,maybe — needs the survey's own geography,1,1,False,household or phone survey,"{""admin_linked"": 1}",IDP survey,
idsp surveillance,admin_linked,named area,not stated,unknown,1,1,False,"named source, family not stated","{""admin_linked"": 1}",IDSP surveillance data,
ie surveys,unclear,place not stated,—,maybe — needs the survey's own geography,1,1,False,household or phone survey,"{""unclear"": 1}",IE surveys,
iea samples,admin_linked,named area,province / region / state,unknown,1,1,False,official statistics series,"{""admin_linked"": 1}",IEA samples,
iea statistics,admin_linked,named area,country only,maybe — needs the survey's own geography,1,1,False,official statistics series,"{""admin_linked"": 1}",IEA Statistics,
iea total final energy consumption,non_spatial,no place,—,no — aggregate,1,1,False,"named source, family not stated","{""non_spatial"": 1}",2018 IEA total final energy consumption,
ifc fiji cruise economic impact assessment,unclear,place not stated,—,unknown,1,1,False,"named source, family not stated","{""unclear"": 1}",IFC Fiji Cruise Economic Impact Assessment,
ifc report,non_spatial,no place,—,unknown,1,1,False,"named source, family not stated","{""non_spatial"": 1}",IFC report,
ifc results measurement system,non_spatial,no place,—,maybe — needs the survey's own geography,1,1,False,registry / administrative database,"{""non_spatial"": 1}",IFC Results Measurement System,
ifc vanua levu market demand assessment,admin_linked,named area,not stated,unknown,1,1,False,"official statistics series, facility / asset / infrastructure records","{""admin_linked"": 1}",IFC Vanua Levu Market Demand Assessment,
ifmis extracts,admin_linked,named area,not stated,maybe — needs the survey's own geography,1,1,False,facility / asset / infrastructure records,"{""admin_linked"": 1}",IFMIS extracts,
ifmis generated quarterly reports,unclear,place not stated,—,no — aggregate,1,1,False,"named source, family not stated","{""unclear"": 1}",IFMIS generated quarterly reports,
ifmis/survey,admin_linked,named area,not stated,no — aggregate,1,1,False,household or phone survey,"{""admin_linked"": 1}",IFMIS/Survey,
ifpri spam model,admin_linked,named area,not stated,yes — coordinates or a layer exists,1,1,False,satellite / raster / index,"{""admin_linked"": 1}",IFPRI SPAM model,
ifr withdrawal schedule,non_spatial,no place,—,unknown,1,1,False,"named source, family not stated","{""non_spatial"": 1}",IFR withdrawal schedule,
ifrs and audit reports,non_spatial,no place,—,unknown,1,1,False,"named source, family not stated","{""non_spatial"": 1}",IFRs and audit reports,
ihlca1,admin_linked,named area,country only,maybe — needs the survey's own geography,1,1,False,"named source, family not stated","{""admin_linked"": 1}",IHLCA1 2005,
ihlca2,admin_linked,named area,country only,maybe — needs the survey's own geography,1,1,False,household or phone survey,"{""admin_linked"": 1}",IHLCA2 2010,
ilo assessment of factory compliance,admin_linked,named area,country only,maybe — needs the survey's own geography,1,1,False,"named source, family not stated","{""admin_linked"": 1}",ILO assessment of factory compliance,
ilo employment data for guatemala,unclear,place not stated,—,unknown,1,1,False,"named source, family not stated","{""unclear"": 1}",ILO employment data for Guatemala,
ilo stem,admin_linked,named area,country only,maybe — needs the survey's own geography,1,1,False,"named source, family not stated","{""admin_linked"": 1}",ILO STEM data,
ilo-lfs and wdi,non_spatial,no place,—,no — aggregate,1,1,False,"named source, family not stated","{""non_spatial"": 1}",ILO-LFS and WDI,
ilostat explorer,unclear,place not stated,—,unknown,1,1,False,"named source, family not stated","{""unclear"": 1}",ILOSTAT Explorer,
imf financial access survey,non_spatial,no place,—,no — aggregate,1,1,False,household or phone survey,"{""non_spatial"": 1}",IMF Financial Access Survey,
imf fsi,non_spatial,no place,—,unknown,1,1,False,"named source, family not stated","{""non_spatial"": 1}",IMF FSI data,
imf international finance statistics,non_spatial,no place,—,no — aggregate,1,1,False,"official statistics series, registry / administrative database","{""non_spatial"": 1}",IMF International Finance Statistics database,
imf international financial statistics,non_spatial,no place,—,no — aggregate,1,1,False,official statistics series,"{""non_spatial"": 1}",IMF International Financial Statistics,
imf uzbekistan inflation forecast,admin_linked,named area,country only,no — aggregate,1,1,False,"named source, family not stated","{""admin_linked"": 1}",IMF Uzbekistan inflation forecast,
impact,unclear,place not stated,—,maybe — needs the survey's own geography,1,1,False,registry / administrative database,"{""unclear"": 1}",IMPACT database,
impact surveys,unclear,place not stated,—,maybe — needs the survey's own geography,1,1,False,household or phone survey,"{""unclear"": 1}",impact surveys,
implementation reports from mnre,non_spatial,no place,—,maybe — needs the survey's own geography,1,1,False,monitoring / tracking system,"{""non_spatial"": 1}",Implementation reports from MNRE,
import-export price index,non_spatial,no place,—,no — aggregate,1,1,False,official statistics series,"{""non_spatial"": 1}",import-export price index,
import-export survey,non_spatial,no place,—,maybe — needs the survey's own geography,1,1,False,household or phone survey,"{""non_spatial"": 1}",Import-export survey,
imprest register,unclear,place not stated,—,unknown,1,1,False,"named source, family not stated","{""unclear"": 1}",imprest register,
imu monthly visits,point_geocoded,exact point,point,yes — coordinates or a layer exists,1,1,False,"named source, family not stated","{""point_geocoded"": 1}",IMU monthly visits,
in-vehicel data collection,admin_linked,named area,not stated,unknown,1,1,False,"named source, family not stated","{""admin_linked"": 1}",Annual in-vehicel data collection,
in-vehicle data collection,admin_linked,named area,not stated,unknown,1,1,False,"named source, family not stated","{""admin_linked"": 1}",Annual in-vehicle data collection,
incident and accident databases,admin_linked,named area,country only,maybe — needs the survey's own geography,1,1,False,registry / administrative database,"{""admin_linked"": 1}",Incident and accident databases,
incident and disruption reports,admin_linked,named area,country only,maybe — needs the survey's own geography,1,1,False,"named source, family not stated","{""admin_linked"": 1}",Incident and disruption reports,
income,non_spatial,no place,—,no — aggregate,1,1,False,"named source, family not stated","{""non_spatial"": 1}",income data,
income tax and social security,admin_linked,named area,country only,maybe — needs the survey's own geography,1,1,False,"named source, family not stated","{""admin_linked"": 1}",income tax and social security data,
independent verification observation,point_geocoded,exact point,point,yes — coordinates or a layer exists,1,1,False,monitoring / tracking system,"{""point_geocoded"": 1}",independent verification observation data,
independent verifier reports,admin_linked,named area,not stated,unknown,1,1,False,"named source, family not stated","{""admin_linked"": 1}",Independent Verifier Reports,
india human development survey,unclear,place not stated,—,no — aggregate,1,1,False,household or phone survey,"{""unclear"": 1}",India Human Development Survey,
india system of national accounts,non_spatial,no place,—,no — aggregate,1,1,False,"named source, family not stated","{""non_spatial"": 1}",India system of national accounts,
indicateurs de l emploi et du ch mage,non_spatial,no place,—,unknown,1,1,False,official statistics series,"{""non_spatial"": 1}",Indicateurs de l’emploi et du chômage,
indicator fiches developed by ec,unclear,place not stated,—,unknown,1,1,False,"named source, family not stated","{""unclear"": 1}",indicator fiches developed by the EC,
indicators from lgas,non_spatial,no place,—,unknown,1,1,False,registry / administrative database,"{""non_spatial"": 1}",indicators from LGAs,
indice nd-gain,admin_linked,named area,country only,maybe — needs the survey's own geography,1,1,False,"named source, family not stated","{""admin_linked"": 1}",indice ND-GAIN,
indices of industrial production and consumer prices,non_spatial,no place,—,unknown,1,1,False,official statistics series,"{""non_spatial"": 1}",indices of industrial production and consumer prices,
indonesia s critical occupation list,unclear,place not stated,—,unknown,1,1,False,"named source, family not stated","{""unclear"": 1}",Indonesia’s Critical Occupation List,
industrial establishments survey,unclear,place not stated,—,maybe — needs the survey's own geography,1,1,False,household or phone survey,"{""unclear"": 1}",Industrial Establishments’ Survey,
industrial production indices,non_spatial,no place,—,unknown,1,1,False,"named source, family not stated","{""non_spatial"": 1}",industrial production indices,
industrial production survey,non_spatial,no place,—,maybe — needs the survey's own geography,1,1,False,household or phone survey,"{""non_spatial"": 1}",Industrial Production Survey,
industrial survey,unclear,place not stated,—,no — aggregate,1,1,False,household or phone survey,"{""unclear"": 1}",Industrial Survey,
industry figures from national accounts,non_spatial,no place,—,no — aggregate,1,1,False,"named source, family not stated","{""non_spatial"": 1}",industry figures from national accounts,
inei poverty map,admin_linked,named area,district / sub-county,yes — coordinates or a layer exists,1,1,False,mapped layer / geospatial product,"{""admin_linked"": 1}",INEI 2018 poverty map,
inep/mec,non_spatial,no place,—,unknown,1,1,False,"named source, family not stated","{""non_spatial"": 1}",INEP/MEC data,
inform risk index,non_spatial,no place,—,no — aggregate,1,1,False,"named source, family not stated","{""non_spatial"": 1}",INFORM Risk Index 2021,
informaci n de los hogares rurales,admin_linked,named area,country only,maybe — needs the survey's own geography,1,1,False,"named source, family not stated","{""admin_linked"": 1}",información de los hogares rurales,
informal sector survey,unclear,place not stated,—,yes — coordinates or a layer exists,1,1,False,"household or phone survey, mapped layer / geospatial product","{""unclear"": 1}",informal sector survey,
information about farmers in sar,unclear,place not stated,—,maybe — needs the survey's own geography,1,1,False,"named source, family not stated","{""unclear"": 1}",information about farmers in SAR,
information routinely produced by mineduc,admin_linked,named area,country only,maybe — needs the survey's own geography,1,1,False,"named source, family not stated","{""admin_linked"": 1}",information routinely produced by MINEDUC,
information system for mass valuation,point_geocoded,exact point,point,yes — coordinates or a layer exists,1,1,False,"named source, family not stated","{""point_geocoded"": 1}",information system for mass valuation,
informe pgh,non_spatial,no place,—,unknown,1,1,False,"named source, family not stated","{""non_spatial"": 1}",Informe PGH,
informed risk index,admin_linked,named area,country only,no — aggregate,1,1,False,"named source, family not stated","{""admin_linked"": 1}",2019 Informed Risk Index 2019,
infrastructure assessment reports,point_geocoded,exact point,point,yes — coordinates or a layer exists,1,1,False,facility / asset / infrastructure records,"{""point_geocoded"": 1}",Infrastructure assessment reports,
infrastructure cadaster system,point_geocoded,exact point,point,yes — coordinates or a layer exists,1,1,False,"named source, family not stated","{""point_geocoded"": 1}",Infrastructure Cadaster System,
infrastructure cadastre system,point_geocoded,exact point,point,yes — coordinates or a layer exists,1,1,False,registry / administrative database,"{""point_geocoded"": 1}",Infrastructure Cadastre System,
infrastructure maintenance and inspection reports,admin_linked,named area,country only,maybe — needs the survey's own geography,1,1,False,"named source, family not stated","{""admin_linked"": 1}",Infrastructure maintenance and inspection reports,
infrastructure/utility cadastre,point_geocoded,exact point,point,yes — coordinates or a layer exists,1,1,False,registry / administrative database,"{""point_geocoded"": 1}",infrastructure/utility cadastre,
initial household survey,unclear,place not stated,—,maybe — needs the survey's own geography,1,1,False,household or phone survey,"{""unclear"": 1}",initial household survey,
input-output table,non_spatial,no place,—,no — aggregate,1,1,False,"named source, family not stated","{""non_spatial"": 1}",input-output table,
inqu rito aos or amentos familiares,unclear,place not stated,—,unknown,1,1,False,"named source, family not stated","{""unclear"": 1}",Inquérito aos Orçamentos Familiares,
ins indicators,non_spatial,no place,—,unknown,1,1,False,"named source, family not stated","{""non_spatial"": 1}",INS indicators,
ins population estimates,admin_linked,named area,country only,maybe — needs the survey's own geography,1,1,False,"named source, family not stated","{""admin_linked"": 1}",INS population estimates,
ins poverty profile,non_spatial,no place,—,unknown,1,1,False,"named source, family not stated","{""non_spatial"": 1}",INS poverty profile 2019,
installation logs,point_geocoded,exact point,point,yes — coordinates or a layer exists,1,1,False,registry / administrative database,"{""point_geocoded"": 1}",installation logs,
installed capacity data & generation mix,non_spatial,no place,—,unknown,1,1,False,"named source, family not stated","{""non_spatial"": 1}",Installed capacity 2024 data & generation mix 2023 data,
institutional registration records,non_spatial,no place,—,no — aggregate,1,1,False,registry / administrative database,"{""non_spatial"": 1}",institutional registration records,
instructor training records,unclear,place not stated,—,maybe — needs the survey's own geography,1,1,False,"named source, family not stated","{""unclear"": 1}",instructor training records,
insurance,unclear,place not stated,—,yes — coordinates or a layer exists,1,1,False,"household or phone survey, mapped layer / geospatial product","{""unclear"": 1}",insurance data,
integrated beneficiary registry and household roster,admin_linked,named area,country only,maybe — needs the survey's own geography,1,1,False,"household or phone survey, registry / administrative database","{""admin_linked"": 1}",Integrated Beneficiary Registry and Household Roster,
integrated beneficiary registry and household surveys,unclear,place not stated,—,maybe — needs the survey's own geography,1,1,False,"household or phone survey, registry / administrative database","{""unclear"": 1}",Integrated Beneficiary Registry and Household Surveys,
integrated beneficiary registry and househould surveys,unclear,place not stated,—,maybe — needs the survey's own geography,1,1,False,"household or phone survey, registry / administrative database","{""unclear"": 1}",Integrated Beneficiary Registry and Househould Surveys,
integrated cadastre and property registry information system,point_geocoded,exact point,point,yes — coordinates or a layer exists,1,1,False,registry / administrative database,"{""point_geocoded"": 1}",integrated cadastre and property registry information system,
integrated database at mecys,non_spatial,no place,—,maybe — needs the survey's own geography,1,1,False,registry / administrative database,"{""non_spatial"": 1}",Integrated database at MECYS,
integrated database of beneficiaries,admin_linked,named area,country only,maybe — needs the survey's own geography,1,1,False,registry / administrative database,"{""admin_linked"": 1}",Integrated Database of Beneficiaries,
integrated disease surveillance program,unclear,place not stated,—,maybe — needs the survey's own geography,1,1,False,"named source, family not stated","{""unclear"": 1}",Integrated Disease Surveillance Program,
integrated household budget survey,unclear,place not stated,—,no — aggregate,1,1,False,"household or phone survey, official statistics series","{""unclear"": 1}",integrated household budget survey,
integrated information system,admin_linked,named area,country only,maybe — needs the survey's own geography,1,1,False,"named source, family not stated","{""admin_linked"": 1}",integrated information system,
integrated mis,unclear,place not stated,—,maybe — needs the survey's own geography,1,1,False,"named source, family not stated","{""unclear"": 1}",integrated MIS,
integrated reproductive maternal neonatal and child health,unclear,place not stated,—,maybe — needs the survey's own geography,1,1,False,registry / administrative database,"{""unclear"": 1}","Integrated Reproductive, Maternal, Neonatal, and Child Health database",
integrated road accident,point_geocoded,exact point,point,yes — coordinates or a layer exists,1,1,False,"registry / administrative database, facility / asset / infrastructure records","{""point_geocoded"": 1}",Integrated Road Accident Database,
integrated social protection mis,unclear,place not stated,—,maybe — needs the survey's own geography,1,1,False,household or phone survey,"{""unclear"": 1}",Integrated Social Protection MIS,
integrated strategy for multimodal transport infrastructure,admin_linked,named area,country only,maybe — needs the survey's own geography,1,1,False,facility / asset / infrastructure records,"{""admin_linked"": 1}",Integrated Strategy for Multimodal Transport Infrastructure,
interactive data and economy profiles,non_spatial,no place,—,unknown,1,1,False,"named source, family not stated","{""non_spatial"": 1}",2021 Interactive Data and Economy Profiles,
intermediate results indicator,unclear,place not stated,—,unknown,1,1,False,"named source, family not stated","{""unclear"": 1}",Intermediate Results Indicator,
international benchmarking network for water and sanitation util,unclear,place not stated,—,unknown,1,1,False,"named source, family not stated","{""unclear"": 1}",International Benchmarking Network for Water and Sanitation Utilities,
international comparison,non_spatial,no place,—,unknown,1,1,False,"named source, family not stated","{""non_spatial"": 1}",International comparison data,
international labour organization statistics,non_spatial,no place,—,no — aggregate,1,1,False,official statistics series,"{""non_spatial"": 1}",International Labour Organization Statistics,
international monetary fund country group aggregates and growth ,non_spatial,no place,—,unknown,1,1,False,"named source, family not stated","{""non_spatial"": 1}",International Monetary Fund country group aggregates and growth rates,
international monetary fund world economic outlook,non_spatial,no place,—,maybe — needs the survey's own geography,1,1,False,registry / administrative database,"{""non_spatial"": 1}",International Monetary Fund World Economic Outlook,
international roughness index,admin_linked,named area,not stated,no — aggregate,1,1,False,facility / asset / infrastructure records,"{""admin_linked"": 1}",International Roughness Index,
international student assessments,unclear,place not stated,—,unknown,1,1,False,"named source, family not stated","{""unclear"": 1}",international student assessments,
international trade,admin_linked,named area,country only,no — aggregate,1,1,False,"named source, family not stated","{""admin_linked"": 1}",international trade data,
international water association,unclear,place not stated,—,unknown,1,1,False,"named source, family not stated","{""unclear"": 1}",International Water Association data,
internet speed test,unclear,place not stated,—,no — aggregate,1,1,False,"named source, family not stated","{""unclear"": 1}",internet speed test data,
internet world stats,unclear,place not stated,—,unknown,1,1,False,"named source, family not stated","{""unclear"": 1}",Internet World Stats,
inventory of,non_spatial,no place,—,unknown,1,1,False,"named source, family not stated","{""non_spatial"": 1}",inventory of 1989,
inventory of all government services,non_spatial,no place,—,unknown,1,1,False,"named source, family not stated","{""non_spatial"": 1}",inventory of all government services,
inventory of collective cloas,admin_linked,named area,country only,maybe — needs the survey's own geography,1,1,False,"named source, family not stated","{""admin_linked"": 1}",Inventory of Collective CLOAs,
inventory of district roads and rural roads,point_geocoded,exact point,point,yes — coordinates or a layer exists,1,1,False,facility / asset / infrastructure records,"{""point_geocoded"": 1}",inventory of District Roads and Rural Roads,
inventory of fixed assets,non_spatial,no place,—,no — aggregate,1,1,False,"named source, family not stated","{""non_spatial"": 1}",inventory of fixed assets,
inventory of greenhouse gases,admin_linked,named area,country only,maybe — needs the survey's own geography,1,1,False,"named source, family not stated","{""admin_linked"": 1}",Inventory of Greenhouse Gases,
inventory of installed hfcs,non_spatial,no place,—,unknown,1,1,False,"named source, family not stated","{""non_spatial"": 1}",inventory of installed HFCs,
inventory of land conflict claims,point_geocoded,exact point,point,yes — coordinates or a layer exists,1,1,False,"monitoring / tracking system, mapped layer / geospatial product","{""point_geocoded"": 1}",Inventory of land conflict claims,
inventory of personal protective equipment,point_geocoded,exact point,point,yes — coordinates or a layer exists,1,1,False,"named source, family not stated","{""point_geocoded"": 1}",inventory of the personal protective equipment,
inventory of pops,admin_linked,named area,country only,maybe — needs the survey's own geography,1,1,False,"named source, family not stated","{""admin_linked"": 1}",inventory of POPs,
inventory of their ghg emissions,non_spatial,no place,—,unknown,1,1,False,"named source, family not stated","{""non_spatial"": 1}",inventory of their GHG emissions,
inventory surveys,unclear,place not stated,—,maybe — needs the survey's own geography,1,1,False,"household or phone survey, facility / asset / infrastructure records","{""unclear"": 1}",inventory surveys,
investment climate assessment survey,unclear,place not stated,—,maybe — needs the survey's own geography,1,1,False,household or phone survey,"{""unclear"": 1}",2018 Investment Climate Assessment Survey,
investment in gender equality and equity indicator,non_spatial,no place,—,no — aggregate,1,1,False,"named source, family not stated","{""non_spatial"": 1}",Investment in Gender Equality and Equity indicator,
invoice records,non_spatial,no place,—,maybe — needs the survey's own geography,1,1,False,"named source, family not stated","{""non_spatial"": 1}",invoice records,
iof,admin_linked,named area,not stated,maybe — needs the survey's own geography,1,1,False,household or phone survey,"{""admin_linked"": 1}",IOF 2014/2015,
iom displacement index,admin_linked,named area,country only,no — aggregate,1,1,False,"named source, family not stated","{""admin_linked"": 1}",IOM Displacement Index,
iom mobility atlas,admin_linked,named area,country only,maybe — needs the survey's own geography,1,1,False,"named source, family not stated","{""admin_linked"": 1}",IOM Mobility Atlas,
iom-dtm,non_spatial,no place,—,unknown,1,1,False,monitoring / tracking system,"{""non_spatial"": 1}",IOM-DTM,
iomdisplacement tracking matrix,admin_linked,named area,country only,maybe — needs the survey's own geography,1,1,False,monitoring / tracking system,"{""admin_linked"": 1}",IOMDisplacement Tracking Matrix,
ipea social vulnerability index,admin_linked,named area,country only,no — aggregate,1,1,False,household or phone survey,"{""admin_linked"": 1}",IPEA Social Vulnerability Index,
iraq social safety net enhancement project,unclear,place not stated,—,maybe — needs the survey's own geography,1,1,False,registry / administrative database,"{""unclear"": 1}",Iraq Social Safety Net Enhancement Project,
irf world road statistics,admin_linked,named area,country only,maybe — needs the survey's own geography,1,1,False,"official statistics series, facility / asset / infrastructure records","{""admin_linked"": 1}",IRF World Road Statistics,
irrigation s schemes water balance,admin_linked,named area,country only,maybe — needs the survey's own geography,1,1,False,"named source, family not stated","{""admin_linked"": 1}",irrigation’s schemes water balance,
iskur,unclear,place not stated,—,maybe — needs the survey's own geography,1,1,False,monitoring / tracking system,"{""unclear"": 1}",ISKUR,
ismep icr,non_spatial,no place,—,unknown,1,1,False,"named source, family not stated","{""non_spatial"": 1}",ISMEP ICR,
isr/icr,non_spatial,no place,—,maybe — needs the survey's own geography,1,1,False,registry / administrative database,"{""non_spatial"": 1}",ISR/ICR database,
issf,non_spatial,no place,—,unknown,1,1,False,"named source, family not stated","{""non_spatial"": 1}",ISSF data,
isteebu/wfp/ unicef report,admin_linked,named area,district / sub-county,unknown,1,1,False,"named source, family not stated","{""admin_linked"": 1}",ISTEEBU/WFP/ UNICEF report 2019,
iterative beneficiary monitoring (ibm) survey,unclear,place not stated,—,maybe — needs the survey's own geography,1,1,False,"household or phone survey, monitoring / tracking system","{""unclear"": 1}",Iterative Beneficiary Monitoring (IBM) survey,
itu data for,non_spatial,no place,—,unknown,1,1,False,"named source, family not stated","{""non_spatial"": 1}",ITU data for 2020,
iu databases,unclear,place not stated,—,maybe — needs the survey's own geography,1,1,False,registry / administrative database,"{""unclear"": 1}",IU databases,
iucn red list,admin_linked,named area,country only,maybe — needs the survey's own geography,1,1,False,"named source, family not stated","{""admin_linked"": 1}",IUCN Red List,
iva customer surveys,unclear,place not stated,—,yes — coordinates or a layer exists,1,1,False,"satellite / raster / index, household or phone survey","{""unclear"": 1}",IVA customer surveys,
iwlearn,admin_linked,named area,not stated,unknown,1,1,False,"named source, family not stated","{""admin_linked"": 1}",IWlearn,
izs construction / rehabilitation / upgrade results,point_geocoded,exact point,point,yes — coordinates or a layer exists,1,1,False,"named source, family not stated","{""point_geocoded"": 1}",IZS annual construction / rehabilitation / upgrade results,
izs surveys and infrastructure condition reports,point_geocoded,exact point,point,yes — coordinates or a layer exists,1,1,False,household or phone survey,"{""point_geocoded"": 1}",IZS annual surveys and infrastructure condition reports,
january,non_spatial,no place,—,unknown,1,1,False,"official statistics series, facility / asset / infrastructure records","{""non_spatial"": 1}",January 2021 data,
jirama water department,non_spatial,no place,—,unknown,1,1,False,"named source, family not stated","{""non_spatial"": 1}",JIRAMA water department data,
jis,unclear,place not stated,—,unknown,1,1,False,"named source, family not stated","{""unclear"": 1}",JIS,
jmp population estimates,admin_linked,named area,urban / rural split,unknown,1,1,False,"named source, family not stated","{""admin_linked"": 1}",JMP population estimates,
jmp-data,admin_linked,named area,urban / rural split,unknown,1,1,False,"named source, family not stated","{""admin_linked"": 1}",JMP-data,
job center lmis,admin_linked,named area,country only,maybe — needs the survey's own geography,1,1,False,facility / asset / infrastructure records,"{""admin_linked"": 1}",Job Center LMIS,
job location,admin_linked,named area,not stated,yes — coordinates or a layer exists,1,1,False,mapped layer / geospatial product,"{""admin_linked"": 1}",job location data,
job market,admin_linked,named area,country only,maybe — needs the survey's own geography,1,1,False,"official statistics series, facility / asset / infrastructure records","{""admin_linked"": 1}",Job market data,
job seekers,non_spatial,no place,—,maybe — needs the survey's own geography,1,1,False,"named source, family not stated","{""non_spatial"": 1}",job seekers data,
joint child malnutrition estimates,unclear,place not stated,—,unknown,1,1,False,"named source, family not stated","{""unclear"": 1}",Joint child malnutrition estimates,
joint external evaluation,non_spatial,no place,—,unknown,1,1,False,"named source, family not stated","{""non_spatial"": 1}",Joint External Evaluation,
joint monitoring programme,non_spatial,no place,—,maybe — needs the survey's own geography,1,1,False,monitoring / tracking system,"{""non_spatial"": 1}",Joint Monitoring Programme,
judicial registers,unclear,place not stated,—,unknown,1,1,False,"named source, family not stated","{""unclear"": 1}",judicial registers,
june rapid household survey,non_spatial,no place,—,maybe — needs the survey's own geography,1,1,False,household or phone survey,"{""non_spatial"": 1}",June 2022 Rapid Household Survey,
june survey,unclear,place not stated,—,maybe — needs the survey's own geography,1,1,False,household or phone survey,"{""unclear"": 1}",June 2021 survey,
kabev,point_geocoded,exact point,point,yes — coordinates or a layer exists,1,1,False,registry / administrative database,"{""point_geocoded"": 1}",KABEV database,
kalahi-cidss project information management,unclear,place not stated,—,maybe — needs the survey's own geography,1,1,False,"named source, family not stated","{""unclear"": 1}",Kalahi-CIDSS Project Information Management,
kenya continuous household survey,admin_linked,named area,district / sub-county,maybe — needs the survey's own geography,1,1,False,household or phone survey,"{""admin_linked"": 1}",2019 Kenya Continuous Household Survey,
kenya integrated household budget survey,admin_linked,named area,not stated,no — aggregate,1,1,False,household or phone survey,"{""admin_linked"": 1}",Kenya Integrated Household Budget Survey,
kenya population and housing census,admin_linked,named area,country only,maybe — needs the survey's own geography,1,1,False,household or phone survey,"{""admin_linked"": 1}",2019 Kenya Population and Housing Census,
key data and relevant studies,non_spatial,no place,—,unknown,1,1,False,"named source, family not stated","{""non_spatial"": 1}",key data and relevant studies,
key informant survey,admin_linked,named area,country only,maybe — needs the survey's own geography,1,1,False,household or phone survey,"{""admin_linked"": 1}",key informant survey,
key informant survey of 356 afghanistan humanitarian and develop,admin_linked,named area,country only,maybe — needs the survey's own geography,1,1,False,household or phone survey,"{""admin_linked"": 1}",key informant survey of 356 Afghanistan humanitarian and development actors,
key results,unclear,place not stated,—,maybe — needs the survey's own geography,1,1,False,"named source, family not stated","{""unclear"": 1}",Key Results data,
key risks tracking,unclear,place not stated,—,unknown,1,1,False,monitoring / tracking system,"{""unclear"": 1}",Key Risks tracking,
kiribati census,non_spatial,no place,—,maybe — needs the survey's own geography,1,1,False,household or phone survey,"{""non_spatial"": 1}",Kiribati 2010 census,
kiribati population and housing census,non_spatial,no place,—,maybe — needs the survey's own geography,1,1,False,"household or phone survey, official statistics series","{""non_spatial"": 1}",2020 Kiribati Population and Housing Census,
kiribati state of environment report,unclear,place not stated,—,unknown,1,1,False,"named source, family not stated","{""unclear"": 1}",Kiribati State of the Environment report,
kisssp,admin_linked,named area,country only,maybe — needs the survey's own geography,1,1,False,"named source, family not stated","{""admin_linked"": 1}",KISSSP,
kivu security tracker,admin_linked,named area,country only,maybe — needs the survey's own geography,1,1,False,"named source, family not stated","{""admin_linked"": 1}",Kivu Security Tracker,
kjip,admin_linked,named area,country only,maybe — needs the survey's own geography,1,1,False,"named source, family not stated","{""admin_linked"": 1}",KJIP,
klmis,admin_linked,named area,country only,maybe — needs the survey's own geography,1,1,False,"named source, family not stated","{""admin_linked"": 1}",KLMIS,
kmits monitoring report,unclear,place not stated,—,maybe — needs the survey's own geography,1,1,False,"registry / administrative database, monitoring / tracking system","{""unclear"": 1}",KMITS monitoring report,
know-your-customer (kyc) registry,admin_linked,named area,country only,maybe — needs the survey's own geography,1,1,False,registry / administrative database,"{""admin_linked"": 1}",know-your-customer (KYC) registry,
knowledge attitude and practice (kap) surveys,unclear,place not stated,—,maybe — needs the survey's own geography,1,1,False,household or phone survey,"{""unclear"": 1}","Knowledge, Attitude and Practice (KAP) surveys",
knowledge attitudes and practices surveys,unclear,place not stated,—,maybe — needs the survey's own geography,1,1,False,household or phone survey,"{""unclear"": 1}",Knowledge Attitudes and Practices surveys,
knso hies,non_spatial,no place,—,unknown,1,1,False,"named source, family not stated","{""non_spatial"": 1}",KNSO HIES,
kosgeb s sme,admin_linked,named area,country only,maybe — needs the survey's own geography,1,1,False,"named source, family not stated","{""admin_linked"": 1}",KOSGEB’s SME data,
kosgeb survey,non_spatial,no place,—,no — aggregate,1,1,False,household or phone survey,"{""non_spatial"": 1}",KOSGEB survey,
ktb mrv and issuance records,non_spatial,no place,—,maybe — needs the survey's own geography,1,1,False,registry / administrative database,"{""non_spatial"": 1}",KTB MRV and issuance records,
ktb mrv onboarding/registration records,unclear,place not stated,—,maybe — needs the survey's own geography,1,1,False,registry / administrative database,"{""unclear"": 1}",KTB MRV onboarding/registration records,
ktb outreach and ta activity records,unclear,place not stated,—,maybe — needs the survey's own geography,1,1,False,"named source, family not stated","{""unclear"": 1}",KTB outreach and TA activity records,
ktb records,unclear,place not stated,—,maybe — needs the survey's own geography,1,1,False,"named source, family not stated","{""unclear"": 1}",KTB records,
ktz progress reports,admin_linked,named area,country only,maybe — needs the survey's own geography,1,1,False,registry / administrative database,"{""admin_linked"": 1}",KTZ progress reports,
kwenda beneficiary registry,unclear,place not stated,—,maybe — needs the survey's own geography,1,1,False,"household or phone survey, registry / administrative database","{""unclear"": 1}",Kwenda beneficiary registry,
lab profiles,unclear,place not stated,—,unknown,1,1,False,"named source, family not stated","{""unclear"": 1}",lab profiles,
labor,non_spatial,no place,—,maybe — needs the survey's own geography,1,1,False,registry / administrative database,"{""non_spatial"": 1}",Labor database,
labor force and housing living conditions survey,unclear,place not stated,—,no — aggregate,1,1,False,"household or phone survey, official statistics series","{""unclear"": 1}",2018-2019 Labor Force and Housing Living Conditions Survey,
labor force survey in kosovo,admin_linked,named area,country only,maybe — needs the survey's own geography,1,1,False,"household or phone survey, official statistics series","{""admin_linked"": 1}",Labor Force Survey in Kosovo,
labor force survey quarterly report,admin_linked,named area,urban / rural split,maybe — needs the survey's own geography,1,1,False,"household or phone survey, official statistics series","{""admin_linked"": 1}",Labor Force Survey Quarterly Report,
labor force survey report,unclear,place not stated,—,maybe — needs the survey's own geography,1,1,False,"household or phone survey, official statistics series","{""unclear"": 1}",Annual labor force survey report,
labor market bulletin,non_spatial,no place,—,unknown,1,1,False,"official statistics series, monitoring / tracking system, facility / asset / infrastructure records","{""non_spatial"": 1}",Labor Market Bulletin 2021,
labor market data from august,unclear,place not stated,—,unknown,1,1,False,"official statistics series, facility / asset / infrastructure records","{""unclear"": 1}",labor market data from August 2022,
labor market diagnostics,unclear,place not stated,—,maybe — needs the survey's own geography,1,1,False,"official statistics series, facility / asset / infrastructure records","{""unclear"": 1}",labor market diagnostics,
labor market needs assessment,non_spatial,no place,—,maybe — needs the survey's own geography,1,1,False,"household or phone survey, official statistics series, facility / asset / infrastructure records","{""non_spatial"": 1}",2023 Labor Market Needs Assessment,
labor market statistics,unclear,place not stated,—,unknown,1,1,False,"official statistics series, facility / asset / infrastructure records","{""unclear"": 1}",Annual labor market statistics,
labor survey,unclear,place not stated,—,maybe — needs the survey's own geography,1,1,False,household or phone survey,"{""unclear"": 1}",labor survey,
labor surveys,unclear,place not stated,—,maybe — needs the survey's own geography,1,1,False,household or phone survey,"{""unclear"": 1}",Labor surveys,
laboratory facility,point_geocoded,exact point,point,yes — coordinates or a layer exists,1,1,False,registry / administrative database,"{""point_geocoded"": 1}",laboratory facility database,
labour force statistics,non_spatial,no place,—,maybe — needs the survey's own geography,1,1,False,"official statistics series, registry / administrative database","{""non_spatial"": 1}",Labour Force Statistics database,
labour market-related sdg indicators,non_spatial,no place,—,maybe — needs the survey's own geography,1,1,False,"official statistics series, registry / administrative database, facility / asset / infrastructure records","{""non_spatial"": 1}",Labour Market-related SDG Indicators database,
lageo hr,non_spatial,no place,—,unknown,1,1,False,"named source, family not stated","{""non_spatial"": 1}",LaGeo HR data,
land and soil-related databases,admin_linked,named area,country only,maybe — needs the survey's own geography,1,1,False,registry / administrative database,"{""admin_linked"": 1}",land and soil-related databases,
land cadaster,admin_linked,named area,district / sub-county,maybe — needs the survey's own geography,1,1,False,"named source, family not stated","{""admin_linked"": 1}",land cadaster,
land cadastre,point_geocoded,exact point,point,yes — coordinates or a layer exists,1,1,False,registry / administrative database,"{""point_geocoded"": 1}",land cadastre,
land classification map,admin_linked,named area,country only,yes — coordinates or a layer exists,1,1,False,mapped layer / geospatial product,"{""admin_linked"": 1}",land classification map,
land consolidation information system,point_geocoded,exact point,point,yes — coordinates or a layer exists,1,1,False,"named source, family not stated","{""point_geocoded"": 1}",land consolidation information system,
land consolidation system,point_geocoded,exact point,point,yes — coordinates or a layer exists,1,1,False,"named source, family not stated","{""point_geocoded"": 1}",land consolidation system,
land cover,admin_linked,named area,not stated,yes — coordinates or a layer exists,1,1,False,"satellite / raster / index, mapped layer / geospatial product","{""admin_linked"": 1}",land cover data,
land degradation,point_geocoded,exact point,point,yes — coordinates or a layer exists,1,1,False,mapped layer / geospatial product,"{""point_geocoded"": 1}",land degradation data,
land information,admin_linked,named area,not stated,maybe — needs the survey's own geography,1,1,False,registry / administrative database,"{""admin_linked"": 1}",land information database,
land information system,point_geocoded,exact point,point,yes — coordinates or a layer exists,1,1,False,"named source, family not stated","{""point_geocoded"": 1}",Land Information System,
land ownership,point_geocoded,exact point,point,yes — coordinates or a layer exists,1,1,False,facility / asset / infrastructure records,"{""point_geocoded"": 1}",land ownership data,
land parcel,point_geocoded,exact point,point,yes — coordinates or a layer exists,1,1,False,facility / asset / infrastructure records,"{""point_geocoded"": 1}",land parcel data,
land parcel identification system,admin_linked,named area,point,maybe — needs the survey's own geography,1,1,False,"registry / administrative database, facility / asset / infrastructure records","{""admin_linked"": 1}",Land Parcel Identification System,
land productivity map,admin_linked,named area,not stated,yes — coordinates or a layer exists,1,1,False,mapped layer / geospatial product,"{""admin_linked"": 1}",land productivity map,
land record system,admin_linked,named area,district / sub-county,maybe — needs the survey's own geography,1,1,False,"named source, family not stated","{""admin_linked"": 1}",land record system,
land register and cadaster,point_geocoded,exact point,point,yes — coordinates or a layer exists,1,1,False,"named source, family not stated","{""point_geocoded"": 1}",land register and cadaster,
land registry and cadaster,point_geocoded,exact point,point,yes — coordinates or a layer exists,1,1,False,registry / administrative database,"{""point_geocoded"": 1}",land registry and cadaster data,
land registry and cadaster information,point_geocoded,exact point,point,yes — coordinates or a layer exists,1,1,False,registry / administrative database,"{""point_geocoded"": 1}",land registry and cadaster information,
land resource inventory atlas,admin_linked,named area,country only,maybe — needs the survey's own geography,1,1,False,"named source, family not stated","{""admin_linked"": 1}",Land Resource Inventory Atlas,
land rights inventories,admin_linked,named area,country only,maybe — needs the survey's own geography,1,1,False,"named source, family not stated","{""admin_linked"": 1}",land rights inventories,
land survey,point_geocoded,exact point,point,yes — coordinates or a layer exists,1,1,False,household or phone survey,"{""point_geocoded"": 1}",land survey,
land use and land cover,admin_linked,named area,not stated,yes — coordinates or a layer exists,1,1,False,satellite / raster / index,"{""admin_linked"": 1}",land use and land cover data,
land use change matrixes,national_spatial_derived,mapped / satellite,country only,unknown,1,1,False,"named source, family not stated","{""national_spatial_derived"": 1}",Land Use Change Matrixes,
land use maps,point_geocoded,exact point,point,yes — coordinates or a layer exists,1,1,False,"named source, family not stated","{""point_geocoded"": 1}",land use maps,
land-cover maps,national_spatial_derived,mapped / satellite,country only,unknown,1,1,False,"named source, family not stated","{""national_spatial_derived"": 1}",Land-cover maps,
land-use map,point_geocoded,exact point,point,yes — coordinates or a layer exists,1,1,False,"satellite / raster / index, mapped layer / geospatial product","{""point_geocoded"": 1}",land-use map,
landslide inventories,point_geocoded,exact point,point,yes — coordinates or a layer exists,1,1,False,mapped layer / geospatial product,"{""point_geocoded"": 1}",landslide inventories,
lao economic monitor,non_spatial,no place,—,unknown,1,1,False,"named source, family not stated","{""non_spatial"": 1}",Lao Economic Monitor,
lao expenditure and consumption survey,admin_linked,named area,country only,maybe — needs the survey's own geography,1,1,False,"household or phone survey, official statistics series","{""admin_linked"": 1}",Lao Expenditure and Consumption Survey,
lao pdr population census,admin_linked,named area,country only,maybe — needs the survey's own geography,1,1,False,"household or phone survey, official statistics series","{""admin_linked"": 1}",Lao PDR Population Census,
large household surveys,unclear,place not stated,—,maybe — needs the survey's own geography,1,1,False,household or phone survey,"{""unclear"": 1}",large household surveys,
large volume of,non_spatial,no place,—,unknown,1,1,False,"named source, family not stated","{""non_spatial"": 1}",large volume of data,
large-scale assessment of secondary education,non_spatial,no place,—,unknown,1,1,False,"named source, family not stated","{""non_spatial"": 1}",2019 Large-Scale Assessment of Secondary Education,
large-scale assessments,unclear,place not stated,—,unknown,1,1,False,"named source, family not stated","{""unclear"": 1}",large-scale assessments,
large-scale virtual household survey,unclear,place not stated,—,maybe — needs the survey's own geography,1,1,False,household or phone survey,"{""unclear"": 1}",Large-scale virtual household survey,
lasi,unclear,place not stated,—,maybe — needs the survey's own geography,1,1,False,household or phone survey,"{""unclear"": 1}",LASI,
last census of,non_spatial,no place,—,maybe — needs the survey's own geography,1,1,False,"household or phone survey, official statistics series, facility / asset / infrastructure records","{""non_spatial"": 1}",last census of 2002,
last water balance for,admin_linked,named area,country only,maybe — needs the survey's own geography,1,1,False,"named source, family not stated","{""admin_linked"": 1}",last water balance for 2023-2024,
latra,admin_linked,named area,not stated,unknown,1,1,False,"named source, family not stated","{""admin_linked"": 1}",LATRA,
lcpdp (optimization study),admin_linked,named area,country only,maybe — needs the survey's own geography,1,1,False,"named source, family not stated","{""admin_linked"": 1}",LCPDP (Optimization Study),
learning,point_geocoded,exact point,point,yes — coordinates or a layer exists,1,1,False,"named source, family not stated","{""point_geocoded"": 1}",learning data,
learning and test results,unclear,place not stated,—,unknown,1,1,False,"named source, family not stated","{""unclear"": 1}",learning and test results,
learning assessment,non_spatial,no place,—,unknown,1,1,False,"named source, family not stated","{""non_spatial"": 1}",learning assessment data,
learning poverty,unclear,place not stated,—,unknown,1,1,False,"named source, family not stated","{""unclear"": 1}",Learning Poverty data,
leave records of employees,non_spatial,no place,—,maybe — needs the survey's own geography,1,1,False,"named source, family not stated","{""non_spatial"": 1}",leave records of employees,
leave register,unclear,place not stated,—,unknown,1,1,False,"named source, family not stated","{""unclear"": 1}",leave register,
lebanon economic monitor,non_spatial,no place,—,unknown,1,1,False,"named source, family not stated","{""non_spatial"": 1}",Lebanon Economic Monitor,
lebanon follow-up labor force survey,non_spatial,no place,—,maybe — needs the survey's own geography,1,1,False,"household or phone survey, official statistics series","{""non_spatial"": 1}",Lebanon follow-up Labor Force Survey,
lebanon vulnerability assessment panel,admin_linked,named area,not stated,unknown,1,1,False,household or phone survey,"{""admin_linked"": 1}",Lebanon Vulnerability Assessment Panel,
lecs,admin_linked,named area,country only,maybe — needs the survey's own geography,1,1,False,household or phone survey,"{""admin_linked"": 1}",LECS 2023/24,
lecs 5,non_spatial,no place,—,maybe — needs the survey's own geography,1,1,False,household or phone survey,"{""non_spatial"": 1}",LECS 5 2012/13,
lecs 7,admin_linked,named area,country only,maybe — needs the survey's own geography,1,1,False,"named source, family not stated","{""admin_linked"": 1}",LECS 7,
ledger,admin_linked,named area,country only,maybe — needs the survey's own geography,1,1,False,registry / administrative database,"{""admin_linked"": 1}",Ledger data,
legacy cadastral,admin_linked,named area,country only,yes — coordinates or a layer exists,1,1,False,"satellite / raster / index, registry / administrative database","{""admin_linked"": 1}",legacy cadastral data,
legacy data from other federal agencies,unclear,place not stated,—,maybe — needs the survey's own geography,1,1,False,"named source, family not stated","{""unclear"": 1}",legacy data from other federal agencies,
lesotho scd update,admin_linked,named area,point,maybe — needs the survey's own geography,1,1,False,facility / asset / infrastructure records,"{""admin_linked"": 1}",Lesotho SCD update,
lged and bwdb administrative reports,unclear,place not stated,—,maybe — needs the survey's own geography,1,1,False,household or phone survey,"{""unclear"": 1}",LGED and BWDB administrative reports,
lged and rhd administrative reports,non_spatial,no place,—,maybe — needs the survey's own geography,1,1,False,"named source, family not stated","{""non_spatial"": 1}",LGED and RHD Administrative reports,
lgs expenditure statement,non_spatial,no place,—,unknown,1,1,False,"named source, family not stated","{""non_spatial"": 1}",LGs’ expenditure statement,
liberia dhs report,non_spatial,no place,—,unknown,1,1,False,"named source, family not stated","{""non_spatial"": 1}",Liberia DHS report 2013,
liberia human capital index,non_spatial,no place,—,no — aggregate,1,1,False,"named source, family not stated","{""non_spatial"": 1}",Liberia Human Capital Index,
licensing and certification registry,unclear,place not stated,—,maybe — needs the survey's own geography,1,1,False,registry / administrative database,"{""unclear"": 1}",licensing and certification registry,
lidar and photogrammetric survey,point_geocoded,exact point,point,yes — coordinates or a layer exists,1,1,False,"household or phone survey, mapped layer / geospatial product","{""point_geocoded"": 1}",LiDAR and photogrammetric survey,
lidp,non_spatial,no place,—,unknown,1,1,False,"named source, family not stated","{""non_spatial"": 1}",LIDP,
life expectancy at birth,non_spatial,no place,—,unknown,1,1,False,"named source, family not stated","{""non_spatial"": 1}",Life expectancy at birth,
lima c mo vamos survey,admin_linked,named area,country only,maybe — needs the survey's own geography,1,1,False,household or phone survey,"{""admin_linked"": 1}",_Lima Cómo Vamos_ 2021 survey,
liner shipping connectivity index,admin_linked,named area,country only,no — aggregate,1,1,False,"named source, family not stated","{""admin_linked"": 1}",Liner Shipping Connectivity Index,
linked data to fare card accounts,point_geocoded,exact point,point,yes — coordinates or a layer exists,1,1,False,household or phone survey,"{""point_geocoded"": 1}",linked data to fare card accounts,
list of confirmed eligible beneficiaries by menb,non_spatial,no place,—,unknown,1,1,False,"named source, family not stated","{""non_spatial"": 1}",list of confirmed eligible beneficiaries by MENB,
list of contracts under direct contracting,non_spatial,no place,—,unknown,1,1,False,"named source, family not stated","{""non_spatial"": 1}",list of contracts under direct contracting,
list of contracts/purchase orders,non_spatial,no place,—,unknown,1,1,False,"named source, family not stated","{""non_spatial"": 1}",list of contracts/purchase orders,
list of economically vulnerable gabonese,unclear,place not stated,—,unknown,1,1,False,"named source, family not stated","{""unclear"": 1}",list of economically vulnerable Gabonese,
list of least developed countries,non_spatial,no place,—,unknown,1,1,False,"named source, family not stated","{""non_spatial"": 1}",List of Least Developed Countries,
list of researchers,unclear,place not stated,—,unknown,1,1,False,"named source, family not stated","{""unclear"": 1}",list of researchers,
list of villages provided by mtc,point_geocoded,exact point,point,yes — coordinates or a layer exists,1,1,False,"named source, family not stated","{""point_geocoded"": 1}",List of villages provided by MTC,
listahanan 3 survey,unclear,place not stated,—,maybe — needs the survey's own geography,1,1,False,household or phone survey,"{""unclear"": 1}",Listahanan 3 survey,
liste dress e par la chambre de commerce,non_spatial,no place,—,unknown,1,1,False,"named source, family not stated","{""non_spatial"": 1}",liste dressée par la Chambre de commerce,
listening to ukraine survey,admin_linked,named area,country only,maybe — needs the survey's own geography,1,1,False,household or phone survey,"{""admin_linked"": 1}",Listening to Ukraine survey,
listing survey,point_geocoded,exact point,point,maybe — needs the survey's own geography,1,1,False,household or phone survey,"{""point_geocoded"": 1}",listing survey,
lists of top 100 companies,admin_linked,named area,country only,maybe — needs the survey's own geography,1,1,False,registry / administrative database,"{""admin_linked"": 1}",lists of the top 100 companies,
little data book on gender,non_spatial,no place,—,unknown,1,1,False,"named source, family not stated","{""non_spatial"": 1}",Little data book on Gender,
livestock loss information,admin_linked,named area,country only,maybe — needs the survey's own geography,1,1,False,"named source, family not stated","{""admin_linked"": 1}",livestock loss information,
livestock ownership,admin_linked,named area,district / sub-county,maybe — needs the survey's own geography,1,1,False,household or phone survey,"{""admin_linked"": 1}",livestock ownership data,
living conditions survey,unclear,place not stated,—,no — aggregate,1,1,False,"household or phone survey, official statistics series","{""unclear"": 1}",Living Conditions Survey,
living conditions surveys,unclear,place not stated,—,maybe — needs the survey's own geography,1,1,False,"household or phone survey, official statistics series, facility / asset / infrastructure records","{""unclear"": 1}",living conditions surveys,
living standard monitoring survey,non_spatial,no place,—,maybe — needs the survey's own geography,1,1,False,"household or phone survey, monitoring / tracking system","{""non_spatial"": 1}",2012 Living Standard Monitoring Survey,
living standards measurement surveys,unclear,place not stated,—,maybe — needs the survey's own geography,1,1,False,household or phone survey,"{""unclear"": 1}",Living Standards Measurement Surveys,
lmis / dhis2,admin_linked,named area,province / region / state,maybe — needs the survey's own geography,1,1,False,facility / asset / infrastructure records,"{""admin_linked"": 1}",LMIS / DHIS2,
lmis dashboard,unclear,place not stated,—,unknown,1,1,False,monitoring / tracking system,"{""unclear"": 1}",LMIS Dashboard,
lmis reports,admin_linked,named area,province / region / state,unknown,1,1,False,"named source, family not stated","{""admin_linked"": 1}",LMIS reports,
local development index,admin_linked,named area,country only,no — aggregate,1,1,False,"named source, family not stated","{""admin_linked"": 1}",Local Development Index,
local government records,admin_linked,named area,country only,maybe — needs the survey's own geography,1,1,False,household or phone survey,"{""admin_linked"": 1}",local government records,
local population register,admin_linked,named area,not stated,maybe — needs the survey's own geography,1,1,False,"named source, family not stated","{""admin_linked"": 1}",local population register,
localdatabases,point_geocoded,exact point,point,yes — coordinates or a layer exists,1,1,False,registry / administrative database,"{""point_geocoded"": 1}",localdatabases,
locally provided,admin_linked,named area,country only,maybe — needs the survey's own geography,1,1,False,"named source, family not stated","{""admin_linked"": 1}",locally provided data,
location coordinate,point_geocoded,exact point,point,yes — coordinates or a layer exists,1,1,False,"named source, family not stated","{""point_geocoded"": 1}",location coordinate data,
location data of schools and health facilities,point_geocoded,exact point,point,yes — coordinates or a layer exists,1,1,False,facility / asset / infrastructure records,"{""point_geocoded"": 1}",Location data of schools and health facilities,
location data of schools and hospitals,point_geocoded,exact point,point,yes — coordinates or a layer exists,1,1,False,facility / asset / infrastructure records,"{""point_geocoded"": 1}",location data of schools and hospitals,
locust emergency and food security project,non_spatial,no place,—,unknown,1,1,False,"named source, family not stated","{""non_spatial"": 1}",Locust Emergency and Food Security Project,
locust impact map,admin_linked,named area,not stated,yes — coordinates or a layer exists,1,1,False,mapped layer / geospatial product,"{""admin_linked"": 1}",locust impact map,
locust vulnerability map,admin_linked,named area,not stated,yes — coordinates or a layer exists,1,1,False,mapped layer / geospatial product,"{""admin_linked"": 1}",locust vulnerability map,
loda meis,admin_linked,named area,country only,maybe — needs the survey's own geography,1,1,False,"named source, family not stated","{""admin_linked"": 1}",LODA MEIS,
logbook of defects,point_geocoded,exact point,point,yes — coordinates or a layer exists,1,1,False,"named source, family not stated","{""point_geocoded"": 1}",logbook of defects,
logistics surveys,unclear,place not stated,—,maybe — needs the survey's own geography,1,1,False,"household or phone survey, official statistics series, facility / asset / infrastructure records","{""unclear"": 1}",logistics surveys,
longitudinal education outcomes,unclear,place not stated,—,unknown,1,1,False,monitoring / tracking system,"{""unclear"": 1}",Longitudinal Education Outcomes,
longline vessel em/er,unclear,place not stated,—,yes — coordinates or a layer exists,1,1,False,"named source, family not stated","{""unclear"": 1}",longline vessel EM/ER data,
lot quality assurance sampling lqas surveys,admin_linked,named area,not stated,maybe — needs the survey's own geography,1,1,False,household or phone survey,"{""admin_linked"": 1}",Lot Quality Assurance Sampling [LQAS] surveys,
lpi,admin_linked,named area,province / region / state,maybe — needs the survey's own geography,1,1,False,"named source, family not stated","{""admin_linked"": 1}",2023 LPI,
lqas household surveys,admin_linked,named area,country only,maybe — needs the survey's own geography,1,1,False,household or phone survey,"{""admin_linked"": 1}",LQAS household surveys,
lqas surveys,admin_linked,named area,country only,maybe — needs the survey's own geography,1,1,False,household or phone survey,"{""admin_linked"": 1}",LQAS surveys,
lrmis extract,admin_linked,named area,country only,maybe — needs the survey's own geography,1,1,False,"named source, family not stated","{""admin_linked"": 1}",LRMIS extract,
lsms data for tanzania,admin_linked,named area,country only,maybe — needs the survey's own geography,1,1,False,"official statistics series, facility / asset / infrastructure records","{""admin_linked"": 1}",LSMS data for Tanzania,
ltcs,non_spatial,no place,—,unknown,1,1,False,"named source, family not stated","{""non_spatial"": 1}",LTCs,
lulc,admin_linked,named area,not stated,unknown,1,1,False,"named source, family not stated","{""admin_linked"": 1}",LULC data,
m& reports,unclear,place not stated,—,unknown,1,1,False,"named source, family not stated","{""unclear"": 1}",M&V reports,
m&e data from zatp,non_spatial,no place,—,no — aggregate,1,1,False,"named source, family not stated","{""non_spatial"": 1}",M&E data from ZATP,
m&e surveys,unclear,place not stated,—,maybe — needs the survey's own geography,1,1,False,household or phone survey,"{""unclear"": 1}",M&E surveys,
macro and poverty outlook brazil,admin_linked,named area,country only,maybe — needs the survey's own geography,1,1,False,"named source, family not stated","{""admin_linked"": 1}",Macro and Poverty Outlook Brazil,
macro poverty outlook for sub-saharan africa,non_spatial,no place,—,unknown,1,1,False,official statistics series,"{""non_spatial"": 1}",Macro Poverty Outlook for Sub-Saharan Africa,
macroeconomic poverty outlook,non_spatial,no place,—,unknown,1,1,False,official statistics series,"{""non_spatial"": 1}",Macroeconomic Poverty Outlook,
mahalla level passport statistics,admin_linked,named area,country only,maybe — needs the survey's own geography,1,1,False,official statistics series,"{""admin_linked"": 1}",mahalla level passport statistics,
mahallah/neighborhood administrative division geospatial,admin_linked,named area,country only,maybe — needs the survey's own geography,1,1,False,official statistics series,"{""admin_linked"": 1}",Mahallah/neighborhood administrative division geospatial data,
malaria surveillance information system,unclear,place not stated,—,maybe — needs the survey's own geography,1,1,False,"named source, family not stated","{""unclear"": 1}",Malaria Surveillance Information System,
malawi fourth integrated household survey,unclear,place not stated,—,maybe — needs the survey's own geography,1,1,False,household or phone survey,"{""unclear"": 1}",Malawi Fourth Integrated Household Survey,
malawi gender-based violence in school survey,unclear,place not stated,—,maybe — needs the survey's own geography,1,1,False,"household or phone survey, official statistics series, facility / asset / infrastructure records","{""unclear"": 1}",Malawi Gender-based Violence in School Survey,
malawi harmonized health facility assessment,point_geocoded,exact point,point,yes — coordinates or a layer exists,1,1,False,facility / asset / infrastructure records,"{""point_geocoded"": 1}",2019 Malawi Harmonized Health Facility Assessment,
malawi multiple indicator cluster survey,admin_linked,named area,urban / rural split,maybe — needs the survey's own geography,1,1,False,household or phone survey,"{""admin_linked"": 1}",Malawi Multiple Indicator Cluster Survey,
maldives population and housing census,admin_linked,named area,country only,maybe — needs the survey's own geography,1,1,False,household or phone survey,"{""admin_linked"": 1}",Maldives Population and Housing Census 2014,
management information system,unclear,place not stated,—,maybe — needs the survey's own geography,1,1,False,"named source, family not stated","{""unclear"": 1}",management information system,
management information system of se,unclear,place not stated,—,maybe — needs the survey's own geography,1,1,False,"named source, family not stated","{""unclear"": 1}",management information system of the SE,
mandalgovi-arvaikheer ohtl geodesy engineering survey report,point_geocoded,exact point,point,yes — coordinates or a layer exists,1,1,False,household or phone survey,"{""point_geocoded"": 1}",Mandalgovi-Arvaikheer OHTL Geodesy engineering survey report,
manifest,non_spatial,no place,—,maybe — needs the survey's own geography,1,1,False,"named source, family not stated","{""non_spatial"": 1}",manifest data,
manual accounting records,non_spatial,no place,—,maybe — needs the survey's own geography,1,1,False,"named source, family not stated","{""non_spatial"": 1}",manual accounting records,
manual or video traffic surveys,point_geocoded,exact point,point,yes — coordinates or a layer exists,1,1,False,"household or phone survey, facility / asset / infrastructure records","{""point_geocoded"": 1}",Manual or video traffic surveys,
map,point_geocoded,exact point,point,yes — coordinates or a layer exists,1,1,False,mapped layer / geospatial product,"{""point_geocoded"": 1}",MAP,
map af16-20,non_spatial,no place,—,yes — coordinates or a layer exists,1,1,False,mapped layer / geospatial product,"{""non_spatial"": 1}",MAP AF16-20,
mapa de la pobreza,admin_linked,named area,country only,maybe — needs the survey's own geography,1,1,False,"named source, family not stated","{""admin_linked"": 1}",mapa de la pobreza,
mapa de pobreza,admin_linked,named area,province / region / state,yes — coordinates or a layer exists,1,1,False,mapped layer / geospatial product,"{""admin_linked"": 1}",mapa de pobreza,
mapping of agencies supporting msme development,point_geocoded,exact point,point,yes — coordinates or a layer exists,1,1,False,mapped layer / geospatial product,"{""point_geocoded"": 1}",mapping of agencies supporting MSME development,
maps of flood prone maps,admin_linked,named area,not stated,unknown,1,1,False,"named source, family not stated","{""admin_linked"": 1}",maps of flood prone maps,
march consumer price index,non_spatial,no place,—,no — aggregate,1,1,False,"official statistics series, facility / asset / infrastructure records","{""non_spatial"": 1}",March 2020 Consumer Price Index,
market,unclear,place not stated,—,unknown,1,1,False,"official statistics series, facility / asset / infrastructure records","{""unclear"": 1}",market data,
market assessment of off-grid solar products,non_spatial,no place,—,yes — coordinates or a layer exists,1,1,False,"satellite / raster / index, official statistics series, facility / asset / infrastructure records","{""non_spatial"": 1}",Market Assessment of off-grid solar products,
market location,point_geocoded,exact point,point,yes — coordinates or a layer exists,1,1,False,"official statistics series, facility / asset / infrastructure records","{""point_geocoded"": 1}",market location data,
market remoteness index,admin_linked,named area,local (ward/village/camp/kebele),no — aggregate,1,1,False,"official statistics series, facility / asset / infrastructure records","{""admin_linked"": 1}",Market remoteness index,
market research conducted by mvct,admin_linked,named area,country only,maybe — needs the survey's own geography,1,1,False,"official statistics series, facility / asset / infrastructure records","{""admin_linked"": 1}",market research conducted by MVCT,
market survey of 621 energy access companies,non_spatial,no place,—,no — aggregate,1,1,False,"household or phone survey, official statistics series, facility / asset / infrastructure records","{""non_spatial"": 1}",market survey of 621 energy access companies,
market survey of stand-alone commercial refrigeration equipment,non_spatial,no place,—,maybe — needs the survey's own geography,1,1,False,"household or phone survey, official statistics series, facility / asset / infrastructure records","{""non_spatial"": 1}",market survey of stand-alone commercial refrigeration equipment,
master health service functionality,admin_linked,named area,country only,maybe — needs the survey's own geography,1,1,False,registry / administrative database,"{""admin_linked"": 1}",master health service functionality database,
master plan household survey,unclear,place not stated,—,maybe — needs the survey's own geography,1,1,False,household or phone survey,"{""unclear"": 1}",2016 Master Plan Household Survey,
mastercard index of women entrepreneurs,admin_linked,named area,country only,no — aggregate,1,1,False,"named source, family not stated","{""admin_linked"": 1}",MasterCard Index of Women Entrepreneurs,
maternal and neonatal death audit reports,point_geocoded,exact point,point,yes — coordinates or a layer exists,1,1,False,"named source, family not stated","{""point_geocoded"": 1}",maternal and neonatal death audit reports,
may expenditure figures,non_spatial,no place,—,unknown,1,1,False,"named source, family not stated","{""non_spatial"": 1}",May 2024 expenditure figures,
mca-21,unclear,place not stated,—,maybe — needs the survey's own geography,1,1,False,official statistics series,"{""unclear"": 1}",MCA-21,
mch clinic reports,admin_linked,named area,point,maybe — needs the survey's own geography,1,1,False,facility / asset / infrastructure records,"{""admin_linked"": 1}",MCH clinic annual reports,
mdi-1,admin_linked,named area,country only,maybe — needs the survey's own geography,1,1,False,"named source, family not stated","{""admin_linked"": 1}",MDI-1,
me pdo table,non_spatial,no place,—,unknown,1,1,False,"named source, family not stated","{""non_spatial"": 1}",ME PDO Table,
meas real time school monitoring,admin_linked,named area,point,maybe — needs the survey's own geography,1,1,False,"monitoring / tracking system, facility / asset / infrastructure records","{""admin_linked"": 1}",MEAs’ real time school monitoring data,
measure 15 administrative,admin_linked,named area,country only,maybe — needs the survey's own geography,1,1,False,registry / administrative database,"{""admin_linked"": 1}",Measure 15 administrative data,
measurement of early learning and quality outcomes,unclear,place not stated,—,unknown,1,1,False,"named source, family not stated","{""unclear"": 1}",Measurement of Early Learning and Quality Outcomes,
mec supervision reports,admin_linked,named area,district / sub-county,maybe — needs the survey's own geography,1,1,False,facility / asset / infrastructure records,"{""admin_linked"": 1}",MEC supervision reports,
melqo,unclear,place not stated,—,maybe — needs the survey's own geography,1,1,False,household or phone survey,"{""unclear"": 1}",MELQO,
mental health atlas,non_spatial,no place,—,unknown,1,1,False,"named source, family not stated","{""non_spatial"": 1}",Mental health atlas 2020,
mesrs,non_spatial,no place,—,maybe — needs the survey's own geography,1,1,False,monitoring / tracking system,"{""non_spatial"": 1}",MESRS,
meteorological records,non_spatial,no place,—,maybe — needs the survey's own geography,1,1,False,"named source, family not stated","{""non_spatial"": 1}",Meteorological records,
metered generation,point_geocoded,exact point,point,yes — coordinates or a layer exists,1,1,False,"named source, family not stated","{""point_geocoded"": 1}",metered generation data,
metro ridership,admin_linked,named area,not stated,unknown,1,1,False,facility / asset / infrastructure records,"{""admin_linked"": 1}",metro ridership data,
metrological,admin_linked,named area,not stated,unknown,1,1,False,"named source, family not stated","{""admin_linked"": 1}",metrological data,
mewr hydro-meteorological records,point_geocoded,exact point,point,yes — coordinates or a layer exists,1,1,False,official statistics series,"{""point_geocoded"": 1}",MEWR hydro-meteorological records,
mewr hydromet data logs,point_geocoded,exact point,point,yes — coordinates or a layer exists,1,1,False,monitoring / tracking system,"{""point_geocoded"": 1}",MEWR hydromet data logs,
meys ict unit,non_spatial,no place,—,maybe — needs the survey's own geography,1,1,False,"household or phone survey, facility / asset / infrastructure records","{""non_spatial"": 1}",MEYS ICT Unit,
mfds corea,non_spatial,no place,—,unknown,1,1,False,"named source, family not stated","{""non_spatial"": 1}",MFDS COREA,
mhem s and mof websites,non_spatial,no place,—,unknown,1,1,False,"named source, family not stated","{""non_spatial"": 1}",MHEM’s and MoF websites,
mhis,admin_linked,named area,country only,maybe — needs the survey's own geography,1,1,False,"named source, family not stated","{""admin_linked"": 1}",MHIS,
micro watershed atlas of india,admin_linked,named area,country only,maybe — needs the survey's own geography,1,1,False,"named source, family not stated","{""admin_linked"": 1}",Micro Watershed Atlas of India 2015,
micro-data from available surveys,unclear,place not stated,—,maybe — needs the survey's own geography,1,1,False,household or phone survey,"{""unclear"": 1}",micro-data from available surveys,
mics household survey,unclear,place not stated,—,maybe — needs the survey's own geography,1,1,False,household or phone survey,"{""unclear"": 1}",MICS household survey,
mics-4/idrs,unclear,place not stated,—,maybe — needs the survey's own geography,1,1,False,household or phone survey,"{""unclear"": 1}",MICS-4/IDRS-2010,
mics2014/15,non_spatial,no place,—,unknown,1,1,False,"named source, family not stated","{""non_spatial"": 1}",MICS2014/15,
mid-term socioeconomic survey,unclear,place not stated,—,maybe — needs the survey's own geography,1,1,False,household or phone survey,"{""unclear"": 1}",mid-term socioeconomic survey,
mid-year economic and fiscal outlook,non_spatial,no place,—,no — aggregate,1,1,False,"named source, family not stated","{""non_spatial"": 1}",Mid-Year Economic and Fiscal Outlook,
midline and endline household survey,unclear,place not stated,—,maybe — needs the survey's own geography,1,1,False,household or phone survey,"{""unclear"": 1}",midline and endline household survey,
midterm evaluation survey,unclear,place not stated,—,maybe — needs the survey's own geography,1,1,False,household or phone survey,"{""unclear"": 1}",midterm evaluation survey,
midterm survey,unclear,place not stated,—,maybe — needs the survey's own geography,1,1,False,household or phone survey,"{""unclear"": 1}",midterm survey,
miemis,unclear,place not stated,—,unknown,1,1,False,"named source, family not stated","{""unclear"": 1}",MIEMIS,
migrantes,non_spatial,no place,—,unknown,1,1,False,"named source, family not stated","{""non_spatial"": 1}",Migrantes,
migration colombia,admin_linked,named area,district / sub-county,unknown,1,1,False,"named source, family not stated","{""admin_linked"": 1}",Migration Colombia 2020,
minedh statistics,unclear,place not stated,—,unknown,1,1,False,official statistics series,"{""unclear"": 1}",MINEDH statistics,
mini steps survey,unclear,place not stated,—,maybe — needs the survey's own geography,1,1,False,household or phone survey,"{""unclear"": 1}",Mini STEPS survey,
mini-demographic and health survey,unclear,place not stated,—,maybe — needs the survey's own geography,1,1,False,"household or phone survey, registry / administrative database","{""unclear"": 1}",mini-Demographic and Health Survey,
mini-demographic and health surveys,unclear,place not stated,—,maybe — needs the survey's own geography,1,1,False,household or phone survey,"{""unclear"": 1}",Mini-Demographic and Health surveys,
mini-dhs surveys,admin_linked,named area,not stated,maybe — needs the survey's own geography,1,1,False,household or phone survey,"{""admin_linked"": 1}",Annual mini-DHS surveys,
mini-poverty income consumption and expenditure surveys,admin_linked,named area,country only,maybe — needs the survey's own geography,1,1,False,household or phone survey,"{""admin_linked"": 1}","mini-Poverty, Income, Consumption and Expenditure Surveys",
ministry,non_spatial,no place,—,unknown,1,1,False,"named source, family not stated","{""non_spatial"": 1}",Ministry data,
ministry of interior risk registers,admin_linked,named area,country only,maybe — needs the survey's own geography,1,1,False,"named source, family not stated","{""admin_linked"": 1}",Ministry of Interior risk registers,
minr,national_spatial_derived,mapped / satellite,country only,yes — coordinates or a layer exists,1,1,False,mapped layer / geospatial product,"{""national_spatial_derived"": 1}",MINR,
miqyes barometer,non_spatial,no place,—,unknown,1,1,False,"named source, family not stated","{""non_spatial"": 1}",MIQYES barometer,
mis based grm,non_spatial,no place,—,maybe — needs the survey's own geography,1,1,False,registry / administrative database,"{""non_spatial"": 1}",MIS based GRM database,
mis data and reports,unclear,place not stated,—,unknown,1,1,False,"named source, family not stated","{""unclear"": 1}",MIS data and reports,
mis data reports,non_spatial,no place,—,unknown,1,1,False,"named source, family not stated","{""non_spatial"": 1}",MIS data reports,
mis data/reports,unclear,place not stated,—,unknown,1,1,False,"named source, family not stated","{""unclear"": 1}",MIS data/reports,
mis database of beneficiaries,admin_linked,named area,country only,maybe — needs the survey's own geography,1,1,False,registry / administrative database,"{""admin_linked"": 1}",MIS database of beneficiaries,
mis database of subprojects,admin_linked,named area,province / region / state,maybe — needs the survey's own geography,1,1,False,registry / administrative database,"{""admin_linked"": 1}",MIS database of subprojects,
mis progress report,non_spatial,no place,—,unknown,1,1,False,registry / administrative database,"{""non_spatial"": 1}","MIS, annual progress report",
misau reports,admin_linked,named area,not stated,maybe — needs the survey's own geography,1,1,False,facility / asset / infrastructure records,"{""admin_linked"": 1}",MISAU reports,
misti data,non_spatial,no place,—,unknown,1,1,False,"named source, family not stated","{""non_spatial"": 1}",MISTI data 2022,
mlhs,admin_linked,named area,country only,maybe — needs the survey's own geography,1,1,False,registry / administrative database,"{""admin_linked"": 1}",MLHS database,
mlhs records,admin_linked,named area,country only,no — aggregate,1,1,False,registry / administrative database,"{""admin_linked"": 1}",MLHS Records,
mlsa pit monitoring,admin_linked,named area,country only,maybe — needs the survey's own geography,1,1,False,monitoring / tracking system,"{""admin_linked"": 1}",MLSA PIT monitoring,
mlsp,admin_linked,named area,district / sub-county,unknown,1,1,False,"named source, family not stated","{""admin_linked"": 1}",MLSP data,
mlsp administrative,admin_linked,named area,country only,maybe — needs the survey's own geography,1,1,False,registry / administrative database,"{""admin_linked"": 1}",MLSP administrative data,
mlspp s,non_spatial,no place,—,maybe — needs the survey's own geography,1,1,False,"named source, family not stated","{""non_spatial"": 1}",MLSPP’s data,
mlss,unclear,place not stated,—,maybe — needs the survey's own geography,1,1,False,"official statistics series, registry / administrative database","{""unclear"": 1}",MLSS Baseline,
mlss midline,non_spatial,no place,—,maybe — needs the survey's own geography,1,1,False,facility / asset / infrastructure records,"{""non_spatial"": 1}",MLSS midline,
mmeirs,point_geocoded,exact point,point,yes — coordinates or a layer exists,1,1,False,"named source, family not stated","{""point_geocoded"": 1}",MMEIRS,
mo ibrahim index,non_spatial,no place,—,no — aggregate,1,1,False,"named source, family not stated","{""non_spatial"": 1}",Mo Ibrahim Index,
mo ibrahima index on governance in africa,non_spatial,no place,—,no — aggregate,1,1,False,"named source, family not stated","{""non_spatial"": 1}",2022 Mo Ibrahima Index on Governance in Africa,
mobile,non_spatial,no place,—,unknown,1,1,False,"named source, family not stated","{""non_spatial"": 1}",mobile data,
mobile cellular subscriptions,admin_linked,named area,province / region / state,maybe — needs the survey's own geography,1,1,False,"named source, family not stated","{""admin_linked"": 1}",Mobile cellular subscriptions,
mobile data from cell phones,admin_linked,named area,country only,maybe — needs the survey's own geography,1,1,False,household or phone survey,"{""admin_linked"": 1}",mobile data from cell phones,
mobile mapping study of ramu highway road conditions,point_geocoded,exact point,point,yes — coordinates or a layer exists,1,1,False,"facility / asset / infrastructure records, mapped layer / geospatial product","{""point_geocoded"": 1}",mobile mapping study of Ramu Highway road conditions,
mobile phone location,admin_linked,named area,country only,no — aggregate,1,1,False,official statistics series,"{""admin_linked"": 1}",mobile phone location data,
mobile phone surveys,unclear,place not stated,—,maybe — needs the survey's own geography,1,1,False,household or phone survey,"{""unclear"": 1}",mobile phone surveys,
mobile source emissions inventory,admin_linked,named area,not stated,unknown,1,1,False,mapped layer / geospatial product,"{""admin_linked"": 1}",mobile source emissions inventory,
mobile telephone surveys,unclear,place not stated,—,maybe — needs the survey's own geography,1,1,False,household or phone survey,"{""unclear"": 1}",mobile telephone surveys,
mobility,admin_linked,named area,country only,maybe — needs the survey's own geography,1,1,False,"named source, family not stated","{""admin_linked"": 1}",mobility data,
moe education management information system,admin_linked,named area,country only,maybe — needs the survey's own geography,1,1,False,official statistics series,"{""admin_linked"": 1}",MoE Education Management Information System,
moe implementation progress reports,unclear,place not stated,—,unknown,1,1,False,registry / administrative database,"{""unclear"": 1}",MoE Implementation Progress Reports,
moe piu report,unclear,place not stated,—,unknown,1,1,False,"named source, family not stated","{""unclear"": 1}",MoE PIU report,
moe ptt project administrative records,unclear,place not stated,—,maybe — needs the survey's own geography,1,1,False,facility / asset / infrastructure records,"{""unclear"": 1}",MoE PTT project administrative records,
moe s performance grading index,unclear,place not stated,—,no — aggregate,1,1,False,"named source, family not stated","{""unclear"": 1}",MoE’s Performance Grading Index,
moecct,non_spatial,no place,—,unknown,1,1,False,"named source, family not stated","{""non_spatial"": 1}",MoECCT data,
moeys school statistics report,admin_linked,named area,point,maybe — needs the survey's own geography,1,1,False,"household or phone survey, official statistics series, facility / asset / infrastructure records","{""admin_linked"": 1}",MOEYS school statistics report,
mof debt portfolio records,non_spatial,no place,—,no — aggregate,1,1,False,registry / administrative database,"{""non_spatial"": 1}",MOF debt portfolio records,
mof historical,non_spatial,no place,—,no — aggregate,1,1,False,"named source, family not stated","{""non_spatial"": 1}",MOF historical data,
mof key statistics,non_spatial,no place,—,unknown,1,1,False,official statistics series,"{""non_spatial"": 1}",MoF 2016 Key Statistics,
mofed,non_spatial,no place,—,no — aggregate,1,1,False,"named source, family not stated","{""non_spatial"": 1}",MOFED data,
moh,admin_linked,named area,province / region / state,maybe — needs the survey's own geography,1,1,False,"named source, family not stated","{""admin_linked"": 1}",MOH 2017 data,
moh capacity assessment,non_spatial,no place,—,unknown,1,1,False,"named source, family not stated","{""non_spatial"": 1}",MoH capacity assessment,
moh/htss,admin_linked,named area,country only,maybe — needs the survey's own geography,1,1,False,facility / asset / infrastructure records,"{""admin_linked"": 1}",MoH/HTSS,
moh/project reports,non_spatial,no place,—,unknown,1,1,False,"named source, family not stated","{""non_spatial"": 1}",MoH/Project reports,
mohesr,unclear,place not stated,—,maybe — needs the survey's own geography,1,1,False,"named source, family not stated","{""unclear"": 1}",MOHESR data,
mohhs key performance indicators report,unclear,place not stated,—,maybe — needs the survey's own geography,1,1,False,household or phone survey,"{""unclear"": 1}",MOHHS Key Performance Indicators Report,
mohhs mch needs assessment,unclear,place not stated,—,unknown,1,1,False,"named source, family not stated","{""unclear"": 1}",MOHHS MCH Needs Assessment,
moim digitalization logs,non_spatial,no place,—,maybe — needs the survey's own geography,1,1,False,"named source, family not stated","{""non_spatial"": 1}",MOIM digitalization logs,
moim s national id registry,unclear,place not stated,—,maybe — needs the survey's own geography,1,1,False,registry / administrative database,"{""unclear"": 1}",MOIM’s national ID registry,
moj,non_spatial,no place,—,maybe — needs the survey's own geography,1,1,False,registry / administrative database,"{""non_spatial"": 1}",MOJ Database,
moldova systematic country diagnostic update,non_spatial,no place,—,maybe — needs the survey's own geography,1,1,False,"named source, family not stated","{""non_spatial"": 1}",Moldova Systematic Country Diagnostic Update,
moldovan labor market indicators,non_spatial,no place,—,unknown,1,1,False,"official statistics series, facility / asset / infrastructure records","{""non_spatial"": 1}",Moldovan labor market indicators,
molsa s social registry,admin_linked,named area,country only,maybe — needs the survey's own geography,1,1,False,registry / administrative database,"{""admin_linked"": 1}",MOLSA’s social registry,
molsw databases,unclear,place not stated,—,maybe — needs the survey's own geography,1,1,False,registry / administrative database,"{""unclear"": 1}",MoLSW databases,
monitoring consultant s progress reports,admin_linked,named area,country only,maybe — needs the survey's own geography,1,1,False,"registry / administrative database, monitoring / tracking system","{""admin_linked"": 1}",Monitoring consultant's progress reports,
monitoring data from three main agencies,unclear,place not stated,—,maybe — needs the survey's own geography,1,1,False,"registry / administrative database, monitoring / tracking system","{""unclear"": 1}",monitoring data from the three main agencies,
monitoring information systems of lhw and fww,unclear,place not stated,—,maybe — needs the survey's own geography,1,1,False,monitoring / tracking system,"{""unclear"": 1}",monitoring information systems of LHW and FWW,
monitoring program,unclear,place not stated,—,maybe — needs the survey's own geography,1,1,False,monitoring / tracking system,"{""unclear"": 1}",monitoring program,
monitoring system of project implementation unit,admin_linked,named area,urban / rural split,maybe — needs the survey's own geography,1,1,False,"monitoring / tracking system, facility / asset / infrastructure records","{""admin_linked"": 1}",monitoring system of the Project Implementation Unit,
monsoon daily situation report,admin_linked,named area,country only,maybe — needs the survey's own geography,1,1,False,"named source, family not stated","{""admin_linked"": 1}",Monsoon 2022 Daily Situation Report,
monthly,non_spatial,no place,—,unknown,1,1,False,"named source, family not stated","{""non_spatial"": 1}",monthly data,
monthly bank statements of designated accounts,non_spatial,no place,—,unknown,1,1,False,"named source, family not stated","{""non_spatial"": 1}",Monthly bank statements of the Designated Accounts,
monthly economic indicators,non_spatial,no place,—,unknown,1,1,False,"named source, family not stated","{""non_spatial"": 1}",Monthly Economic Indicators,
monthly pso invoices prepared by gr,unclear,place not stated,—,unknown,1,1,False,"named source, family not stated","{""unclear"": 1}",Monthly PSO invoices prepared by GR,
monthly reports of ecrs,admin_linked,named area,country only,maybe — needs the survey's own geography,1,1,False,"named source, family not stated","{""admin_linked"": 1}",monthly reports of eCRs,
monthly reports of pius,non_spatial,no place,—,unknown,1,1,False,registry / administrative database,"{""non_spatial"": 1}",monthly reports of PIUs,
monthly tourist arrivals,admin_linked,named area,country only,maybe — needs the survey's own geography,1,1,False,"named source, family not stated","{""admin_linked"": 1}",Monthly tourist arrivals,
monthly work certificates,unclear,place not stated,—,unknown,1,1,False,"named source, family not stated","{""unclear"": 1}",Monthly work certificates,
monthly works certificates,unclear,place not stated,—,unknown,1,1,False,"named source, family not stated","{""unclear"": 1}",monthly works certificates,
mopt,admin_linked,named area,country only,maybe — needs the survey's own geography,1,1,False,facility / asset / infrastructure records,"{""admin_linked"": 1}",MOPT,
morocco country climate and development report,non_spatial,no place,—,unknown,1,1,False,"named source, family not stated","{""non_spatial"": 1}",Morocco Country Climate and Development report,
morocco country private sector diagnostic,admin_linked,named area,country only,maybe — needs the survey's own geography,1,1,False,"named source, family not stated","{""admin_linked"": 1}",Morocco Country Private Sector Diagnostic,
morocco economic monitor,non_spatial,no place,—,unknown,1,1,False,"named source, family not stated","{""non_spatial"": 1}",Morocco Economic Monitor,
mortality information system,admin_linked,named area,country only,maybe — needs the survey's own geography,1,1,False,"named source, family not stated","{""admin_linked"": 1}",Mortality Information System,
mosa amen social registry,admin_linked,named area,country only,maybe — needs the survey's own geography,1,1,False,registry / administrative database,"{""admin_linked"": 1}",MOSA AMEN Social registry database,
mosd s social registry,admin_linked,named area,country only,maybe — needs the survey's own geography,1,1,False,registry / administrative database,"{""admin_linked"": 1}",MoSD’s Social Registry,
motor vehicle registration,unclear,place not stated,—,maybe — needs the survey's own geography,1,1,False,registry / administrative database,"{""unclear"": 1}",Motor vehicle registration,
mozambique census,admin_linked,named area,country only,maybe — needs the survey's own geography,1,1,False,household or phone survey,"{""admin_linked"": 1}",Mozambique 2017 Census,
mozambique conflict monitor update,point_geocoded,exact point,point,yes — coordinates or a layer exists,1,1,False,"named source, family not stated","{""point_geocoded"": 1}",Mozambique Conflict Monitor Update,
mozambique demographic and health survey,unclear,place not stated,—,maybe — needs the survey's own geography,1,1,False,household or phone survey,"{""unclear"": 1}",Mozambique Demographic and Health Survey,
mozambique demographic health survey,non_spatial,no place,—,maybe — needs the survey's own geography,1,1,False,"household or phone survey, official statistics series","{""non_spatial"": 1}",Mozambique 2022-2024 Demographic Health Survey,
mozambique enterprise survey,non_spatial,no place,—,maybe — needs the survey's own geography,1,1,False,household or phone survey,"{""non_spatial"": 1}",Mozambique Enterprise Survey 2019,
mozambique logistics kpis,non_spatial,no place,—,unknown,1,1,False,"named source, family not stated","{""non_spatial"": 1}",Mozambique Logistics KPIs,
mozambique poverty assessment,non_spatial,no place,—,unknown,1,1,False,"named source, family not stated","{""non_spatial"": 1}",Mozambique Poverty Assessment,
mozambique systematic country diagnostic,admin_linked,named area,country only,maybe — needs the survey's own geography,1,1,False,"named source, family not stated","{""admin_linked"": 1}",Mozambique Systematic Country Diagnostic,
mrv and issuance records,unclear,place not stated,—,maybe — needs the survey's own geography,1,1,False,"named source, family not stated","{""unclear"": 1}",MRV and issuance records,
mrv asset list,unclear,place not stated,—,unknown,1,1,False,"named source, family not stated","{""unclear"": 1}",MRV asset list,
mrv information,non_spatial,no place,—,unknown,1,1,False,"named source, family not stated","{""non_spatial"": 1}",MRV information,
mrv onboarding,unclear,place not stated,—,maybe — needs the survey's own geography,1,1,False,registry / administrative database,"{""unclear"": 1}",MRV onboarding data,
msea s registry of project benefeciary firms,admin_linked,named area,country only,maybe — needs the survey's own geography,1,1,False,"household or phone survey, registry / administrative database","{""admin_linked"": 1}",MSEA’s registry of project benefeciary firms,
msme credit information,non_spatial,no place,—,unknown,1,1,False,"named source, family not stated","{""non_spatial"": 1}",MSME credit information,
msme knbs survey,unclear,place not stated,—,maybe — needs the survey's own geography,1,1,False,household or phone survey,"{""unclear"": 1}",2016 MSME KNBS survey,
msme survey,unclear,place not stated,—,maybe — needs the survey's own geography,1,1,False,household or phone survey,"{""unclear"": 1}",MSME Survey,
msmes and entrepreneurship ecosystems in kenya,unclear,place not stated,—,maybe — needs the survey's own geography,1,1,False,"named source, family not stated","{""unclear"": 1}",MSMEs and entrepreneurship ecosystems in Kenya,
msr dynamic registration records,unclear,place not stated,—,maybe — needs the survey's own geography,1,1,False,registry / administrative database,"{""unclear"": 1}",MSR dynamic registration records,
msr household roster linked to coremis,unclear,place not stated,—,maybe — needs the survey's own geography,1,1,False,"household or phone survey, registry / administrative database","{""unclear"": 1}",MSR household roster linked to COREMIS,
mtess databases,unclear,place not stated,—,maybe — needs the survey's own geography,1,1,False,registry / administrative database,"{""unclear"": 1}",MTESS databases,
multi - tier framework (mtf) survey,unclear,place not stated,—,maybe — needs the survey's own geography,1,1,False,household or phone survey,"{""unclear"": 1}",Multi - Tier Framework (MTF) survey,
multi-indicator cluster survey,unclear,place not stated,—,maybe — needs the survey's own geography,1,1,False,household or phone survey,"{""unclear"": 1}",Multi-Indicator Cluster Survey,
multi-topic household surveys,admin_linked,named area,point,maybe — needs the survey's own geography,1,1,False,household or phone survey,"{""admin_linked"": 1}",multi-topic household surveys,
multidimensional sectoral covid-19 vulnerability index,non_spatial,no place,—,no — aggregate,1,1,False,"named source, family not stated","{""non_spatial"": 1}",multidimensional sectoral COVID-19 vulnerability index,
multiple indicator cluster survey 6,unclear,place not stated,—,maybe — needs the survey's own geography,1,1,False,household or phone survey,"{""unclear"": 1}",Multiple Indicator Cluster Survey 6,
multiple indicator cluster survey iraq,admin_linked,named area,district / sub-county,maybe — needs the survey's own geography,1,1,False,household or phone survey,"{""admin_linked"": 1}",Multiple Indicator Cluster Survey Iraq 2018,
multiple indicators cluster survey,non_spatial,no place,—,maybe — needs the survey's own geography,1,1,False,household or phone survey,"{""non_spatial"": 1}",Multiple Indicators Cluster Survey 2019,
multipurpose household survey,unclear,place not stated,—,maybe — needs the survey's own geography,1,1,False,household or phone survey,"{""unclear"": 1}",Multipurpose Household Survey,
multisectoral rapid needs assessment,admin_linked,named area,country only,maybe — needs the survey's own geography,1,1,False,"named source, family not stated","{""admin_linked"": 1}",multisectoral rapid needs assessment,
multiyear health profiles,unclear,place not stated,—,unknown,1,1,False,"named source, family not stated","{""unclear"": 1}",multiyear health profiles,
municipal assessment of 14 beneficiary municipalities,point_geocoded,exact point,point,yes — coordinates or a layer exists,1,1,False,"named source, family not stated","{""point_geocoded"": 1}",municipal assessment of 14 beneficiary municipalities,
municipal financial,admin_linked,named area,country only,no — aggregate,1,1,False,"named source, family not stated","{""admin_linked"": 1}",municipal financial data,
municipal fiscal cadasters,point_geocoded,exact point,point,yes — coordinates or a layer exists,1,1,False,"named source, family not stated","{""point_geocoded"": 1}",municipal fiscal cadasters,
municipal operations and maintenance records,admin_linked,named area,not stated,maybe — needs the survey's own geography,1,1,False,"named source, family not stated","{""admin_linked"": 1}",municipal operations and maintenance records,
municipal records,admin_linked,named area,not stated,maybe — needs the survey's own geography,1,1,False,"named source, family not stated","{""admin_linked"": 1}",municipal records,
municipal risk index,admin_linked,named area,country only,no — aggregate,1,1,False,"named source, family not stated","{""admin_linked"": 1}",Municipal Risk Index,
municipal water statistics,non_spatial,no place,—,unknown,1,1,False,official statistics series,"{""non_spatial"": 1}",Municipal Water Statistics,
municipality records,admin_linked,named area,district / sub-county,maybe — needs the survey's own geography,1,1,False,"household or phone survey, registry / administrative database","{""admin_linked"": 1}",Municipality Records,
myanmar demographic and health survey,non_spatial,no place,—,maybe — needs the survey's own geography,1,1,False,household or phone survey,"{""non_spatial"": 1}",Myanmar Demographic and Health Survey,
myanmar enterprise survey,unclear,place not stated,—,maybe — needs the survey's own geography,1,1,False,household or phone survey,"{""unclear"": 1}",Myanmar 2016 Enterprise Survey,
myanmar household poverty and living conditions survey,non_spatial,no place,—,maybe — needs the survey's own geography,1,1,False,household or phone survey,"{""non_spatial"": 1}",Myanmar Household Poverty and Living Conditions Survey,
myanmar living conditions survey,unclear,place not stated,—,maybe — needs the survey's own geography,1,1,False,household or phone survey,"{""unclear"": 1}",Myanmar Living Conditions Survey,
myanmar micronutrient and food consumption survey,unclear,place not stated,—,maybe — needs the survey's own geography,1,1,False,household or phone survey,"{""unclear"": 1}",Myanmar Micronutrient and Food Consumption Survey,
myanmar micronutrients and food consumption survey,non_spatial,no place,—,maybe — needs the survey's own geography,1,1,False,household or phone survey,"{""non_spatial"": 1}",Myanmar Micronutrients and Food Consumption Survey,
naatal mbaye,admin_linked,named area,country only,maybe — needs the survey's own geography,1,1,False,registry / administrative database,"{""admin_linked"": 1}",Naatal Mbaye database,
nas,admin_linked,named area,not stated,unknown,1,1,False,"named source, family not stated","{""admin_linked"": 1}",NAS 2021,
nass,point_geocoded,exact point,point,yes — coordinates or a layer exists,1,1,False,"named source, family not stated","{""point_geocoded"": 1}",NASS data,
nation-wide inventory of 219 wastewater treatment plants,point_geocoded,exact point,point,yes — coordinates or a layer exists,1,1,False,"named source, family not stated","{""point_geocoded"": 1}",nation-wide inventory of 219 wastewater treatment plants,
national account and prices statistics,non_spatial,no place,—,no — aggregate,1,1,False,"household or phone survey, official statistics series","{""non_spatial"": 1}",national account and prices statistics,
national accounts and price,non_spatial,no place,—,no — aggregate,1,1,False,official statistics series,"{""non_spatial"": 1}",national accounts and price data,
national accounts of tanzania mainland,admin_linked,named area,country only,no — aggregate,1,1,False,official statistics series,"{""admin_linked"": 1}",National Accounts of Tanzania Mainland,
national accounts statistics,non_spatial,no place,—,no — aggregate,1,1,False,official statistics series,"{""non_spatial"": 1}",National Accounts Statistics,
national address,admin_linked,named area,country only,maybe — needs the survey's own geography,1,1,False,registry / administrative database,"{""admin_linked"": 1}",national Address Database,
national address registry,point_geocoded,exact point,point,yes — coordinates or a layer exists,1,1,False,registry / administrative database,"{""point_geocoded"": 1}",national Address Registry,
national agricultural census,unclear,place not stated,—,maybe — needs the survey's own geography,1,1,False,household or phone survey,"{""unclear"": 1}",2008 National Agricultural Census,
national agricultural survey,non_spatial,no place,—,maybe — needs the survey's own geography,1,1,False,household or phone survey,"{""non_spatial"": 1}",National Agricultural Survey 2017,
national agriculture census,unclear,place not stated,—,maybe — needs the survey's own geography,1,1,False,household or phone survey,"{""unclear"": 1}",2009 National Agriculture Census,
national agriculture registry,unclear,place not stated,—,maybe — needs the survey's own geography,1,1,False,registry / administrative database,"{""unclear"": 1}",National Agriculture Registry,
national analysis of mcs capacity,admin_linked,named area,country only,maybe — needs the survey's own geography,1,1,False,"named source, family not stated","{""admin_linked"": 1}",national analysis of MCS capacity,
national assessment,point_geocoded,exact point,point,yes — coordinates or a layer exists,1,1,False,facility / asset / infrastructure records,"{""point_geocoded"": 1}",national assessment data,
national assessment of primary school contractual teachers,admin_linked,named area,point,maybe — needs the survey's own geography,1,1,False,facility / asset / infrastructure records,"{""admin_linked"": 1}",national assessment of primary school contractual teachers,
national budget execution software gid,non_spatial,no place,—,no — aggregate,1,1,False,"named source, family not stated","{""non_spatial"": 1}",national budget execution software GID,
national business census,non_spatial,no place,—,maybe — needs the survey's own geography,1,1,False,household or phone survey,"{""non_spatial"": 1}",national business census,
national census of educational infrastructure,admin_linked,named area,country only,yes — coordinates or a layer exists,1,1,False,"household or phone survey, mapped layer / geospatial product","{""admin_linked"": 1}",national census of educational infrastructure,
national certificate exam,non_spatial,no place,—,unknown,1,1,False,"named source, family not stated","{""non_spatial"": 1}",2017 National Certificate Exam,
national climate risk and vulnerability maps,point_geocoded,exact point,point,yes — coordinates or a layer exists,1,1,False,registry / administrative database,"{""point_geocoded"": 1}",national climate risk and vulnerability maps,
national climate vulnerability and risk maps,admin_linked,named area,country only,unknown,1,1,False,"named source, family not stated","{""admin_linked"": 1}",national climate vulnerability and risk maps,
national cold chain inventory assessment,admin_linked,named area,province / region / state,maybe — needs the survey's own geography,1,1,False,"named source, family not stated","{""admin_linked"": 1}",national cold chain inventory assessment,
national comprehensive food security and nutrition assessment,non_spatial,no place,—,unknown,1,1,False,"named source, family not stated","{""non_spatial"": 1}",National Comprehensive Food Security and Nutrition Assessment,
national consumer price index,non_spatial,no place,—,no — aggregate,1,1,False,official statistics series,"{""non_spatial"": 1}",national consumer price index series,
national covid-19 cumulative cases by epi week,admin_linked,named area,country only,maybe — needs the survey's own geography,1,1,False,"named source, family not stated","{""admin_linked"": 1}",National COVID-19 Cumulative Cases by Epi Week,
national covid-19 cumulative cases by week in guyana,admin_linked,named area,country only,maybe — needs the survey's own geography,1,1,False,"named source, family not stated","{""admin_linked"": 1}",National COVID-19 Cumulative Cases by Week in Guyana,
national credit registry,admin_linked,named area,country only,no — aggregate,1,1,False,registry / administrative database,"{""admin_linked"": 1}",national credit registry,
national database of economically vulnerable households,admin_linked,named area,country only,yes — coordinates or a layer exists,1,1,False,"household or phone survey, registry / administrative database","{""admin_linked"": 1}",national database of economically vulnerable households,
national demographic and health survey,unclear,place not stated,—,maybe — needs the survey's own geography,1,1,False,household or phone survey,"{""unclear"": 1}",National Demographic and Health Survey,
national digital farm registry,point_geocoded,exact point,point,yes — coordinates or a layer exists,1,1,False,registry / administrative database,"{""point_geocoded"": 1}",national digital farm registry,
national disaster risk management system,non_spatial,no place,—,maybe — needs the survey's own geography,1,1,False,registry / administrative database,"{""non_spatial"": 1}",National Disaster Risk Management System,
national education assessment,non_spatial,no place,—,unknown,1,1,False,"named source, family not stated","{""non_spatial"": 1}",2016 National Education Assessment,
national education map,admin_linked,named area,country only,yes — coordinates or a layer exists,1,1,False,"household or phone survey, mapped layer / geospatial product","{""admin_linked"": 1}",National Education Map,
national education system,unclear,place not stated,—,maybe — needs the survey's own geography,1,1,False,"named source, family not stated","{""unclear"": 1}",national education system data,
national equipment inventory report,point_geocoded,exact point,point,yes — coordinates or a layer exists,1,1,False,facility / asset / infrastructure records,"{""point_geocoded"": 1}",National Equipment Inventory Report,
national estimates for intimate partner violence,non_spatial,no place,—,unknown,1,1,False,"named source, family not stated","{""non_spatial"": 1}",national estimates for intimate partner violence,
national estimates of gbv,unclear,place not stated,—,unknown,1,1,False,"named source, family not stated","{""unclear"": 1}",national estimates of GBV,
national financial management information system,non_spatial,no place,—,no — aggregate,1,1,False,"named source, family not stated","{""non_spatial"": 1}",national Financial Management Information System,
national forest and carbon monitoring system,admin_linked,named area,country only,maybe — needs the survey's own geography,1,1,False,monitoring / tracking system,"{""admin_linked"": 1}",national Forest and Carbon Monitoring System,
national ghg inventories,unclear,place not stated,—,unknown,1,1,False,"named source, family not stated","{""unclear"": 1}",national GHG inventories,
national ghg inventory,non_spatial,no place,—,unknown,1,1,False,"named source, family not stated","{""non_spatial"": 1}",National GHG Inventory,
national health,admin_linked,named area,province / region / state,maybe — needs the survey's own geography,1,1,False,registry / administrative database,"{""admin_linked"": 1}",national health datasets,
national health accounts,non_spatial,no place,—,unknown,1,1,False,"named source, family not stated","{""non_spatial"": 1}",National Health Accounts,
national health survey,admin_linked,named area,country only,maybe — needs the survey's own geography,1,1,False,household or phone survey,"{""admin_linked"": 1}",national health survey,
national hmis/dhis2,admin_linked,named area,country only,maybe — needs the survey's own geography,1,1,False,monitoring / tracking system,"{""admin_linked"": 1}",national HMIS/DHIS2,
national hotel and restaurant survey,admin_linked,named area,country only,maybe — needs the survey's own geography,1,1,False,"household or phone survey, official statistics series","{""admin_linked"": 1}",National Hotel and Restaurant Survey,
national household,admin_linked,named area,country only,maybe — needs the survey's own geography,1,1,False,"household or phone survey, registry / administrative database","{""admin_linked"": 1}",National Household Database,
national household budget and poverty survey,admin_linked,named area,country only,no — aggregate,1,1,False,"household or phone survey, official statistics series","{""admin_linked"": 1}",National Household Budget and Poverty Survey,
national household budget survey,unclear,place not stated,—,no — aggregate,1,1,False,household or phone survey,"{""unclear"": 1}",national household budget survey,
national household registry platform,admin_linked,named area,country only,maybe — needs the survey's own geography,1,1,False,"household or phone survey, registry / administrative database","{""admin_linked"": 1}",National Household Registry Platform,
national household study,admin_linked,named area,country only,maybe — needs the survey's own geography,1,1,False,household or phone survey,"{""admin_linked"": 1}",national household study,
national household survey data for age cohorts,non_spatial,no place,—,maybe — needs the survey's own geography,1,1,False,"household or phone survey, official statistics series","{""non_spatial"": 1}",National Household Survey data for age cohorts,
national household survey in guatemala,unclear,place not stated,—,maybe — needs the survey's own geography,1,1,False,household or phone survey,"{""unclear"": 1}",national 2023 household survey in Guatemala,
national ict data collection survey,admin_linked,named area,urban / rural split,maybe — needs the survey's own geography,1,1,False,household or phone survey,"{""admin_linked"": 1}",national ICT data collection survey,
national id registry,unclear,place not stated,—,maybe — needs the survey's own geography,1,1,False,registry / administrative database,"{""unclear"": 1}",national ID registry,
national id systems,unclear,place not stated,—,maybe — needs the survey's own geography,1,1,False,"named source, family not stated","{""unclear"": 1}",national ID systems,
national identification authority (nida),unclear,place not stated,—,maybe — needs the survey's own geography,1,1,False,registry / administrative database,"{""unclear"": 1}",National Identification Authority (NIDA) database,
national identity system,unclear,place not stated,—,maybe — needs the survey's own geography,1,1,False,"named source, family not stated","{""unclear"": 1}",National Identity System,
national immigrant survey,admin_linked,named area,country only,maybe — needs the survey's own geography,1,1,False,household or phone survey,"{""admin_linked"": 1}",National Immigrant Survey,
national income accounts,admin_linked,named area,country only,maybe — needs the survey's own geography,1,1,False,"named source, family not stated","{""admin_linked"": 1}",national income accounts,
national indicator covid-19 vaccination set,non_spatial,no place,—,maybe — needs the survey's own geography,1,1,False,facility / asset / infrastructure records,"{""non_spatial"": 1}",National Indicator COVID-19 Vaccination Set,
national information systems,unclear,place not stated,—,maybe — needs the survey's own geography,1,1,False,"named source, family not stated","{""unclear"": 1}",national information systems,
national inventory of all types of upops resources,point_geocoded,exact point,point,yes — coordinates or a layer exists,1,1,False,"named source, family not stated","{""point_geocoded"": 1}",national inventory of all types of UPOPs resources,
national inventory of educational furniture equipment and materi,admin_linked,named area,country only,maybe — needs the survey's own geography,1,1,False,"named source, family not stated","{""admin_linked"": 1}","National Inventory of Educational Furniture, Equipment, and Materials",
national inventory or ghg balance sheet,non_spatial,no place,—,unknown,1,1,False,"named source, family not stated","{""non_spatial"": 1}",national inventory or GHG balance sheet,
national labor force survey,unclear,place not stated,—,maybe — needs the survey's own geography,1,1,False,"household or phone survey, official statistics series, facility / asset / infrastructure records","{""unclear"": 1}",national labor force survey,
national land databases,point_geocoded,exact point,point,yes — coordinates or a layer exists,1,1,False,registry / administrative database,"{""point_geocoded"": 1}",national land databases,
national land records,point_geocoded,exact point,point,yes — coordinates or a layer exists,1,1,False,"named source, family not stated","{""point_geocoded"": 1}",national land records,
national livestock survey,non_spatial,no place,—,maybe — needs the survey's own geography,1,1,False,household or phone survey,"{""non_spatial"": 1}",National Livestock Survey 2019,
national logistics plan,non_spatial,no place,—,unknown,1,1,False,"named source, family not stated","{""non_spatial"": 1}",National Logistics Plan 2035,
national mangrove map,admin_linked,named area,country only,yes — coordinates or a layer exists,1,1,False,mapped layer / geospatial product,"{""admin_linked"": 1}",National Mangrove Map,
national map of stores of pesticide products,point_geocoded,exact point,point,yes — coordinates or a layer exists,1,1,False,mapped layer / geospatial product,"{""point_geocoded"": 1}",national map of stores of pesticide products,
national nutrition and health survey,unclear,place not stated,—,maybe — needs the survey's own geography,1,1,False,household or phone survey,"{""unclear"": 1}",National Nutrition and Health Survey,
national pius,non_spatial,no place,—,unknown,1,1,False,"named source, family not stated","{""non_spatial"": 1}",National PIUs,
national population and household census,admin_linked,named area,country only,maybe — needs the survey's own geography,1,1,False,household or phone survey,"{""admin_linked"": 1}",2019 National Population and Household Census,
national population projection,non_spatial,no place,—,unknown,1,1,False,"named source, family not stated","{""non_spatial"": 1}",National Population Projection Data,
national prevalence,non_spatial,no place,—,unknown,1,1,False,"named source, family not stated","{""non_spatial"": 1}",national prevalence data,
national public health surveillance systems,admin_linked,named area,country only,maybe — needs the survey's own geography,1,1,False,"named source, family not stated","{""admin_linked"": 1}",national public health surveillance systems,
national rangeland monitoring system,admin_linked,named area,country only,maybe — needs the survey's own geography,1,1,False,monitoring / tracking system,"{""admin_linked"": 1}",National Rangeland Monitoring System,
national register of informal settlements,admin_linked,named area,local (ward/village/camp/kebele),maybe — needs the survey's own geography,1,1,False,registry / administrative database,"{""admin_linked"": 1}",National Register of Informal Settlements,
national registry for means of implementation,unclear,place not stated,—,maybe — needs the survey's own geography,1,1,False,registry / administrative database,"{""unclear"": 1}",National Registry for Means of Implementation,
national registry for mitigation actions,unclear,place not stated,—,maybe — needs the survey's own geography,1,1,False,registry / administrative database,"{""unclear"": 1}",National Registry for Mitigation Actions,
national registry of beneficiaries,unclear,place not stated,—,maybe — needs the survey's own geography,1,1,False,registry / administrative database,"{""unclear"": 1}",National Registry of Beneficiaries,
national registry of health facilities,admin_linked,named area,country only,yes — coordinates or a layer exists,1,1,False,"registry / administrative database, facility / asset / infrastructure records","{""admin_linked"": 1}",National Registry of Health Facilities,
national registry of identification and civil status,admin_linked,named area,country only,maybe — needs the survey's own geography,1,1,False,registry / administrative database,"{""admin_linked"": 1}",National Registry of Identification and Civil Status,
national registry of kyrgyz republic,unclear,place not stated,—,maybe — needs the survey's own geography,1,1,False,registry / administrative database,"{""unclear"": 1}",National Registry of the Kyrgyz Republic,
national registry of slums,admin_linked,named area,country only,maybe — needs the survey's own geography,1,1,False,registry / administrative database,"{""admin_linked"": 1}",National Registry of Slums,
national registry of social protection,admin_linked,named area,country only,maybe — needs the survey's own geography,1,1,False,registry / administrative database,"{""admin_linked"": 1}",National Registry of Social Protection,
national registry system,unclear,place not stated,—,maybe — needs the survey's own geography,1,1,False,registry / administrative database,"{""unclear"": 1}",national registry system,
national sample-based assessment,non_spatial,no place,—,unknown,1,1,False,"named source, family not stated","{""non_spatial"": 1}",National Sample-Based Assessment,
national seagrass map and inventory,national_spatial_derived,mapped / satellite,country only,yes — coordinates or a layer exists,1,1,False,mapped layer / geospatial product,"{""national_spatial_derived"": 1}",national seagrass map and inventory,
national security,unclear,place not stated,—,maybe — needs the survey's own geography,1,1,False,registry / administrative database,"{""unclear"": 1}",National security database,
national social register,admin_linked,named area,country only,maybe — needs the survey's own geography,1,1,False,"named source, family not stated","{""admin_linked"": 1}",National Social Register,
national statistic yearbook,non_spatial,no place,—,unknown,1,1,False,"official statistics series, registry / administrative database","{""non_spatial"": 1}",National Statistic Yearbook 2020,
national statistical system,non_spatial,no place,—,maybe — needs the survey's own geography,1,1,False,official statistics series,"{""non_spatial"": 1}",National Statistical System,
national statistics committee,non_spatial,no place,—,maybe — needs the survey's own geography,1,1,False,"household or phone survey, official statistics series","{""non_spatial"": 1}",National Statistics Committee data,
national statistics committee preliminary,non_spatial,no place,—,no — aggregate,1,1,False,official statistics series,"{""non_spatial"": 1}",National Statistics Committee preliminary data,
national sti evaluation system,unclear,place not stated,—,maybe — needs the survey's own geography,1,1,False,"named source, family not stated","{""unclear"": 1}",national STI evaluation system,
national stock assessment program,non_spatial,no place,—,unknown,1,1,False,"named source, family not stated","{""non_spatial"": 1}",National Stock Assessment Program,
national study on domestic violence in tonga,unclear,place not stated,—,unknown,1,1,False,"named source, family not stated","{""unclear"": 1}",National Study on Domestic Violence in Tonga,
national survey,admin_linked,named area,urban / rural split,maybe — needs the survey's own geography,1,1,False,household or phone survey,"{""admin_linked"": 1}",national survey data,
national survey of employment unemployment and underemployment,non_spatial,no place,—,maybe — needs the survey's own geography,1,1,False,household or phone survey,"{""non_spatial"": 1}","National Survey of Employment, Unemployment and Underemployment",
national survey of income and living conditions,non_spatial,no place,—,maybe — needs the survey's own geography,1,1,False,"household or phone survey, registry / administrative database","{""non_spatial"": 1}",national survey of income and living conditions,
national survey on domestic violence,unclear,place not stated,—,maybe — needs the survey's own geography,1,1,False,household or phone survey,"{""unclear"": 1}",National Survey on Domestic Violence,
national survey on employment,admin_linked,named area,country only,maybe — needs the survey's own geography,1,1,False,household or phone survey,"{""admin_linked"": 1}",National Survey on Employment,
national survey on migration and remittances,admin_linked,named area,country only,no — aggregate,1,1,False,household or phone survey,"{""admin_linked"": 1}",National Survey on Migration and Remittances,
national survey on parenting practices,unclear,place not stated,—,maybe — needs the survey's own geography,1,1,False,"household or phone survey, official statistics series","{""unclear"": 1}",national survey on parenting practices,
national surveys,unclear,place not stated,—,maybe — needs the survey's own geography,1,1,False,household or phone survey,"{""unclear"": 1}",national surveys,
national surveys on micronutrient deficiencies,unclear,place not stated,—,maybe — needs the survey's own geography,1,1,False,household or phone survey,"{""unclear"": 1}",National Surveys on Micronutrient Deficiencies,
national swm platform,point_geocoded,exact point,point,yes — coordinates or a layer exists,1,1,False,registry / administrative database,"{""point_geocoded"": 1}",National SWM Platform Database,
national system for ghg inventory,non_spatial,no place,—,maybe — needs the survey's own geography,1,1,False,"named source, family not stated","{""non_spatial"": 1}",national system for GHG inventory,
national tax and social identification system,non_spatial,no place,—,maybe — needs the survey's own geography,1,1,False,"named source, family not stated","{""non_spatial"": 1}",national tax and social identification system,
national trade,non_spatial,no place,—,no — aggregate,1,1,False,"named source, family not stated","{""non_spatial"": 1}",national trade data,
national typology of residential buildings of serbia,admin_linked,named area,country only,maybe — needs the survey's own geography,1,1,False,"official statistics series, registry / administrative database","{""admin_linked"": 1}",National Typology of Residential Buildings of Serbia,
national vulnerability maps,admin_linked,named area,country only,unknown,1,1,False,"named source, family not stated","{""admin_linked"": 1}",national vulnerability maps,
national waste management plan and action plan,admin_linked,named area,country only,maybe — needs the survey's own geography,1,1,False,"named source, family not stated","{""admin_linked"": 1}",2016 National Waste Management Plan and Action Plan,
national water and sanitation information system,admin_linked,named area,country only,yes — coordinates or a layer exists,1,1,False,mapped layer / geospatial product,"{""admin_linked"": 1}",National Water and Sanitation Information System,
national water information system,admin_linked,named area,province / region / state,maybe — needs the survey's own geography,1,1,False,"named source, family not stated","{""admin_linked"": 1}",National Water Information System,
national wss,point_geocoded,exact point,point,yes — coordinates or a layer exists,1,1,False,registry / administrative database,"{""point_geocoded"": 1}",national WSS database,
national youth opportunities towards advancement project,non_spatial,no place,—,yes — coordinates or a layer exists,1,1,False,mapped layer / geospatial product,"{""non_spatial"": 1}",National Youth Opportunities Towards Advancement Project,
national-level climate risk assessment,non_spatial,no place,—,unknown,1,1,False,"official statistics series, facility / asset / infrastructure records","{""non_spatial"": 1}",national-level climate risk assessment,
nationally representative household surveys,admin_linked,named area,province / region / state,maybe — needs the survey's own geography,1,1,False,household or phone survey,"{""admin_linked"": 1}",nationally representative household surveys,
nationally representative phone survey,non_spatial,no place,—,maybe — needs the survey's own geography,1,1,False,household or phone survey,"{""non_spatial"": 1}",nationally representative phone survey,
nationally representative social protection survey,unclear,place not stated,—,maybe — needs the survey's own geography,1,1,False,household or phone survey,"{""unclear"": 1}",nationally representative social protection survey,
nationally representative survey in myanmar,unclear,place not stated,—,no — aggregate,1,1,False,household or phone survey,"{""unclear"": 1}",nationally representative survey in Myanmar,
nationally representative surveys,unclear,place not stated,—,maybe — needs the survey's own geography,1,1,False,household or phone survey,"{""unclear"": 1}",nationally representative surveys,
nationwide census supported by world bank,admin_linked,named area,country only,maybe — needs the survey's own geography,1,1,False,household or phone survey,"{""admin_linked"": 1}",nationwide census supported by the World Bank,
nationwide large-sample surveys,unclear,place not stated,—,maybe — needs the survey's own geography,1,1,False,household or phone survey,"{""unclear"": 1}",Nationwide large-sample surveys,
nationwide survey by ansd,admin_linked,named area,country only,maybe — needs the survey's own geography,1,1,False,household or phone survey,"{""admin_linked"": 1}",nationwide survey by the ANSD,
natswitch payment records,unclear,place not stated,—,maybe — needs the survey's own geography,1,1,False,"named source, family not stated","{""unclear"": 1}",Natswitch payment records,
natswitch payment transaction records,unclear,place not stated,—,maybe — needs the survey's own geography,1,1,False,registry / administrative database,"{""unclear"": 1}",Natswitch payment transaction records,
natswitch psp records,admin_linked,named area,country only,maybe — needs the survey's own geography,1,1,False,household or phone survey,"{""admin_linked"": 1}",Natswitch PSP records,
natural hazard exposure,national_spatial_derived,mapped / satellite,country only,unknown,1,1,False,"named source, family not stated","{""national_spatial_derived"": 1}",natural hazard exposure data,
nbkr,non_spatial,no place,—,no — aggregate,1,1,False,"household or phone survey, registry / administrative database","{""non_spatial"": 1}",NBKR,
nbr,non_spatial,no place,—,no — aggregate,1,1,False,"named source, family not stated","{""non_spatial"": 1}",NBR data,
ncd survey,admin_linked,named area,country only,maybe — needs the survey's own geography,1,1,False,household or phone survey,"{""admin_linked"": 1}",2021 NCD survey,
ncidb national civil identification,non_spatial,no place,—,maybe — needs the survey's own geography,1,1,False,registry / administrative database,"{""non_spatial"": 1}",NCIdb National Civil Identification Database,
ncrdb national civil registry,non_spatial,no place,—,maybe — needs the survey's own geography,1,1,False,registry / administrative database,"{""non_spatial"": 1}",NCRdb National Civil Registry Database,
nd gain index,admin_linked,named area,country only,no — aggregate,1,1,False,"named source, family not stated","{""admin_linked"": 1}",ND GAIN index,
ndice mundial de riesgo clim tico,non_spatial,no place,—,unknown,1,1,False,"named source, family not stated","{""non_spatial"": 1}",Índice Mundial de Riesgo Climático,
neighborhood level population statistics,point_geocoded,exact point,point,yes — coordinates or a layer exists,1,1,False,official statistics series,"{""point_geocoded"": 1}",neighborhood level population statistics,
neighborhood population statistics,point_geocoded,exact point,point,yes — coordinates or a layer exists,1,1,False,official statistics series,"{""point_geocoded"": 1}",neighborhood population statistics,
neighborhoods surveys,point_geocoded,exact point,point,yes — coordinates or a layer exists,1,1,False,household or phone survey,"{""point_geocoded"": 1}",neighborhoods surveys,
nepal labor force survey,non_spatial,no place,—,maybe — needs the survey's own geography,1,1,False,"household or phone survey, official statistics series, facility / asset / infrastructure records","{""non_spatial"": 1}",Nepal Labor Force Survey,
network,admin_linked,named area,country only,maybe — needs the survey's own geography,1,1,False,"registry / administrative database, facility / asset / infrastructure records","{""admin_linked"": 1}",network data,
network risks and criticality maps,national_spatial_derived,mapped / satellite,country only,unknown,1,1,False,mapped layer / geospatial product,"{""national_spatial_derived"": 1}",network risks and criticality maps,
network to monitor reservoir and canal levels,admin_linked,named area,not stated,maybe — needs the survey's own geography,1,1,False,"named source, family not stated","{""admin_linked"": 1}",network to monitor reservoir and canal levels,
network-level survey and crash data collection,point_geocoded,exact point,point,yes — coordinates or a layer exists,1,1,False,household or phone survey,"{""point_geocoded"": 1}",network-level survey and crash data collection,
nhis,unclear,place not stated,—,unknown,1,1,False,monitoring / tracking system,"{""unclear"": 1}",NHIS,
niche mis and khis,unclear,place not stated,—,unknown,1,1,False,official statistics series,"{""unclear"": 1}",NICHE MIS and KHIS,
nid,unclear,place not stated,—,maybe — needs the survey's own geography,1,1,False,registry / administrative database,"{""unclear"": 1}",NID database,
nigelec s,non_spatial,no place,—,yes — coordinates or a layer exists,1,1,False,satellite / raster / index,"{""non_spatial"": 1}",NIGELEC’s data,
niger systematic country diagnostic,unclear,place not stated,—,maybe — needs the survey's own geography,1,1,False,facility / asset / infrastructure records,"{""unclear"": 1}",Niger Systematic Country Diagnostic,
niger wash poverty diagnostic,admin_linked,named area,country only,maybe — needs the survey's own geography,1,1,False,"named source, family not stated","{""admin_linked"": 1}",Niger WASH Poverty Diagnostic,
nigeria general household survey-panel,unclear,place not stated,—,maybe — needs the survey's own geography,1,1,False,household or phone survey,"{""unclear"": 1}",2018-19 Nigeria General Household Survey-Panel,
nigeria living standards survey,unclear,place not stated,—,maybe — needs the survey's own geography,1,1,False,household or phone survey,"{""unclear"": 1}",Nigeria Living Standards Survey,
nigeria national health accounts,non_spatial,no place,—,unknown,1,1,False,"named source, family not stated","{""non_spatial"": 1}",Nigeria National Health Accounts,
nigeria progress reports,non_spatial,no place,—,unknown,1,1,False,registry / administrative database,"{""non_spatial"": 1}",Nigeria Progress Reports,
nla,unclear,place not stated,—,maybe — needs the survey's own geography,1,1,False,facility / asset / infrastructure records,"{""unclear"": 1}",NLA data,
nnnf data platform,unclear,place not stated,—,yes — coordinates or a layer exists,1,1,False,"satellite / raster / index, household or phone survey","{""unclear"": 1}",NNNF Data Platform,
nns,admin_linked,named area,country only,maybe — needs the survey's own geography,1,1,False,household or phone survey,"{""admin_linked"": 1}",NNS 2018,
nnss,unclear,place not stated,—,maybe — needs the survey's own geography,1,1,False,household or phone survey,"{""unclear"": 1}",NNSs,
non-monetary indicators of poverty,non_spatial,no place,—,unknown,1,1,False,"named source, family not stated","{""non_spatial"": 1}",non-monetary indicators of poverty,
non-public sector hospital,admin_linked,named area,country only,maybe — needs the survey's own geography,1,1,False,"named source, family not stated","{""admin_linked"": 1}",non-public sector hospital data,
notre dame global adaptation initiative (nd gain) index,non_spatial,no place,—,no — aggregate,1,1,False,"named source, family not stated","{""non_spatial"": 1}",Notre Dame Global Adaptation Initiative (ND Gain) index,
notre dame global adaptation initiative (nd-gain) country index,admin_linked,named area,country only,no — aggregate,1,1,False,"named source, family not stated","{""admin_linked"": 1}",Notre Dame Global Adaptation Initiative (ND-GAIN) Country Index,
notre dame global gain index,admin_linked,named area,country only,no — aggregate,1,1,False,"named source, family not stated","{""admin_linked"": 1}",2018 Notre Dame Global Gain Index,
npco administrative records,unclear,place not stated,—,maybe — needs the survey's own geography,1,1,False,household or phone survey,"{""unclear"": 1}",NPCO administrative records,
nrb reports,non_spatial,no place,—,unknown,1,1,False,"named source, family not stated","{""non_spatial"": 1}",NRB reports,
nsa,non_spatial,no place,—,unknown,1,1,False,official statistics series,"{""non_spatial"": 1}",NSA 2017,
nsds,non_spatial,no place,—,unknown,1,1,False,"named source, family not stated","{""non_spatial"": 1}",NSDS,
nsr national single registry,non_spatial,no place,—,maybe — needs the survey's own geography,1,1,False,registry / administrative database,"{""non_spatial"": 1}",NSR National Single Registry,
nss,non_spatial,no place,—,unknown,1,1,False,"named source, family not stated","{""non_spatial"": 1}",NSS baseline,
ntb & ldt tourism statistics,unclear,place not stated,—,maybe — needs the survey's own geography,1,1,False,"household or phone survey, official statistics series","{""unclear"": 1}",NTB & LDT tourism statistics,
ntb records,admin_linked,named area,province / region / state,maybe — needs the survey's own geography,1,1,False,official statistics series,"{""admin_linked"": 1}",NTB records,
numbeo,non_spatial,no place,—,unknown,1,1,False,official statistics series,"{""non_spatial"": 1}",NUMBEO,
nutrition smart survey report,unclear,place not stated,—,maybe — needs the survey's own geography,1,1,False,household or phone survey,"{""unclear"": 1}",Nutrition SMART Survey Report,
nutrition survey,unclear,place not stated,—,maybe — needs the survey's own geography,1,1,False,household or phone survey,"{""unclear"": 1}",nutrition survey,
o&m,admin_linked,named area,not stated,yes — coordinates or a layer exists,1,1,False,mapped layer / geospatial product,"{""admin_linked"": 1}",O&M data,
objective,unclear,place not stated,—,unknown,1,1,False,"named source, family not stated","{""unclear"": 1}",objective data,
observational,point_geocoded,exact point,point,yes — coordinates or a layer exists,1,1,False,"named source, family not stated","{""point_geocoded"": 1}",observational data,
observed climate records,admin_linked,named area,country only,maybe — needs the survey's own geography,1,1,False,"named source, family not stated","{""admin_linked"": 1}",Observed climate records,
observed rainfall,non_spatial,no place,—,unknown,1,1,False,"named source, family not stated","{""non_spatial"": 1}",observed annual rainfall,
occupational cards,unclear,place not stated,—,unknown,1,1,False,monitoring / tracking system,"{""unclear"": 1}",Occupational Cards,
occupational employment and vacancy survey,unclear,place not stated,—,maybe — needs the survey's own geography,1,1,False,household or phone survey,"{""unclear"": 1}",Occupational Employment and Vacancy Survey,
occupational employment outlook,unclear,place not stated,—,unknown,1,1,False,"named source, family not stated","{""unclear"": 1}",Occupational Employment Outlook,
occupational task and skill (indotask),unclear,place not stated,—,unknown,1,1,False,"named source, family not stated","{""unclear"": 1}",Occupational Task and Skill (Indotask),
occupational tasks and skills,unclear,place not stated,—,unknown,1,1,False,"named source, family not stated","{""unclear"": 1}",Occupational Tasks and Skills,
ocha estimates,admin_linked,named area,country only,maybe — needs the survey's own geography,1,1,False,"named source, family not stated","{""admin_linked"": 1}",OCHA estimates,
odyssey data platform,non_spatial,no place,—,unknown,1,1,False,"named source, family not stated","{""non_spatial"": 1}",Odyssey data platform,
oecd,non_spatial,no place,—,unknown,1,1,False,"named source, family not stated","{""non_spatial"": 1}",OECD Data,
oecd health statistics,non_spatial,no place,—,unknown,1,1,False,official statistics series,"{""non_spatial"": 1}",OECD health statistics,
oecd pension funds in figures,non_spatial,no place,—,no — aggregate,1,1,False,"named source, family not stated","{""non_spatial"": 1}",OECD pension funds in figures,
oecd perceived road quality index,admin_linked,named area,country only,no — aggregate,1,1,False,facility / asset / infrastructure records,"{""admin_linked"": 1}",OECD perceived road quality index,
oecd product market regulation,non_spatial,no place,—,maybe — needs the survey's own geography,1,1,False,"official statistics series, registry / administrative database, facility / asset / infrastructure records","{""non_spatial"": 1}",OECD Product Market Regulation database,
oecd trade facilitation indicators,admin_linked,named area,country only,no — aggregate,1,1,False,"named source, family not stated","{""admin_linked"": 1}",OECD Trade Facilitation Indicators,
oecd-world bank group product market regulation,non_spatial,no place,—,maybe — needs the survey's own geography,1,1,False,"official statistics series, registry / administrative database, facility / asset / infrastructure records","{""non_spatial"": 1}",OECD-World Bank Group Product Market Regulation database,
oecs education statistical digest,non_spatial,no place,—,unknown,1,1,False,official statistics series,"{""non_spatial"": 1}",OECS Education Statistical Digest 2018,
oecs statistical digest,non_spatial,no place,—,unknown,1,1,False,official statistics series,"{""non_spatial"": 1}",OECS Statistical Digest 2017-2018,
of women with access to project infrastructure,non_spatial,no place,—,unknown,1,1,False,"named source, family not stated","{""non_spatial"": 1}",% of women with access to project infrastructure,
official lists of women,unclear,place not stated,—,unknown,1,1,False,"named source, family not stated","{""unclear"": 1}",Official lists of women,
official personnel records for central government,non_spatial,no place,—,maybe — needs the survey's own geography,1,1,False,"named source, family not stated","{""non_spatial"": 1}",official personnel records for the central government,
official teacher registries,unclear,place not stated,—,maybe — needs the survey's own geography,1,1,False,registry / administrative database,"{""unclear"": 1}",official teacher registries,
ohs incident logs,point_geocoded,exact point,point,yes — coordinates or a layer exists,1,1,False,"named source, family not stated","{""point_geocoded"": 1}",OHS incident logs,
oiz,admin_linked,named area,country only,maybe — needs the survey's own geography,1,1,False,"named source, family not stated","{""admin_linked"": 1}",OIZ data,
ojsc rogun hr records,admin_linked,named area,country only,maybe — needs the survey's own geography,1,1,False,"named source, family not stated","{""admin_linked"": 1}",OJSC Rogun HR records,
older,unclear,place not stated,—,unknown,1,1,False,"named source, family not stated","{""unclear"": 1}",older data,
on-site inspection and contractor progress reports,admin_linked,named area,point,unknown,1,1,False,registry / administrative database,"{""admin_linked"": 1}",On-site inspection and contractor progress reports,
ongoing survey,unclear,place not stated,—,maybe — needs the survey's own geography,1,1,False,household or phone survey,"{""unclear"": 1}",ongoing survey data,
online registry of sncp,admin_linked,named area,country only,maybe — needs the survey's own geography,1,1,False,"registry / administrative database, facility / asset / infrastructure records","{""admin_linked"": 1}",online registry of the SNCP,
online road network,admin_linked,named area,not stated,unknown,1,1,False,facility / asset / infrastructure records,"{""admin_linked"": 1}",Online Road Network,
online service index,admin_linked,named area,province / region / state,no — aggregate,1,1,False,"named source, family not stated","{""admin_linked"": 1}",Online Service Index,
online survey,non_spatial,no place,—,no — aggregate,1,1,False,household or phone survey,"{""non_spatial"": 1}",2021 online survey,
online vacancy bank,unclear,place not stated,—,unknown,1,1,False,"named source, family not stated","{""unclear"": 1}",online vacancy bank data,
ootr sector report,admin_linked,named area,country only,maybe — needs the survey's own geography,1,1,False,household or phone survey,"{""admin_linked"": 1}",OoTR Sector Report,
ootr survey,admin_linked,named area,country only,maybe — needs the survey's own geography,1,1,False,household or phone survey,"{""admin_linked"": 1}",OoTR survey,
open data bolivia,admin_linked,named area,country only,maybe — needs the survey's own geography,1,1,False,"named source, family not stated","{""admin_linked"": 1}",Open Data: Bolivia,
open data inventory,non_spatial,no place,—,maybe — needs the survey's own geography,1,1,False,monitoring / tracking system,"{""non_spatial"": 1}",Open Data Inventory,
open medical record system,unclear,place not stated,—,maybe — needs the survey's own geography,1,1,False,"named source, family not stated","{""unclear"": 1}",Open Medical Record System,
open street map,admin_linked,named area,country only,yes — coordinates or a layer exists,1,1,False,"household or phone survey, mapped layer / geospatial product","{""admin_linked"": 1}",Open Street Map,
openstreetmaps,admin_linked,named area,not stated,unknown,1,1,False,"named source, family not stated","{""admin_linked"": 1}",OpenStreetMaps,
operational,non_spatial,no place,—,maybe — needs the survey's own geography,1,1,False,monitoring / tracking system,"{""non_spatial"": 1}",operational data,
operational data from moe,point_geocoded,exact point,point,yes — coordinates or a layer exists,1,1,False,registry / administrative database,"{""point_geocoded"": 1}",operational data from the MoE,
operational logs of early warning systems,point_geocoded,exact point,point,yes — coordinates or a layer exists,1,1,False,"household or phone survey, monitoring / tracking system","{""point_geocoded"": 1}",operational logs of early warning systems,
operations data portal,admin_linked,named area,country only,maybe — needs the survey's own geography,1,1,False,"named source, family not stated","{""admin_linked"": 1}",Operations Data Portal,
ops inventory,point_geocoded,exact point,point,yes — coordinates or a layer exists,1,1,False,"named source, family not stated","{""point_geocoded"": 1}",OPs inventory,
opt,unclear,place not stated,—,maybe — needs the survey's own geography,1,1,False,monitoring / tracking system,"{""unclear"": 1}",OPT,
organizational review and employee survey,unclear,place not stated,—,maybe — needs the survey's own geography,1,1,False,household or phone survey,"{""unclear"": 1}",organizational review and employee survey,
origin and destination (od) survey,admin_linked,named area,country only,maybe — needs the survey's own geography,1,1,False,household or phone survey,"{""admin_linked"": 1}",Origin and Destination (OD) Survey,
origin and destination survey,point_geocoded,exact point,point,yes — coordinates or a layer exists,1,1,False,household or phone survey,"{""point_geocoded"": 1}",origin and destination survey,
origin-destination matrix,admin_linked,named area,district / sub-county,unknown,1,1,False,"named source, family not stated","{""admin_linked"": 1}",origin-destination matrix,
origin-destination survey,point_geocoded,exact point,point,yes — coordinates or a layer exists,1,1,False,household or phone survey,"{""point_geocoded"": 1}",origin-destination survey,
origin-destination survey of cyclists,admin_linked,named area,country only,maybe — needs the survey's own geography,1,1,False,household or phone survey,"{""admin_linked"": 1}",origin-destination survey of cyclists,
osm,admin_linked,named area,country only,maybe — needs the survey's own geography,1,1,False,"named source, family not stated","{""admin_linked"": 1}",OSM,
our world in,admin_linked,named area,country only,maybe — needs the survey's own geography,1,1,False,"named source, family not stated","{""admin_linked"": 1}",Our World in Data,
outcome survey,non_spatial,no place,—,maybe — needs the survey's own geography,1,1,False,"household or phone survey, registry / administrative database","{""non_spatial"": 1}",Annual outcome survey,
pacific islands literacy and numeracy assessment,non_spatial,no place,—,unknown,1,1,False,"named source, family not stated","{""non_spatial"": 1}",Pacific Islands Literacy and Numeracy Assessment,
pakistan education statistics,unclear,place not stated,—,unknown,1,1,False,official statistics series,"{""unclear"": 1}",Pakistan Education Statistics,
pakistan education statistics report,unclear,place not stated,—,unknown,1,1,False,official statistics series,"{""unclear"": 1}",Pakistan Education Statistics Report 2023,
pakistan maternal mortality survey,unclear,place not stated,—,maybe — needs the survey's own geography,1,1,False,household or phone survey,"{""unclear"": 1}",Pakistan Maternal Mortality Survey 2019,
pakistan national nutrition survey,unclear,place not stated,—,maybe — needs the survey's own geography,1,1,False,household or phone survey,"{""unclear"": 1}",Pakistan National Nutrition Survey 2018,
pakistan social and living standards measurement,admin_linked,named area,not stated,maybe — needs the survey's own geography,1,1,False,"household or phone survey, facility / asset / infrastructure records","{""admin_linked"": 1}",Pakistan Social and Living Standards Measurement,
pakistan social and living standards measurement survey,admin_linked,named area,province / region / state,maybe — needs the survey's own geography,1,1,False,"household or phone survey, official statistics series","{""admin_linked"": 1}",Pakistan Social and Living Standards Measurement Survey,
pakistan standard of living measure survey,unclear,place not stated,—,maybe — needs the survey's own geography,1,1,False,household or phone survey,"{""unclear"": 1}",Pakistan Standard of Living Measure Survey,
pal pia transport cost indicator,admin_linked,named area,not stated,unknown,1,1,False,"named source, family not stated","{""admin_linked"": 1}",PAL–PIA transport cost indicator,
palestinian expenditure consumption survey,admin_linked,named area,not stated,maybe — needs the survey's own geography,1,1,False,household or phone survey,"{""admin_linked"": 1}",Palestinian Expenditure Consumption Survey,
panama multidimensional poverty index,admin_linked,named area,country only,no — aggregate,1,1,False,"named source, family not stated","{""admin_linked"": 1}",Panama Multidimensional Poverty Index,
panel dataset of 228 firms,unclear,place not stated,—,unknown,1,1,False,registry / administrative database,"{""unclear"": 1}",panel dataset of 228 firms,
pantawid pamilyang information system,unclear,place not stated,—,maybe — needs the survey's own geography,1,1,False,"named source, family not stated","{""unclear"": 1}",Pantawid Pamilyang Information System,
pap surveys,admin_linked,named area,point,maybe — needs the survey's own geography,1,1,False,household or phone survey,"{""admin_linked"": 1}",PAP surveys,
papua guinea demographic and health survey,unclear,place not stated,—,maybe — needs the survey's own geography,1,1,False,household or phone survey,"{""unclear"": 1}",Papua New Guinea Demographic and Health Survey 2016-18,
parana water security project,non_spatial,no place,—,unknown,1,1,False,"named source, family not stated","{""non_spatial"": 1}",Parana Water Security Project,
parental surveys and community feedback,unclear,place not stated,—,maybe — needs the survey's own geography,1,1,False,household or phone survey,"{""unclear"": 1}",Parental surveys and community feedback,
participant lists,admin_linked,named area,point,maybe — needs the survey's own geography,1,1,False,facility / asset / infrastructure records,"{""admin_linked"": 1}",participant lists,
participant/attendance records,unclear,place not stated,—,maybe — needs the survey's own geography,1,1,False,"named source, family not stated","{""unclear"": 1}",participant/attendance records,
participants registry,unclear,place not stated,—,maybe — needs the survey's own geography,1,1,False,registry / administrative database,"{""unclear"": 1}",participants registry,
pasec,admin_linked,named area,country only,maybe — needs the survey's own geography,1,1,False,"named source, family not stated","{""admin_linked"": 1}",PASEC,
pasec international learning outcomes survey,non_spatial,no place,—,maybe — needs the survey's own geography,1,1,False,household or phone survey,"{""non_spatial"": 1}",PASEC international learning outcomes survey,
pasec results,admin_linked,named area,province / region / state,unknown,1,1,False,"named source, family not stated","{""admin_linked"": 1}",2014 PASEC results,
pasec survey,unclear,place not stated,—,maybe — needs the survey's own geography,1,1,False,household or phone survey,"{""unclear"": 1}",2014 PASEC survey,
pasture information system,admin_linked,named area,country only,maybe — needs the survey's own geography,1,1,False,"named source, family not stated","{""admin_linked"": 1}",pasture information system,
patient registries,admin_linked,named area,country only,maybe — needs the survey's own geography,1,1,False,registry / administrative database,"{""admin_linked"": 1}",patient registries,
patient satisfaction survey,admin_linked,named area,country only,maybe — needs the survey's own geography,1,1,False,household or phone survey,"{""admin_linked"": 1}",2016 patient satisfaction survey,
patients biometric,non_spatial,no place,—,maybe — needs the survey's own geography,1,1,False,facility / asset / infrastructure records,"{""non_spatial"": 1}",patients’ biometric data,
pavement management system,unclear,place not stated,—,maybe — needs the survey's own geography,1,1,False,"named source, family not stated","{""unclear"": 1}",pavement management system,
payment,unclear,place not stated,—,maybe — needs the survey's own geography,1,1,False,"named source, family not stated","{""unclear"": 1}",payment data,
payment account information,non_spatial,no place,—,no — aggregate,1,1,False,"named source, family not stated","{""non_spatial"": 1}",payment account information,
payment incidents,non_spatial,no place,—,maybe — needs the survey's own geography,1,1,False,registry / administrative database,"{""non_spatial"": 1}",payment incidents database,
payroll,unclear,place not stated,—,maybe — needs the survey's own geography,1,1,False,registry / administrative database,"{""unclear"": 1}",payroll database,
pbc incident report of wrd,admin_linked,named area,country only,maybe — needs the survey's own geography,1,1,False,"named source, family not stated","{""admin_linked"": 1}",PBC Incident Report of WRD,
pbf,unclear,place not stated,—,unknown,1,1,False,registry / administrative database,"{""unclear"": 1}",PBF data,
pbf portal,non_spatial,no place,—,unknown,1,1,False,"named source, family not stated","{""non_spatial"": 1}",PBF portal,
pdhs,unclear,place not stated,—,maybe — needs the survey's own geography,1,1,False,household or phone survey,"{""unclear"": 1}",PDHS,
pdna,non_spatial,no place,—,unknown,1,1,False,"named source, family not stated","{""non_spatial"": 1}",PDNA,
pdo indicator,non_spatial,no place,—,unknown,1,1,False,"named source, family not stated","{""non_spatial"": 1}",PDO indicator,
pdo indicator 1,unclear,place not stated,—,maybe — needs the survey's own geography,1,1,False,"named source, family not stated","{""unclear"": 1}",PDO Indicator 1,
pdo indicator 2,unclear,place not stated,—,unknown,1,1,False,"named source, family not stated","{""unclear"": 1}",PDO indicator 2,
peak/off-peak period surveys,admin_linked,named area,not stated,maybe — needs the survey's own geography,1,1,False,household or phone survey,"{""admin_linked"": 1}",peak/off-peak period surveys,
pec student assessment,unclear,place not stated,—,yes — coordinates or a layer exists,1,1,False,"named source, family not stated","{""unclear"": 1}",PEC Student Assessment,
penra pmu operational,admin_linked,named area,country only,maybe — needs the survey's own geography,1,1,False,"named source, family not stated","{""admin_linked"": 1}",PENRA PMU operational data,
penra pmu operatonal,admin_linked,named area,country only,maybe — needs the survey's own geography,1,1,False,"named source, family not stated","{""admin_linked"": 1}",PENRA PMU operatonal data,
pensions and social security databases,unclear,place not stated,—,maybe — needs the survey's own geography,1,1,False,registry / administrative database,"{""unclear"": 1}",Pensions and social security databases,
people s primary healthcare initiative tracking system,admin_linked,named area,country only,maybe — needs the survey's own geography,1,1,False,monitoring / tracking system,"{""admin_linked"": 1}",People’s Primary Healthcare Initiative tracking system,
per capita income data for ap and india,admin_linked,named area,country only,maybe — needs the survey's own geography,1,1,False,household or phone survey,"{""admin_linked"": 1}",per capita income data for AP and India,
per capita income data for gujarat and india,admin_linked,named area,country only,maybe — needs the survey's own geography,1,1,False,"named source, family not stated","{""admin_linked"": 1}",per capita income data for Gujarat and India,
perception survey of schoolgirls and community,admin_linked,named area,country only,maybe — needs the survey's own geography,1,1,False,"household or phone survey, facility / asset / infrastructure records","{""admin_linked"": 1}",perception survey of schoolgirls and the community,
performance,point_geocoded,exact point,point,yes — coordinates or a layer exists,1,1,False,"named source, family not stated","{""point_geocoded"": 1}",performance data,
performance and budget,admin_linked,named area,country only,no — aggregate,1,1,False,"named source, family not stated","{""admin_linked"": 1}",Performance and budget data,
performance data from all participating oems,unclear,place not stated,—,maybe — needs the survey's own geography,1,1,False,registry / administrative database,"{""unclear"": 1}",performance data from all participating OEMs,
performance tracking,unclear,place not stated,—,unknown,1,1,False,monitoring / tracking system,"{""unclear"": 1}",Performance Tracking data,
periodic household sample surveys,unclear,place not stated,—,maybe — needs the survey's own geography,1,1,False,household or phone survey,"{""unclear"": 1}",periodic household sample surveys,
periodic road condition surveys,point_geocoded,exact point,point,yes — coordinates or a layer exists,1,1,False,"household or phone survey, registry / administrative database, facility / asset / infrastructure records","{""point_geocoded"": 1}",periodic road condition surveys,
periodic tracer surveys,unclear,place not stated,—,maybe — needs the survey's own geography,1,1,False,household or phone survey,"{""unclear"": 1}",periodic tracer surveys,
permanent household survey,admin_linked,named area,country only,maybe — needs the survey's own geography,1,1,False,"household or phone survey, official statistics series","{""admin_linked"": 1}",Permanent Household Survey,
permanent sample plots,point_geocoded,exact point,not stated,maybe — needs the survey's own geography,1,1,False,"monitoring / tracking system, facility / asset / infrastructure records","{""point_geocoded"": 1}",permanent sample plots,
personnel records,unclear,place not stated,—,maybe — needs the survey's own geography,1,1,False,"named source, family not stated","{""unclear"": 1}",personnel records,
peru covid-19 vaccination project,non_spatial,no place,—,unknown,1,1,False,"named source, family not stated","{""non_spatial"": 1}",Peru COVID-19 Vaccination Project,
peru s national household survey,admin_linked,named area,province / region / state,maybe — needs the survey's own geography,1,1,False,household or phone survey,"{""admin_linked"": 1}",Peru’s national household survey,
pesquisa de vitimiza o de porto alegre,admin_linked,named area,country only,maybe — needs the survey's own geography,1,1,False,"named source, family not stated","{""admin_linked"": 1}",Pesquisa de Vitimização de Porto Alegre,
pesticide stock management system,unclear,place not stated,—,maybe — needs the survey's own geography,1,1,False,"named source, family not stated","{""unclear"": 1}",Pesticide Stock Management System,
pesticide-fertilizer-yield,unclear,place not stated,—,yes — coordinates or a layer exists,1,1,False,mapped layer / geospatial product,"{""unclear"": 1}",pesticide-fertilizer-yield data,
pfpmb s report,non_spatial,no place,—,unknown,1,1,False,"named source, family not stated","{""non_spatial"": 1}",PFPMB’s annual report,
pfu mis,admin_linked,named area,country only,maybe — needs the survey's own geography,1,1,False,"named source, family not stated","{""admin_linked"": 1}",PFU MIS,
philippines beneficiary first social protection project,non_spatial,no place,—,unknown,1,1,False,"named source, family not stated","{""non_spatial"": 1}",Philippines Beneficiary FIRST Social Protection Project,
philippines country climate and development report,non_spatial,no place,—,unknown,1,1,False,"named source, family not stated","{""non_spatial"": 1}",2022 Philippines Country Climate and Development Report,
phone survey results,admin_linked,named area,country only,maybe — needs the survey's own geography,1,1,False,household or phone survey,"{""admin_linked"": 1}",phone survey results,
physical inventory and unique asset referencing method,admin_linked,named area,not stated,maybe — needs the survey's own geography,1,1,False,facility / asset / infrastructure records,"{""admin_linked"": 1}",physical inventory and unique asset referencing method,
pia logistics and terminal management records,unclear,place not stated,—,maybe — needs the survey's own geography,1,1,False,"named source, family not stated","{""unclear"": 1}",PIA logistics and terminal management records,
pices,admin_linked,named area,urban / rural split,maybe — needs the survey's own geography,1,1,False,household or phone survey,"{""admin_linked"": 1}",PICES,
pink sheet projections,non_spatial,no place,—,unknown,1,1,False,"named source, family not stated","{""non_spatial"": 1}",Pink Sheet projections,
pisa index,non_spatial,no place,—,no — aggregate,1,1,False,"named source, family not stated","{""non_spatial"": 1}",PISA index,
pisa-d,unclear,place not stated,—,unknown,1,1,False,"named source, family not stated","{""unclear"": 1}",PISA-D 2018,
piu and pmo records,unclear,place not stated,—,maybe — needs the survey's own geography,1,1,False,"named source, family not stated","{""unclear"": 1}",PIU and PMO records,
piu compiled,admin_linked,named area,country only,maybe — needs the survey's own geography,1,1,False,"named source, family not stated","{""admin_linked"": 1}",PIU compiled data,
piu m&e records and survey,admin_linked,named area,country only,maybe — needs the survey's own geography,1,1,False,household or phone survey,"{""admin_linked"": 1}",PIU M&E records and survey,
piu m&e system,unclear,place not stated,—,maybe — needs the survey's own geography,1,1,False,"named source, family not stated","{""unclear"": 1}",PIU M&E system,
piu monitoring reports,admin_linked,named area,not stated,maybe — needs the survey's own geography,1,1,False,monitoring / tracking system,"{""admin_linked"": 1}",PIU monitoring reports,
piu training records,unclear,place not stated,—,maybe — needs the survey's own geography,1,1,False,"named source, family not stated","{""unclear"": 1}",PIU training records,
piu2,non_spatial,no place,—,unknown,1,1,False,"named source, family not stated","{""non_spatial"": 1}",PIU2,
pius miss,unclear,place not stated,—,maybe — needs the survey's own geography,1,1,False,"named source, family not stated","{""unclear"": 1}",PIUs MISs,
pius reports,unclear,place not stated,—,unknown,1,1,False,"named source, family not stated","{""unclear"": 1}",PIUs reports,
planet,point_geocoded,exact point,point,yes — coordinates or a layer exists,1,1,False,satellite / raster / index,"{""point_geocoded"": 1}",PLANET,
platform records,unclear,place not stated,—,maybe — needs the survey's own geography,1,1,False,"named source, family not stated","{""unclear"": 1}",Platform records,
pluvial and fluvial,point_geocoded,exact point,point,yes — coordinates or a layer exists,1,1,False,"named source, family not stated","{""point_geocoded"": 1}",Pluvial and fluvial data,
pm measurement,unclear,place not stated,—,maybe — needs the survey's own geography,1,1,False,monitoring / tracking system,"{""unclear"": 1}",PM measurement data,
pmg employment,admin_linked,named area,country only,maybe — needs the survey's own geography,1,1,False,"named source, family not stated","{""admin_linked"": 1}",PMG employment data,
pmg implementation reports,unclear,place not stated,—,maybe — needs the survey's own geography,1,1,False,"named source, family not stated","{""unclear"": 1}",PMG implementation reports,
pmis report,unclear,place not stated,—,maybe — needs the survey's own geography,1,1,False,household or phone survey,"{""unclear"": 1}",PMIS Report,
pmnp information system,admin_linked,named area,country only,maybe — needs the survey's own geography,1,1,False,"named source, family not stated","{""admin_linked"": 1}",PMNP information system,
pmo m&e report,unclear,place not stated,—,unknown,1,1,False,"named source, family not stated","{""unclear"": 1}",PMO M&E report,
pmo records,unclear,place not stated,—,maybe — needs the survey's own geography,1,1,False,"named source, family not stated","{""unclear"": 1}",PMO records,
pmt administrative,unclear,place not stated,—,maybe — needs the survey's own geography,1,1,False,registry / administrative database,"{""unclear"": 1}",PMT administrative data,
pmu and ehcss,unclear,place not stated,—,unknown,1,1,False,"named source, family not stated","{""unclear"": 1}",PMU and EHCSS,
pmu records,unclear,place not stated,—,maybe — needs the survey's own geography,1,1,False,registry / administrative database,"{""unclear"": 1}",PMU records,
pnad-cont nua,admin_linked,named area,province / region / state,maybe — needs the survey's own geography,1,1,False,"named source, family not stated","{""admin_linked"": 1}",PNAD-Contínua,
pnds,admin_linked,named area,country only,maybe — needs the survey's own geography,1,1,False,"named source, family not stated","{""admin_linked"": 1}",PNDS,
pnsu and emsapuno reports,unclear,place not stated,—,unknown,1,1,False,"named source, family not stated","{""unclear"": 1}",PNSU and EMSAPUNO Reports,
pnte,non_spatial,no place,—,unknown,1,1,False,"named source, family not stated","{""non_spatial"": 1}",PNTE 2040,
police records,point_geocoded,exact point,point,yes — coordinates or a layer exists,1,1,False,"named source, family not stated","{""point_geocoded"": 1}",police records,
pollution inventories,admin_linked,named area,province / region / state,maybe — needs the survey's own geography,1,1,False,monitoring / tracking system,"{""admin_linked"": 1}",pollution inventories,
popgis3,admin_linked,named area,country only,maybe — needs the survey's own geography,1,1,False,household or phone survey,"{""admin_linked"": 1}",PopGIS3,
population and exchange rate,non_spatial,no place,—,unknown,1,1,False,"named source, family not stated","{""non_spatial"": 1}",Population and exchange rate data,
population censuses,unclear,place not stated,—,maybe — needs the survey's own geography,1,1,False,household or phone survey,"{""unclear"": 1}",population censuses,
population data from national institute of statistics,non_spatial,no place,—,unknown,1,1,False,official statistics series,"{""non_spatial"": 1}",population data from the National Institute of Statistics,
population data from wdi,non_spatial,no place,—,no — aggregate,1,1,False,"household or phone survey, official statistics series","{""non_spatial"": 1}",population data from WDI,
population data from worldpop,point_geocoded,exact point,point,yes — coordinates or a layer exists,1,1,False,mapped layer / geospatial product,"{""point_geocoded"": 1}",population data from WorldPop,
population demographics,non_spatial,no place,—,unknown,1,1,False,official statistics series,"{""non_spatial"": 1}",2020 population demographics,
population estimates,non_spatial,no place,—,unknown,1,1,False,official statistics series,"{""non_spatial"": 1}",2018 population estimates,
population estimates and projections niger,non_spatial,no place,—,maybe — needs the survey's own geography,1,1,False,"named source, family not stated","{""non_spatial"": 1}",Population estimates and projections – Niger,
population family and household register,unclear,place not stated,—,maybe — needs the survey's own geography,1,1,False,"household or phone survey, official statistics series","{""unclear"": 1}","Population, family and household register",
population growth,unclear,place not stated,—,no — aggregate,1,1,False,"official statistics series, facility / asset / infrastructure records","{""unclear"": 1}",population growth,
population growth estimates,admin_linked,named area,country only,maybe — needs the survey's own geography,1,1,False,"named source, family not stated","{""admin_linked"": 1}",population growth estimates,
population projections from world bank,non_spatial,no place,—,unknown,1,1,False,"named source, family not stated","{""non_spatial"": 1}",population projections from the World Bank,
population registers,unclear,place not stated,—,unknown,1,1,False,"named source, family not stated","{""unclear"": 1}",Population registers,
population statistics,non_spatial,no place,—,unknown,1,1,False,official statistics series,"{""non_spatial"": 1}",population statistics,
population survey,unclear,place not stated,—,maybe — needs the survey's own geography,1,1,False,"household or phone survey, registry / administrative database","{""unclear"": 1}",population survey data,
population-based surveys,unclear,place not stated,—,maybe — needs the survey's own geography,1,1,False,household or phone survey,"{""unclear"": 1}",population-based surveys,
population-level surveys,unclear,place not stated,—,maybe — needs the survey's own geography,1,1,False,"household or phone survey, registry / administrative database","{""unclear"": 1}",population-level surveys,
port authority vessel arrival logs/progress reports,point_geocoded,exact point,point,yes — coordinates or a layer exists,1,1,False,registry / administrative database,"{""point_geocoded"": 1}",Port authority vessel arrival logs/Progress reports,
port of lom operational,point_geocoded,exact point,point,yes — coordinates or a layer exists,1,1,False,"household or phone survey, facility / asset / infrastructure records","{""point_geocoded"": 1}",Port of Lomé operational data,
port of lom terminal operating system,admin_linked,named area,not stated,maybe — needs the survey's own geography,1,1,False,"named source, family not stated","{""admin_linked"": 1}",Port of Lomé Terminal Operating System,
port vila consumer price index,admin_linked,named area,country only,no — aggregate,1,1,False,official statistics series,"{""admin_linked"": 1}",Port Vila Consumer Price Index,
port/trade single window,admin_linked,named area,not stated,no — aggregate,1,1,False,registry / administrative database,"{""admin_linked"": 1}",Port/Trade single window dataset,
post enumeration survey,unclear,place not stated,—,maybe — needs the survey's own geography,1,1,False,household or phone survey,"{""unclear"": 1}",post enumeration survey,
post-disaster field survey,admin_linked,named area,not stated,maybe — needs the survey's own geography,1,1,False,"household or phone survey, facility / asset / infrastructure records","{""admin_linked"": 1}",post-disaster field survey data,
post-flood impact situation reports,admin_linked,named area,province / region / state,unknown,1,1,False,"named source, family not stated","{""admin_linked"": 1}",2020 post-flood impact situation reports,
post-flood needs assessment,unclear,place not stated,—,unknown,1,1,False,"named source, family not stated","{""unclear"": 1}",2013 post-flood needs assessment,
poverty and human development indicators,non_spatial,no place,—,no — aggregate,1,1,False,"named source, family not stated","{""non_spatial"": 1}",Poverty and human development indicators,
poverty and inequality platform,non_spatial,no place,—,unknown,1,1,False,registry / administrative database,"{""non_spatial"": 1}",Poverty and Inequality Platform,
poverty and shared prosperity report,non_spatial,no place,—,unknown,1,1,False,"named source, family not stated","{""non_spatial"": 1}",Poverty and Shared Prosperity Report,
poverty assessment,non_spatial,no place,—,unknown,1,1,False,"named source, family not stated","{""non_spatial"": 1}",Poverty Assessment,
poverty eradication and development information system,unclear,place not stated,—,maybe — needs the survey's own geography,1,1,False,registry / administrative database,"{""unclear"": 1}",Poverty Eradication and Development Information System,
poverty impact,unclear,place not stated,—,no — aggregate,1,1,False,"named source, family not stated","{""unclear"": 1}",Poverty impact data,
poverty impact data from covid-19,unclear,place not stated,—,unknown,1,1,False,"named source, family not stated","{""unclear"": 1}",Poverty impact data from COVID-19,
poverty incidence,non_spatial,no place,—,unknown,1,1,False,"named source, family not stated","{""non_spatial"": 1}",poverty incidence data,
poverty indicator survey,admin_linked,named area,country only,maybe — needs the survey's own geography,1,1,False,household or phone survey,"{""admin_linked"": 1}",2020 Annual Poverty Indicator Survey,
poverty indicators,unclear,place not stated,—,no — aggregate,1,1,False,"named source, family not stated","{""unclear"": 1}",poverty indicators,
poverty map,admin_linked,named area,country only,yes — coordinates or a layer exists,1,1,False,"household or phone survey, mapped layer / geospatial product","{""admin_linked"": 1}",poverty map,
poverty outlook for honduras,admin_linked,named area,country only,maybe — needs the survey's own geography,1,1,False,"named source, family not stated","{""admin_linked"": 1}",Poverty Outlook for Honduras,
poverty statistics,non_spatial,no place,—,unknown,1,1,False,official statistics series,"{""non_spatial"": 1}",poverty statistics,
poverty status report,non_spatial,no place,—,unknown,1,1,False,"named source, family not stated","{""non_spatial"": 1}",Poverty Status Report 2021,
poverty to equity - pakistan at 100 report,unclear,place not stated,—,unknown,1,1,False,"named source, family not stated","{""unclear"": 1}",Poverty to Equity - Pakistan at 100 report,
power quality,non_spatial,no place,—,unknown,1,1,False,"named source, family not stated","{""non_spatial"": 1}",power quality data,
pre-covid survey,admin_linked,named area,country only,maybe — needs the survey's own geography,1,1,False,household or phone survey,"{""admin_linked"": 1}",pre-COVID survey,
pre-vaccine data from rwanda,admin_linked,named area,country only,maybe — needs the survey's own geography,1,1,False,"named source, family not stated","{""admin_linked"": 1}",pre-vaccine baseline data from Rwanda,
preference surveys,admin_linked,named area,country only,maybe — needs the survey's own geography,1,1,False,household or phone survey,"{""admin_linked"": 1}",preference surveys,
preliminary data on implementation of regulatory forbearance,non_spatial,no place,—,unknown,1,1,False,"named source, family not stated","{""non_spatial"": 1}",Preliminary data on the implementation of regulatory forbearance,
preliminary social assessment under esmf,non_spatial,no place,—,unknown,1,1,False,"named source, family not stated","{""non_spatial"": 1}",preliminary social assessment under the ESMF,
preliminary surveys,point_geocoded,exact point,point,yes — coordinates or a layer exists,1,1,False,household or phone survey,"{""point_geocoded"": 1}",preliminary surveys,
price monitoring and data system,non_spatial,no place,—,maybe — needs the survey's own geography,1,1,False,"official statistics series, monitoring / tracking system","{""non_spatial"": 1}",price monitoring and data system,
price surveys,unclear,place not stated,—,maybe — needs the survey's own geography,1,1,False,"household or phone survey, official statistics series","{""unclear"": 1}",price surveys,
pricing,unclear,place not stated,—,unknown,1,1,False,"named source, family not stated","{""unclear"": 1}",pricing data,
primary data from field staff,unclear,place not stated,—,unknown,1,1,False,"named source, family not stated","{""unclear"": 1}",Primary data from field staff,
primary data from petl,admin_linked,named area,country only,maybe — needs the survey's own geography,1,1,False,"named source, family not stated","{""admin_linked"": 1}",Primary data from PETL,
primary health care information system,admin_linked,named area,country only,maybe — needs the survey's own geography,1,1,False,"registry / administrative database, facility / asset / infrastructure records","{""admin_linked"": 1}",Primary Health Care Information System,
primary school census,admin_linked,named area,point,maybe — needs the survey's own geography,1,1,False,"household or phone survey, facility / asset / infrastructure records","{""admin_linked"": 1}",Annual Primary School Census,
private participation in infrastructure,admin_linked,named area,country only,maybe — needs the survey's own geography,1,1,False,registry / administrative database,"{""admin_linked"": 1}",Private Participation in Infrastructure database,
private sector,non_spatial,no place,—,maybe — needs the survey's own geography,1,1,False,registry / administrative database,"{""non_spatial"": 1}",private sector data,
pro-adp,admin_linked,named area,not stated,maybe — needs the survey's own geography,1,1,False,registry / administrative database,"{""admin_linked"": 1}",PRO-ADP,
process and outcomes,unclear,place not stated,—,unknown,1,1,False,"named source, family not stated","{""unclear"": 1}",process and outcomes data,
procurement activities,non_spatial,no place,—,unknown,1,1,False,"named source, family not stated","{""non_spatial"": 1}",procurement activities data,
procurement capacity and risk assessment,non_spatial,no place,—,unknown,1,1,False,"named source, family not stated","{""non_spatial"": 1}",procurement capacity and risk assessment,
procurement complaints records system,non_spatial,no place,—,maybe — needs the survey's own geography,1,1,False,"named source, family not stated","{""non_spatial"": 1}",procurement complaints records system,
procurement/installation records,unclear,place not stated,—,maybe — needs the survey's own geography,1,1,False,"named source, family not stated","{""unclear"": 1}",procurement/installation records,
prodefi,unclear,place not stated,—,unknown,1,1,False,"named source, family not stated","{""unclear"": 1}",PRODEFI,
producer confidence survey,non_spatial,no place,—,maybe — needs the survey's own geography,1,1,False,household or phone survey,"{""non_spatial"": 1}",Producer confidence survey,
producer price index,non_spatial,no place,—,no — aggregate,1,1,False,official statistics series,"{""non_spatial"": 1}",producer price index,
producer price registry,admin_linked,named area,country only,maybe — needs the survey's own geography,1,1,False,"official statistics series, registry / administrative database","{""admin_linked"": 1}",producer price registry,
producer price statistics,non_spatial,no place,—,unknown,1,1,False,official statistics series,"{""non_spatial"": 1}",producer price statistics,
producer prices index,non_spatial,no place,—,no — aggregate,1,1,False,"household or phone survey, official statistics series","{""non_spatial"": 1}",Producer prices index,
product mapping reports,non_spatial,no place,—,yes — coordinates or a layer exists,1,1,False,mapped layer / geospatial product,"{""non_spatial"": 1}",Product Mapping reports,
progam management system,admin_linked,named area,not stated,maybe — needs the survey's own geography,1,1,False,"named source, family not stated","{""admin_linked"": 1}",Progam Management System,
program administrative records,non_spatial,no place,—,maybe — needs the survey's own geography,1,1,False,"named source, family not stated","{""non_spatial"": 1}",Program administrative records,
program administrative records employer confirmations,non_spatial,no place,—,maybe — needs the survey's own geography,1,1,False,"named source, family not stated","{""non_spatial"": 1}",Program administrative records; employer confirmations,
program beneficiaries registries,non_spatial,no place,—,maybe — needs the survey's own geography,1,1,False,registry / administrative database,"{""non_spatial"": 1}",program beneficiaries registries,
program for international student assessment,non_spatial,no place,—,unknown,1,1,False,"named source, family not stated","{""non_spatial"": 1}",Program for International Student Assessment,
program records,unclear,place not stated,—,maybe — needs the survey's own geography,1,1,False,"named source, family not stated","{""unclear"": 1}",Program records,
program-specific survey,unclear,place not stated,—,maybe — needs the survey's own geography,1,1,False,"household or phone survey, monitoring / tracking system","{""unclear"": 1}",program-specific survey data,
program/training reports,non_spatial,no place,—,unknown,1,1,False,"named source, family not stated","{""non_spatial"": 1}",Program/Training reports,
programme for international student assessment for development,non_spatial,no place,—,unknown,1,1,False,"named source, family not stated","{""non_spatial"": 1}",Programme for International Student Assessment for Development,
progress in international reading and literacy study,non_spatial,no place,—,unknown,1,1,False,registry / administrative database,"{""non_spatial"": 1}",Progress in International Reading and Literacy Study,
progress reports,non_spatial,no place,—,unknown,1,1,False,registry / administrative database,"{""non_spatial"": 1}",progress reports,
progress reports of mou activities implementation,unclear,place not stated,—,unknown,1,1,False,registry / administrative database,"{""unclear"": 1}",Progress reports of the MOU activities implementation,
progress reports of supervision consultant,non_spatial,no place,—,unknown,1,1,False,registry / administrative database,"{""non_spatial"": 1}",Progress reports of supervision consultant,
project administrative report,non_spatial,no place,—,maybe — needs the survey's own geography,1,1,False,"named source, family not stated","{""non_spatial"": 1}",Project Administrative Report,
project and administrative,admin_linked,named area,not stated,maybe — needs the survey's own geography,1,1,False,registry / administrative database,"{""admin_linked"": 1}",project and administrative data,
project beneficiary satisfaction survey,unclear,place not stated,—,maybe — needs the survey's own geography,1,1,False,household or phone survey,"{""unclear"": 1}",project beneficiary satisfaction survey,
project contracts register,non_spatial,no place,—,unknown,1,1,False,"named source, family not stated","{""non_spatial"": 1}",Project contracts register,
project engineering and environmental monitoring records,admin_linked,named area,country only,maybe — needs the survey's own geography,1,1,False,"registry / administrative database, monitoring / tracking system","{""admin_linked"": 1}",project engineering and environmental monitoring records,
project financial reports,unclear,place not stated,—,no — aggregate,1,1,False,"named source, family not stated","{""unclear"": 1}",project financial reports,
project implementation records,non_spatial,no place,—,maybe — needs the survey's own geography,1,1,False,"household or phone survey, official statistics series, facility / asset / infrastructure records","{""non_spatial"": 1}",project implementation records,
project implementation reports submitted by piu,unclear,place not stated,—,unknown,1,1,False,"named source, family not stated","{""unclear"": 1}",Project implementation reports submitted by PIU,
project m&e and implementation reports,admin_linked,named area,country only,unknown,1,1,False,facility / asset / infrastructure records,"{""admin_linked"": 1}",Project M&E and implementation reports,
project m&e system /progress report,unclear,place not stated,—,maybe — needs the survey's own geography,1,1,False,registry / administrative database,"{""unclear"": 1}",Project M&E System /Progress report,
project management information system records,unclear,place not stated,—,maybe — needs the survey's own geography,1,1,False,"registry / administrative database, monitoring / tracking system","{""unclear"": 1}",Project Management Information System records,
project mis with employer contact details and placement,unclear,place not stated,—,maybe — needs the survey's own geography,1,1,False,"named source, family not stated","{""unclear"": 1}",Project MIS with employer contact details and placement data,
project monitoring,non_spatial,no place,—,maybe — needs the survey's own geography,1,1,False,monitoring / tracking system,"{""non_spatial"": 1}",project monitoring data,
project monitoring records maintained by pisu,unclear,place not stated,—,maybe — needs the survey's own geography,1,1,False,monitoring / tracking system,"{""unclear"": 1}",Project monitoring records maintained by the PISU,
project monitoring report,non_spatial,no place,—,maybe — needs the survey's own geography,1,1,False,monitoring / tracking system,"{""non_spatial"": 1}",Project Monitoring Report,
project preparation household surveys,admin_linked,named area,country only,maybe — needs the survey's own geography,1,1,False,household or phone survey,"{""admin_linked"": 1}",Project preparation household surveys,
project progress report and respective water utilities,unclear,place not stated,—,unknown,1,1,False,registry / administrative database,"{""unclear"": 1}",Project progress report and respective water utilities,
project records,non_spatial,no place,—,maybe — needs the survey's own geography,1,1,False,"named source, family not stated","{""non_spatial"": 1}",project records,
project records per cash basis ipsas,non_spatial,no place,—,maybe — needs the survey's own geography,1,1,False,"named source, family not stated","{""non_spatial"": 1}",project records per cash basis IPSAS,
project results indicators,non_spatial,no place,—,unknown,1,1,False,"named source, family not stated","{""non_spatial"": 1}",project results indicators,
project spreadsheets,non_spatial,no place,—,no — aggregate,1,1,False,"named source, family not stated","{""non_spatial"": 1}",Project spreadsheets,
project-run firm survey,unclear,place not stated,—,maybe — needs the survey's own geography,1,1,False,household or phone survey,"{""unclear"": 1}",project-run firm survey,
project-specific surveys of beneficiary mses,unclear,place not stated,—,maybe — needs the survey's own geography,1,1,False,household or phone survey,"{""unclear"": 1}",project-specific surveys of beneficiary MSEs,
projected wastewater tariff road map,non_spatial,no place,—,yes — coordinates or a layer exists,1,1,False,"facility / asset / infrastructure records, mapped layer / geospatial product","{""non_spatial"": 1}",projected wastewater tariff road map,
property registry,point_geocoded,exact point,point,yes — coordinates or a layer exists,1,1,False,registry / administrative database,"{""point_geocoded"": 1}",Property Registry,
provincial investment climate benchmarking,admin_linked,named area,province / region / state,maybe — needs the survey's own geography,1,1,False,"named source, family not stated","{""admin_linked"": 1}",Provincial Investment Climate Benchmarking,
provisional acceptance report of completed infrastructure,point_geocoded,exact point,point,yes — coordinates or a layer exists,1,1,False,"named source, family not stated","{""point_geocoded"": 1}",Provisional acceptance report of the completed infrastructure,
proxy,non_spatial,no place,—,unknown,1,1,False,"named source, family not stated","{""non_spatial"": 1}",proxy data,
proyecciones fmi,admin_linked,named area,country only,maybe — needs the survey's own geography,1,1,False,"named source, family not stated","{""admin_linked"": 1}",proyecciones FMI,
psa agriculture and food consumption surveys,admin_linked,named area,province / region / state,maybe — needs the survey's own geography,1,1,False,household or phone survey,"{""admin_linked"": 1}",PSA Agriculture and Food Consumption Surveys,
psdebs and statistical yearbooks,non_spatial,no place,—,unknown,1,1,False,"official statistics series, registry / administrative database","{""non_spatial"": 1}",PSDEBS and Statistical Yearbooks,
psi fg,unclear,place not stated,—,unknown,1,1,False,"named source, family not stated","{""unclear"": 1}","PSI, FG data",
pso asset registers,unclear,place not stated,—,unknown,1,1,False,"named source, family not stated","{""unclear"": 1}",PSO asset registers,
pso contract files,unclear,place not stated,—,unknown,1,1,False,"named source, family not stated","{""unclear"": 1}",PSO contract files,
pso records,unclear,place not stated,—,maybe — needs the survey's own geography,1,1,False,registry / administrative database,"{""unclear"": 1}",PSO records,
psp payment,unclear,place not stated,—,maybe — needs the survey's own geography,1,1,False,"named source, family not stated","{""unclear"": 1}",PSP payment data,
psrs,unclear,place not stated,—,maybe — needs the survey's own geography,1,1,False,household or phone survey,"{""unclear"": 1}",PSRS,
public,non_spatial,no place,—,unknown,1,1,False,"named source, family not stated","{""non_spatial"": 1}",public data,
public expenditure and accounting information system,non_spatial,no place,—,maybe — needs the survey's own geography,1,1,False,"named source, family not stated","{""non_spatial"": 1}",Public Expenditure and Accounting Information System,
public expenditure and financial accountability,admin_linked,named area,country only,no — aggregate,1,1,False,"named source, family not stated","{""admin_linked"": 1}",Public Expenditure and Financial Accountability,
public expenditure tracking survey,unclear,place not stated,—,maybe — needs the survey's own geography,1,1,False,"household or phone survey, monitoring / tracking system","{""unclear"": 1}",Public Expenditure Tracking Survey,
public financial,non_spatial,no place,—,no — aggregate,1,1,False,"named source, family not stated","{""non_spatial"": 1}",public financial data,
public green space inventory,admin_linked,named area,country only,maybe — needs the survey's own geography,1,1,False,"named source, family not stated","{""admin_linked"": 1}",Public green space inventory,
public health service,admin_linked,named area,country only,maybe — needs the survey's own geography,1,1,False,monitoring / tracking system,"{""admin_linked"": 1}",public health service data,
public records digitized,non_spatial,no place,—,maybe — needs the survey's own geography,1,1,False,"named source, family not stated","{""non_spatial"": 1}",Public records digitized,
public transport network and service maps,admin_linked,named area,not stated,unknown,1,1,False,"named source, family not stated","{""admin_linked"": 1}",public transport network and service maps,
published,non_spatial,no place,—,maybe — needs the survey's own geography,1,1,False,household or phone survey,"{""non_spatial"": 1}",published data,
pulse surveys of stakeholders,unclear,place not stated,—,maybe — needs the survey's own geography,1,1,False,household or phone survey,"{""unclear"": 1}",pulse surveys of stakeholders,
punjab multiple indicator cluster survey,admin_linked,named area,province / region / state,maybe — needs the survey's own geography,1,1,False,household or phone survey,"{""admin_linked"": 1}",Punjab Multiple Indicator Cluster Survey,
punjab saber service delivery indicators survey,admin_linked,named area,district / sub-county,maybe — needs the survey's own geography,1,1,False,household or phone survey,"{""admin_linked"": 1}",Punjab SABER Service Delivery Indicators Survey,
punjab school information system,admin_linked,named area,point,maybe — needs the survey's own geography,1,1,False,"household or phone survey, facility / asset / infrastructure records","{""admin_linked"": 1}",Punjab School Information System,
purchasing power parities,non_spatial,no place,—,unknown,1,1,False,official statistics series,"{""non_spatial"": 1}",Purchasing power parities,
pwnh information system,unclear,place not stated,—,maybe — needs the survey's own geography,1,1,False,household or phone survey,"{""unclear"": 1}",PWNH information system,
quacquarelli symonds (qs) world university ranking,non_spatial,no place,—,unknown,1,1,False,"named source, family not stated","{""non_spatial"": 1}",Quacquarelli Symonds (QS) World University Ranking,
qualitative,unclear,place not stated,—,unknown,1,1,False,household or phone survey,"{""unclear"": 1}",baseline qualitative data,
qualitative field,admin_linked,named area,country only,maybe — needs the survey's own geography,1,1,False,"named source, family not stated","{""admin_linked"": 1}",qualitative field data,
qualitative survey undertaken in,non_spatial,no place,—,maybe — needs the survey's own geography,1,1,False,household or phone survey,"{""non_spatial"": 1}",qualitative survey undertaken in 2020,
quality assessment survey,unclear,place not stated,—,maybe — needs the survey's own geography,1,1,False,household or phone survey,"{""unclear"": 1}",annual quality assessment survey,
quantitative passenger volume,admin_linked,named area,not stated,unknown,1,1,False,"named source, family not stated","{""admin_linked"": 1}",quantitative passenger volume data,
quarterly academic performance,non_spatial,no place,—,unknown,1,1,False,"named source, family not stated","{""non_spatial"": 1}",quarterly academic performance data,
quarterly budget execution reports of mof,non_spatial,no place,—,no — aggregate,1,1,False,"named source, family not stated","{""non_spatial"": 1}",quarterly budget execution reports of the MoF,
quarterly connection,unclear,place not stated,—,unknown,1,1,False,"named source, family not stated","{""unclear"": 1}",quarterly connection data,
quarterly labor force survey,unclear,place not stated,—,maybe — needs the survey's own geography,1,1,False,"household or phone survey, official statistics series","{""unclear"": 1}",quarterly labor force survey,
quarterly produced indicators of national indicator framework,unclear,place not stated,—,unknown,1,1,False,"named source, family not stated","{""unclear"": 1}",quarterly produced indicators of the national indicator framework,
quick household consumption survey,admin_linked,named area,country only,maybe — needs the survey's own geography,1,1,False,household or phone survey,"{""admin_linked"": 1}",Quick Household Consumption Survey,
quieeb,unclear,place not stated,—,maybe — needs the survey's own geography,1,1,False,"household or phone survey, official statistics series, registry / administrative database","{""unclear"": 1}",QUIEEB 2016,
r&d expenditure,non_spatial,no place,—,maybe — needs the survey's own geography,1,1,False,registry / administrative database,"{""non_spatial"": 1}",R&D expenditure data,
r-pp,unclear,place not stated,—,unknown,1,1,False,"named source, family not stated","{""unclear"": 1}",R-PP,
rai,admin_linked,named area,country only,maybe — needs the survey's own geography,1,1,False,facility / asset / infrastructure records,"{""admin_linked"": 1}",RAI data,
rail operator freight and train movement records,point_geocoded,exact point,point,yes — coordinates or a layer exists,1,1,False,"named source, family not stated","{""point_geocoded"": 1}",Rail operator freight and train movement records,
rail operator operational and traffic control records,admin_linked,named area,country only,maybe — needs the survey's own geography,1,1,False,"named source, family not stated","{""admin_linked"": 1}",Rail operator operational and traffic control records,
rail traffic control and dispatch logs,admin_linked,named area,country only,maybe — needs the survey's own geography,1,1,False,"named source, family not stated","{""admin_linked"": 1}",Rail traffic control and dispatch logs,
rainfall,admin_linked,named area,not stated,unknown,1,1,False,"named source, family not stated","{""admin_linked"": 1}",rainfall data,
rainfall water level and discharge,point_geocoded,exact point,point,yes — coordinates or a layer exists,1,1,False,"named source, family not stated","{""point_geocoded"": 1}","rainfall, water level and discharge data",
rais,admin_linked,named area,country only,maybe — needs the survey's own geography,1,1,False,"named source, family not stated","{""admin_linked"": 1}",RAIS,
ramses gis,point_geocoded,exact point,point,yes — coordinates or a layer exists,1,1,False,mapped layer / geospatial product,"{""point_geocoded"": 1}",RAMSES GIS,
ramu surveys,admin_linked,named area,not stated,maybe — needs the survey's own geography,1,1,False,household or phone survey,"{""admin_linked"": 1}",Ramu surveys,
ranger databases,admin_linked,named area,country only,yes — coordinates or a layer exists,1,1,False,registry / administrative database,"{""admin_linked"": 1}",ranger databases,
rapid covid-19 survey,unclear,place not stated,—,maybe — needs the survey's own geography,1,1,False,household or phone survey,"{""unclear"": 1}",2020 rapid COVID-19 Survey,
rapid damage and needs assessment,admin_linked,named area,country only,maybe — needs the survey's own geography,1,1,False,"named source, family not stated","{""admin_linked"": 1}",Rapid Damage and Needs Assessment,
rapid enterprise survey,non_spatial,no place,—,maybe — needs the survey's own geography,1,1,False,household or phone survey,"{""non_spatial"": 1}",Rapid Enterprise Survey,
rapid household surveys,unclear,place not stated,—,maybe — needs the survey's own geography,1,1,False,"household or phone survey, monitoring / tracking system","{""unclear"": 1}",rapid household surveys,
rapid monitoring survey,unclear,place not stated,—,maybe — needs the survey's own geography,1,1,False,"household or phone survey, monitoring / tracking system","{""unclear"": 1}",rapid monitoring survey,
rapid primary data collection,unclear,place not stated,—,maybe — needs the survey's own geography,1,1,False,household or phone survey,"{""unclear"": 1}",rapid primary data collection,
rapid school survey,admin_linked,named area,point,maybe — needs the survey's own geography,1,1,False,"household or phone survey, facility / asset / infrastructure records","{""admin_linked"": 1}",rapid school survey,
rapid stock-assessments,unclear,place not stated,—,unknown,1,1,False,"named source, family not stated","{""unclear"": 1}",rapid stock-assessments,
rapid welfare monitoring survey,unclear,place not stated,—,maybe — needs the survey's own geography,1,1,False,"household or phone survey, monitoring / tracking system","{""unclear"": 1}",Rapid Welfare Monitoring Survey,
raster,admin_linked,named area,not stated,yes — coordinates or a layer exists,1,1,False,satellite / raster / index,"{""admin_linked"": 1}",raster data,
ration card,unclear,place not stated,—,maybe — needs the survey's own geography,1,1,False,registry / administrative database,"{""unclear"": 1}",Ration card database,
raw,non_spatial,no place,—,unknown,1,1,False,"named source, family not stated","{""non_spatial"": 1}",raw data,
rbf,unclear,place not stated,—,maybe — needs the survey's own geography,1,1,False,registry / administrative database,"{""unclear"": 1}",RBF database,
rbm reports,non_spatial,no place,—,unknown,1,1,False,"named source, family not stated","{""non_spatial"": 1}",RBM reports,
rbpp,unclear,place not stated,—,maybe — needs the survey's own geography,1,1,False,registry / administrative database,"{""unclear"": 1}",RBPP,
rcu procurement records,unclear,place not stated,—,maybe — needs the survey's own geography,1,1,False,"named source, family not stated","{""unclear"": 1}",RCU procurement records,
rcu s records,unclear,place not stated,—,maybe — needs the survey's own geography,1,1,False,"named source, family not stated","{""unclear"": 1}",RCU’s records,
real estate cadaster,point_geocoded,exact point,point,yes — coordinates or a layer exists,1,1,False,"named source, family not stated","{""point_geocoded"": 1}",Real Estate Cadaster,
real population,admin_linked,named area,country only,maybe — needs the survey's own geography,1,1,False,"named source, family not stated","{""admin_linked"": 1}",real population data,
real time,non_spatial,no place,—,unknown,1,1,False,"named source, family not stated","{""non_spatial"": 1}",real time data,
real-time,point_geocoded,exact point,point,yes — coordinates or a layer exists,1,1,False,monitoring / tracking system,"{""point_geocoded"": 1}",real-time data,
real-time procurement and contract,non_spatial,no place,—,unknown,1,1,False,"named source, family not stated","{""non_spatial"": 1}",real-time procurement and contract data,
real-time vacancy,unclear,place not stated,—,maybe — needs the survey's own geography,1,1,False,"household or phone survey, registry / administrative database","{""unclear"": 1}",real-time vacancy data,
real-time water level,point_geocoded,exact point,point,yes — coordinates or a layer exists,1,1,False,"named source, family not stated","{""point_geocoded"": 1}",real-time water level data,
recensement g n ral des entreprises en,unclear,place not stated,—,maybe — needs the survey's own geography,1,1,False,household or phone survey,"{""unclear"": 1}",Recensement général des entreprises en 2015,
recensement general de la population et de l habitat,non_spatial,no place,—,unknown,1,1,False,"named source, family not stated","{""non_spatial"": 1}",Recensement General de la Population et de l'Habitat,
record of accredication from an lgu,admin_linked,named area,province / region / state,unknown,1,1,False,"named source, family not stated","{""admin_linked"": 1}",Record of accredication from an LGU,
recorded bod effluent values,point_geocoded,exact point,point,yes — coordinates or a layer exists,1,1,False,"named source, family not stated","{""point_geocoded"": 1}",Recorded BOD effluent values,
records from revenue authority,unclear,place not stated,—,no — aggregate,1,1,False,"named source, family not stated","{""unclear"": 1}",Records from the Revenue Authority,
records kept by ghs,admin_linked,named area,country only,maybe — needs the survey's own geography,1,1,False,registry / administrative database,"{""admin_linked"": 1}",Records kept by GHS,
records of distribution of kits and reading materials,admin_linked,named area,not stated,maybe — needs the survey's own geography,1,1,False,facility / asset / infrastructure records,"{""admin_linked"": 1}",Records of distribution of kits and reading materials,
records of materials distributed parental surveys,non_spatial,no place,—,maybe — needs the survey's own geography,1,1,False,"household or phone survey, registry / administrative database","{""non_spatial"": 1}","Records of materials distributed, parental surveys",
records of number of public employees,admin_linked,named area,not stated,maybe — needs the survey's own geography,1,1,False,"named source, family not stated","{""admin_linked"": 1}",records of the number of public employees,
records of planned and unplanned line closures,admin_linked,named area,country only,maybe — needs the survey's own geography,1,1,False,"named source, family not stated","{""admin_linked"": 1}",Records of planned and unplanned line closures,
records of socially insured individuals,admin_linked,named area,country only,maybe — needs the survey's own geography,1,1,False,"named source, family not stated","{""admin_linked"": 1}",records of socially insured individuals,
redd+ registry system,non_spatial,no place,—,maybe — needs the survey's own geography,1,1,False,registry / administrative database,"{""non_spatial"": 1}",REDD+ registry system,
refugee,admin_linked,named area,country only,maybe — needs the survey's own geography,1,1,False,registry / administrative database,"{""admin_linked"": 1}",refugee database,
refugee and host community area maps,point_geocoded,exact point,point,yes — coordinates or a layer exists,1,1,False,"named source, family not stated","{""point_geocoded"": 1}",Refugee and Host Community Area Maps,
refugee self-reliance index,admin_linked,named area,country only,no — aggregate,1,1,False,"named source, family not stated","{""admin_linked"": 1}",Refugee Self-Reliance Index,
regional assessment for francophone countries,non_spatial,no place,—,unknown,1,1,False,"named source, family not stated","{""non_spatial"": 1}",regional assessment for Francophone countries,
regional assessments,non_spatial,no place,—,unknown,1,1,False,"named source, family not stated","{""non_spatial"": 1}",regional assessments,
regional comparative and explanatory study,non_spatial,no place,—,unknown,1,1,False,"named source, family not stated","{""non_spatial"": 1}",Regional Comparative and Explanatory Study,
regional data and monitoring platforms,admin_linked,named area,province / region / state,maybe — needs the survey's own geography,1,1,False,monitoring / tracking system,"{""admin_linked"": 1}",regional data and monitoring platforms,
regional data set,admin_linked,named area,province / region / state,maybe — needs the survey's own geography,1,1,False,registry / administrative database,"{""admin_linked"": 1}",regional data set,
regional estimates,admin_linked,named area,province / region / state,unknown,1,1,False,"named source, family not stated","{""admin_linked"": 1}",regional estimates,
regional transport statistics,admin_linked,named area,province / region / state,maybe — needs the survey's own geography,1,1,False,official statistics series,"{""admin_linked"": 1}",regional transport statistics,
regional weather index for drought or flood,admin_linked,named area,province / region / state,no — aggregate,1,1,False,"named source, family not stated","{""admin_linked"": 1}",regional weather index for drought or flood,
regional wind map,admin_linked,named area,province / region / state,yes — coordinates or a layer exists,1,1,False,mapped layer / geospatial product,"{""admin_linked"": 1}",regional wind map,
regional-level primary er performance,admin_linked,named area,province / region / state,maybe — needs the survey's own geography,1,1,False,"named source, family not stated","{""admin_linked"": 1}",regional-level primary ER performance data,
regional-level surveys and activities,unclear,place not stated,—,maybe — needs the survey's own geography,1,1,False,household or phone survey,"{""unclear"": 1}",regional-level surveys and activities,
register of fishers and vessels,admin_linked,named area,district / sub-county,maybe — needs the survey's own geography,1,1,False,"named source, family not stated","{""admin_linked"": 1}",register of fishers and vessels,
register of on-site sanitation installations,admin_linked,named area,point,maybe — needs the survey's own geography,1,1,False,"named source, family not stated","{""admin_linked"": 1}",register of on-site sanitation installations,
register of training and employment agencies,unclear,place not stated,—,maybe — needs the survey's own geography,1,1,False,registry / administrative database,"{""unclear"": 1}",Register of Training and Employment Agencies,
register pertaining to sale and receipt of bids,non_spatial,no place,—,unknown,1,1,False,"named source, family not stated","{""non_spatial"": 1}",register pertaining to sale and receipt of bids,
registre des b n ficiaires,admin_linked,named area,country only,maybe — needs the survey's own geography,1,1,False,registry / administrative database,"{""admin_linked"": 1}",registre des bénéficiaires,
registre national de la population,admin_linked,named area,country only,maybe — needs the survey's own geography,1,1,False,registry / administrative database,"{""admin_linked"": 1}",registre national de la population,
registre social unifi,admin_linked,named area,country only,maybe — needs the survey's own geography,1,1,False,registry / administrative database,"{""admin_linked"": 1}",registre social unifié,
registre social unique,admin_linked,named area,country only,maybe — needs the survey's own geography,1,1,False,registry / administrative database,"{""admin_linked"": 1}",Registre Social Unique,
registro nacional de hogares,admin_linked,named area,country only,maybe — needs the survey's own geography,1,1,False,"household or phone survey, registry / administrative database","{""admin_linked"": 1}",Registro Nacional de Hogares,
registro nacional de usuarios,admin_linked,named area,country only,maybe — needs the survey's own geography,1,1,False,registry / administrative database,"{""admin_linked"": 1}",Registro Nacional de Usuarios,
registro nico de beneficiarios,admin_linked,named area,country only,maybe — needs the survey's own geography,1,1,False,registry / administrative database,"{""admin_linked"": 1}",Registro Único de Beneficiarios,
registros administrativos,non_spatial,no place,—,maybe — needs the survey's own geography,1,1,False,registry / administrative database,"{""non_spatial"": 1}",registros administrativos,
registros administrativos de la sube,admin_linked,named area,country only,maybe — needs the survey's own geography,1,1,False,registry / administrative database,"{""admin_linked"": 1}",registros administrativos de la SUBE,
registros administrativos de la uep del mef,admin_linked,named area,not stated,maybe — needs the survey's own geography,1,1,False,"registry / administrative database, monitoring / tracking system","{""admin_linked"": 1}",registros administrativos de la UEP del MEF,
registros financieros,non_spatial,no place,—,maybe — needs the survey's own geography,1,1,False,registry / administrative database,"{""non_spatial"": 1}",registros financieros,
registros m dicos electr nicos,admin_linked,named area,country only,maybe — needs the survey's own geography,1,1,False,registry / administrative database,"{""admin_linked"": 1}",registros médicos electrónicos,
registry accounts,non_spatial,no place,—,maybe — needs the survey's own geography,1,1,False,registry / administrative database,"{""non_spatial"": 1}",registry accounts,
registry of beneficiaries of sumar program,non_spatial,no place,—,maybe — needs the survey's own geography,1,1,False,registry / administrative database,"{""non_spatial"": 1}",registry of beneficiaries of the _Sumar_ program,
registry of cases of sexual violence,unclear,place not stated,—,maybe — needs the survey's own geography,1,1,False,registry / administrative database,"{""unclear"": 1}",Registry of Cases of Sexual Violence,
registry of community teachers,admin_linked,named area,point,maybe — needs the survey's own geography,1,1,False,"registry / administrative database, facility / asset / infrastructure records","{""admin_linked"": 1}",registry of community teachers,
registry of contributions paid,admin_linked,named area,country only,maybe — needs the survey's own geography,1,1,False,registry / administrative database,"{""admin_linked"": 1}",registry of contributions paid,
registry of emission reductions or absorptions,unclear,place not stated,—,maybe — needs the survey's own geography,1,1,False,registry / administrative database,"{""unclear"": 1}",registry of emission reductions or absorptions,
registry of employees,unclear,place not stated,—,maybe — needs the survey's own geography,1,1,False,registry / administrative database,"{""unclear"": 1}",Registry of employees,
registry of employers,unclear,place not stated,—,maybe — needs the survey's own geography,1,1,False,registry / administrative database,"{""unclear"": 1}",registry of employers,
registry of expenses and payments,non_spatial,no place,—,maybe — needs the survey's own geography,1,1,False,registry / administrative database,"{""non_spatial"": 1}",registry of expenses and payments,
registry of firms that hosted youth beneficiaries,unclear,place not stated,—,maybe — needs the survey's own geography,1,1,False,registry / administrative database,"{""unclear"": 1}",Registry of firms that hosted youth beneficiaries,
registry of households accessing subsidies,unclear,place not stated,—,maybe — needs the survey's own geography,1,1,False,"household or phone survey, registry / administrative database","{""unclear"": 1}",registry of households accessing the subsidies,
registry of indigenous people families,unclear,place not stated,—,maybe — needs the survey's own geography,1,1,False,registry / administrative database,"{""unclear"": 1}",registry of indigenous people families,
registry of locomotive driver licenses and certifications,unclear,place not stated,—,maybe — needs the survey's own geography,1,1,False,registry / administrative database,"{""unclear"": 1}",registry of locomotive driver licenses and certifications,
registry of migrant population,admin_linked,named area,country only,maybe — needs the survey's own geography,1,1,False,registry / administrative database,"{""admin_linked"": 1}",registry of the migrant population,
registry of persons with disabilities,unclear,place not stated,—,maybe — needs the survey's own geography,1,1,False,registry / administrative database,"{""unclear"": 1}",registry of persons with disabilities,
registry of public and non-public service providers,admin_linked,named area,district / sub-county,maybe — needs the survey's own geography,1,1,False,registry / administrative database,"{""admin_linked"": 1}",registry of public and non-public service providers,
registry of redd,admin_linked,named area,not stated,maybe — needs the survey's own geography,1,1,False,registry / administrative database,"{""admin_linked"": 1}",Registry of REDD+,
registry of soes,non_spatial,no place,—,maybe — needs the survey's own geography,1,1,False,registry / administrative database,"{""non_spatial"": 1}",registry of SOEs,
registry of unemployed and labor migrants,admin_linked,named area,district / sub-county,maybe — needs the survey's own geography,1,1,False,registry / administrative database,"{""admin_linked"": 1}",registry of unemployed and labor migrants,
registry on socially insured persons,unclear,place not stated,—,maybe — needs the survey's own geography,1,1,False,registry / administrative database,"{""unclear"": 1}",registry on socially insured persons,
regular labor force survey,unclear,place not stated,—,no — aggregate,1,1,False,"household or phone survey, official statistics series","{""unclear"": 1}",regular labor force survey,
regular survey data and administrative,admin_linked,named area,country only,maybe — needs the survey's own geography,1,1,False,"household or phone survey, registry / administrative database, monitoring / tracking system","{""admin_linked"": 1}",regular survey data and administrative data,
regulation diagnostic survey,non_spatial,no place,—,maybe — needs the survey's own geography,1,1,False,household or phone survey,"{""non_spatial"": 1}",Regulation Diagnostic Survey,
regulatory data infrastructure,non_spatial,no place,—,unknown,1,1,False,"named source, family not stated","{""non_spatial"": 1}",regulatory data infrastructure,
reliable data on energy access,non_spatial,no place,—,unknown,1,1,False,"named source, family not stated","{""non_spatial"": 1}",Reliable data on energy access,
remittance household survey,unclear,place not stated,—,maybe — needs the survey's own geography,1,1,False,household or phone survey,"{""unclear"": 1}",annual remittance household survey,
remittances from kazakhstan and russia,non_spatial,no place,—,unknown,1,1,False,"named source, family not stated","{""non_spatial"": 1}",remittances from Kazakhstan and Russia,
remote real-time observational,point_geocoded,exact point,point,yes — coordinates or a layer exists,1,1,False,"named source, family not stated","{""point_geocoded"": 1}",remote real-time observational data,
remotely sensed data for vakhsh basin,admin_linked,named area,not stated,yes — coordinates or a layer exists,1,1,False,satellite / raster / index,"{""admin_linked"": 1}",remotely sensed data for the Vakhsh basin,
remp,national_spatial_derived,mapped / satellite,country only,yes — coordinates or a layer exists,1,1,False,satellite / raster / index,"{""national_spatial_derived"": 1}",REMP,
renapo s,unclear,place not stated,—,maybe — needs the survey's own geography,1,1,False,registry / administrative database,"{""unclear"": 1}",RENAPO’s database,
report,non_spatial,no place,—,unknown,1,1,False,"named source, family not stated","{""non_spatial"": 1}",2023 Annual Report,
report card on health of mesoamerican reef,non_spatial,no place,—,unknown,1,1,False,"named source, family not stated","{""non_spatial"": 1}",2022 Report Card on the Health of the Mesoamerican Reef,
report from national identity system,unclear,place not stated,—,maybe — needs the survey's own geography,1,1,False,"named source, family not stated","{""unclear"": 1}",Report from the National Identity System,
report on attitudes towards sanitation,admin_linked,named area,country only,maybe — needs the survey's own geography,1,1,False,"named source, family not stated","{""admin_linked"": 1}",2014 report on attitudes towards sanitation,
report on coverage gap,point_geocoded,exact point,point,yes — coordinates or a layer exists,1,1,False,"named source, family not stated","{""point_geocoded"": 1}",baseline report on the coverage gap,
reporting of srbijavoz,admin_linked,named area,country only,maybe — needs the survey's own geography,1,1,False,"named source, family not stated","{""admin_linked"": 1}",annual reporting of SrbijaVoz,
reports from ai service providers,unclear,place not stated,—,unknown,1,1,False,"named source, family not stated","{""unclear"": 1}",Reports from AI service providers,
reports from scaling partners,non_spatial,no place,—,maybe — needs the survey's own geography,1,1,False,"household or phone survey, official statistics series","{""non_spatial"": 1}",reports from scaling partners,
reports from states,admin_linked,named area,province / region / state,maybe — needs the survey's own geography,1,1,False,"named source, family not stated","{""admin_linked"": 1}",reports from States,
reports on citizen engagement activities,unclear,place not stated,—,maybe — needs the survey's own geography,1,1,False,monitoring / tracking system,"{""unclear"": 1}",Reports on citizen engagement activities,
representative beneficiary survey,unclear,place not stated,—,maybe — needs the survey's own geography,1,1,False,household or phone survey,"{""unclear"": 1}",Representative beneficiary survey,
representative household survey,admin_linked,named area,country only,maybe — needs the survey's own geography,1,1,False,household or phone survey,"{""admin_linked"": 1}",representative household survey,
representative population survey,admin_linked,named area,country only,maybe — needs the survey's own geography,1,1,False,household or phone survey,"{""admin_linked"": 1}",representative population survey,
representative survey microdata,non_spatial,no place,—,no — aggregate,1,1,False,household or phone survey,"{""non_spatial"": 1}",representative survey microdata,
representative survey of farmers,unclear,place not stated,—,maybe — needs the survey's own geography,1,1,False,household or phone survey,"{""unclear"": 1}",Representative survey of farmers,
representative surveys,unclear,place not stated,—,maybe — needs the survey's own geography,1,1,False,household or phone survey,"{""unclear"": 1}",representative surveys,
res,admin_linked,named area,country only,maybe — needs the survey's own geography,1,1,False,"named source, family not stated","{""admin_linked"": 1}",RES,
research and global innovation rankings,non_spatial,no place,—,unknown,1,1,False,"named source, family not stated","{""non_spatial"": 1}",research and global innovation rankings,
resen,unclear,place not stated,—,unknown,1,1,False,"official statistics series, registry / administrative database","{""unclear"": 1}",RESEN 2019,
results monitoring indicators,unclear,place not stated,—,maybe — needs the survey's own geography,1,1,False,monitoring / tracking system,"{""unclear"": 1}",results monitoring indicators data,
revealed preference,admin_linked,named area,country only,maybe — needs the survey's own geography,1,1,False,"named source, family not stated","{""admin_linked"": 1}",revealed preference data,
revenue records,admin_linked,named area,urban / rural split,no — aggregate,1,1,False,household or phone survey,"{""admin_linked"": 1}",Revenue Records,
rga2,admin_linked,named area,country only,maybe — needs the survey's own geography,1,1,False,"named source, family not stated","{""admin_linked"": 1}",RGA2 2025,
rgph,admin_linked,named area,district / sub-county,maybe — needs the survey's own geography,1,1,False,household or phone survey,"{""admin_linked"": 1}",RGPH 2008,
rgph2017,admin_linked,named area,country only,maybe — needs the survey's own geography,1,1,False,household or phone survey,"{""admin_linked"": 1}",RGPH2017,
rhoms,point_geocoded,exact point,point,yes — coordinates or a layer exists,1,1,False,"named source, family not stated","{""point_geocoded"": 1}",RhOMS,
ridp1,admin_linked,named area,country only,maybe — needs the survey's own geography,1,1,False,"named source, family not stated","{""admin_linked"": 1}",RIDP1,
rifaskes health facility census,admin_linked,named area,point,maybe — needs the survey's own geography,1,1,False,"household or phone survey, facility / asset / infrastructure records","{""admin_linked"": 1}",_Rifaskes_ health facility census,
risk and hazard,admin_linked,named area,country only,maybe — needs the survey's own geography,1,1,False,registry / administrative database,"{""admin_linked"": 1}",risk and hazard database,
risk maps,point_geocoded,exact point,point,yes — coordinates or a layer exists,1,1,False,facility / asset / infrastructure records,"{""point_geocoded"": 1}",risk maps,
rlfs,admin_linked,named area,urban / rural split,maybe — needs the survey's own geography,1,1,False,"named source, family not stated","{""admin_linked"": 1}",RLFS 2018,
rmnch-n-related registries,unclear,place not stated,—,maybe — needs the survey's own geography,1,1,False,registry / administrative database,"{""unclear"": 1}",RMNCH-N-related registries,
rmnchn indicators,unclear,place not stated,—,unknown,1,1,False,"named source, family not stated","{""unclear"": 1}",RMNCHN indicators,
rnu,admin_linked,named area,country only,maybe — needs the survey's own geography,1,1,False,"named source, family not stated","{""admin_linked"": 1}",RNU data,
rnv,admin_linked,named area,country only,maybe — needs the survey's own geography,1,1,False,"named source, family not stated","{""admin_linked"": 1}",RNV,
road accident database management system,admin_linked,named area,country only,maybe — needs the survey's own geography,1,1,False,"registry / administrative database, facility / asset / infrastructure records","{""admin_linked"": 1}",Road Accident Database Management System,
road condition,point_geocoded,exact point,point,yes — coordinates or a layer exists,1,1,False,facility / asset / infrastructure records,"{""point_geocoded"": 1}",road condition data,
road crash database system,admin_linked,named area,country only,maybe — needs the survey's own geography,1,1,False,"registry / administrative database, facility / asset / infrastructure records","{""admin_linked"": 1}",road crash database system,
road inventory and asset condition survey,admin_linked,named area,country only,maybe — needs the survey's own geography,1,1,False,"household or phone survey, facility / asset / infrastructure records","{""admin_linked"": 1}",Road Inventory and Asset Condition Survey,
road network,admin_linked,named area,country only,maybe — needs the survey's own geography,1,1,False,facility / asset / infrastructure records,"{""admin_linked"": 1}",road network data,
road safety screening and appraisal tool,point_geocoded,exact point,point,yes — coordinates or a layer exists,1,1,False,facility / asset / infrastructure records,"{""point_geocoded"": 1}",Road Safety Screening and Appraisal Tool,
road surveys,admin_linked,named area,local (ward/village/camp/kebele),maybe — needs the survey's own geography,1,1,False,"household or phone survey, facility / asset / infrastructure records","{""admin_linked"": 1}",road surveys,
road traffic injuries,non_spatial,no place,—,unknown,1,1,False,facility / asset / infrastructure records,"{""non_spatial"": 1}",road traffic injuries data,
road users survey,point_geocoded,exact point,point,yes — coordinates or a layer exists,1,1,False,"household or phone survey, facility / asset / infrastructure records","{""point_geocoded"": 1}",road users survey,
roam analyses,point_geocoded,exact point,point,yes — coordinates or a layer exists,1,1,False,"named source, family not stated","{""point_geocoded"": 1}",ROAM analyses,
rogun hpp export,non_spatial,no place,—,unknown,1,1,False,"named source, family not stated","{""non_spatial"": 1}",annual Rogun HPP export data,
rogun hpp generation,point_geocoded,exact point,point,yes — coordinates or a layer exists,1,1,False,"named source, family not stated","{""point_geocoded"": 1}",Rogun HPP annual generation data,
rolling tracer surveys,unclear,place not stated,—,maybe — needs the survey's own geography,1,1,False,household or phone survey,"{""unclear"": 1}",Rolling tracer surveys,
routine data reporting systems,admin_linked,named area,country only,maybe — needs the survey's own geography,1,1,False,"named source, family not stated","{""admin_linked"": 1}",routine data reporting systems,
routine data system,unclear,place not stated,—,maybe — needs the survey's own geography,1,1,False,facility / asset / infrastructure records,"{""unclear"": 1}",Routine data system,
routine monitoring,admin_linked,named area,country only,maybe — needs the survey's own geography,1,1,False,monitoring / tracking system,"{""admin_linked"": 1}",Routine Monitoring Data,
routine reporting,admin_linked,named area,country only,maybe — needs the survey's own geography,1,1,False,"named source, family not stated","{""admin_linked"": 1}",routine reporting data,
routinely collected,admin_linked,named area,country only,maybe — needs the survey's own geography,1,1,False,"named source, family not stated","{""admin_linked"": 1}",routinely collected data,
routinely collected surveillance,admin_linked,named area,not stated,unknown,1,1,False,"named source, family not stated","{""admin_linked"": 1}",routinely collected surveillance data,
rrpm mis,admin_linked,named area,local (ward/village/camp/kebele),maybe — needs the survey's own geography,1,1,False,"named source, family not stated","{""admin_linked"": 1}",RRPM MIS,
rscs survey on civil servals,admin_linked,named area,country only,maybe — needs the survey's own geography,1,1,False,household or phone survey,"{""admin_linked"": 1}",RSCS survey on civil servals,
rsri,admin_linked,named area,country only,maybe — needs the survey's own geography,1,1,False,household or phone survey,"{""admin_linked"": 1}",RSRI data,
rssat,point_geocoded,exact point,point,yes — coordinates or a layer exists,1,1,False,facility / asset / infrastructure records,"{""point_geocoded"": 1}",RSSAT,
rsu mis,unclear,place not stated,—,unknown,1,1,False,"named source, family not stated","{""unclear"": 1}",RSU MIS,
ruipn,admin_linked,named area,not stated,maybe — needs the survey's own geography,1,1,False,"household or phone survey, registry / administrative database","{""admin_linked"": 1}",RUIPN,
rural accessibility index,point_geocoded,exact point,point,yes — coordinates or a layer exists,1,1,False,facility / asset / infrastructure records,"{""point_geocoded"": 1}",Rural Accessibility Index,
rural agricultural livelihoods survey report,admin_linked,named area,province / region / state,maybe — needs the survey's own geography,1,1,False,"household or phone survey, official statistics series","{""admin_linked"": 1}",Rural Agricultural Livelihoods Survey Report,
rural environmental cadaster,point_geocoded,exact point,point,yes — coordinates or a layer exists,1,1,False,registry / administrative database,"{""point_geocoded"": 1}",Rural Environmental Cadaster,
rural household,unclear,place not stated,—,maybe — needs the survey's own geography,1,1,False,"household or phone survey, official statistics series, registry / administrative database, facility / asset / infrastructure records","{""unclear"": 1}",rural household data,
rural remoteness index,admin_linked,named area,local (ward/village/camp/kebele),no — aggregate,1,1,False,"named source, family not stated","{""admin_linked"": 1}",Rural remoteness index,
rwanda demographic and health survey,unclear,place not stated,—,maybe — needs the survey's own geography,1,1,False,"household or phone survey, official statistics series, registry / administrative database","{""unclear"": 1}",Rwanda 2019-20 Demographic and Health Survey,
rwanda finscope survey,unclear,place not stated,—,maybe — needs the survey's own geography,1,1,False,household or phone survey,"{""unclear"": 1}",2024 Rwanda FinScope survey,
rwss,point_geocoded,exact point,point,yes — coordinates or a layer exists,1,1,False,registry / administrative database,"{""point_geocoded"": 1}",RWSS database,
rwus books,point_geocoded,exact point,point,yes — coordinates or a layer exists,1,1,False,registry / administrative database,"{""point_geocoded"": 1}",RWUs books,
saber service delivery survey,admin_linked,named area,country only,maybe — needs the survey's own geography,1,1,False,household or phone survey,"{""admin_linked"": 1}",SABER Service Delivery survey,
sacmeq,unclear,place not stated,—,unknown,1,1,False,"named source, family not stated","{""unclear"": 1}",SACMEQ 2013,
sadc-gip,admin_linked,named area,province / region / state,maybe — needs the survey's own geography,1,1,False,"named source, family not stated","{""admin_linked"": 1}",SADC-GIP,
safety audit and certification reports,unclear,place not stated,—,maybe — needs the survey's own geography,1,1,False,registry / administrative database,"{""unclear"": 1}",Safety audit and certification reports,
saint lucia energy report card,admin_linked,named area,country only,maybe — needs the survey's own geography,1,1,False,"named source, family not stated","{""admin_linked"": 1}",Saint Lucia Energy Report Card,
saint lucia labor force surveys,non_spatial,no place,—,maybe — needs the survey's own geography,1,1,False,"household or phone survey, official statistics series","{""non_spatial"": 1}",Saint Lucia 2004 Labor Force Surveys,
sakernas,unclear,place not stated,—,unknown,1,1,False,"named source, family not stated","{""unclear"": 1}",Sakernas 2022,
sample household survey,admin_linked,named area,district / sub-county,maybe — needs the survey's own geography,1,1,False,household or phone survey,"{""admin_linked"": 1}",baseline sample household survey,
sampled,unclear,place not stated,—,maybe — needs the survey's own geography,1,1,False,household or phone survey,"{""unclear"": 1}",sampled data,
sanitation mapping study of sana a and aden cities,admin_linked,named area,not stated,yes — coordinates or a layer exists,1,1,False,mapped layer / geospatial product,"{""admin_linked"": 1}",Sanitation Mapping Study of Sana’a and Aden cities,
sara/herams surveys,unclear,place not stated,—,maybe — needs the survey's own geography,1,1,False,household or phone survey,"{""unclear"": 1}",SARA/HeRAMS surveys,
satellite imagery,national_spatial_derived,mapped / satellite,country only,yes — coordinates or a layer exists,1,1,False,satellite / raster / index,"{""national_spatial_derived"": 1}",satellite imagery data,
satellite imagery and geodata,point_geocoded,exact point,point,yes — coordinates or a layer exists,1,1,False,"satellite / raster / index, mapped layer / geospatial product","{""point_geocoded"": 1}",satellite imagery and geodata,
satisfaction survey,unclear,place not stated,—,maybe — needs the survey's own geography,1,1,False,household or phone survey,"{""unclear"": 1}",satisfaction survey,
sbpd reports,point_geocoded,exact point,point,yes — coordinates or a layer exists,1,1,False,facility / asset / infrastructure records,"{""point_geocoded"": 1}",SBPD reports,
scada,admin_linked,named area,country only,yes — coordinates or a layer exists,1,1,False,mapped layer / geospatial product,"{""admin_linked"": 1}",SCADA data,
scada/operational,admin_linked,named area,country only,maybe — needs the survey's own geography,1,1,False,"named source, family not stated","{""admin_linked"": 1}",SCADA/operational data,
scd,admin_linked,named area,country only,maybe — needs the survey's own geography,1,1,False,"named source, family not stated","{""admin_linked"": 1}",SCD,
school census / emis,admin_linked,named area,point,maybe — needs the survey's own geography,1,1,False,"household or phone survey, official statistics series, facility / asset / infrastructure records","{""admin_linked"": 1}",Annual school census / EMIS,
school information system,admin_linked,named area,point,maybe — needs the survey's own geography,1,1,False,facility / asset / infrastructure records,"{""admin_linked"": 1}",School Information System,
school infrastructure assessments and reports,admin_linked,named area,point,maybe — needs the survey's own geography,1,1,False,facility / asset / infrastructure records,"{""admin_linked"": 1}",school infrastructure assessments and reports,
school infrastructure reports,admin_linked,named area,point,maybe — needs the survey's own geography,1,1,False,facility / asset / infrastructure records,"{""admin_linked"": 1}",School infrastructure reports,
school staffing returns,admin_linked,named area,point,maybe — needs the survey's own geography,1,1,False,facility / asset / infrastructure records,"{""admin_linked"": 1}",school staffing returns,
school user survey,point_geocoded,exact point,point,yes — coordinates or a layer exists,1,1,False,"household or phone survey, facility / asset / infrastructure records","{""point_geocoded"": 1}",School User Survey,
school user surveys,admin_linked,named area,point,maybe — needs the survey's own geography,1,1,False,"household or phone survey, facility / asset / infrastructure records","{""admin_linked"": 1}",School User Surveys,
school-level,point_geocoded,exact point,point,yes — coordinates or a layer exists,1,1,False,facility / asset / infrastructure records,"{""point_geocoded"": 1}",school-level data,
school-level staffing returns,admin_linked,named area,point,maybe — needs the survey's own geography,1,1,False,facility / asset / infrastructure records,"{""admin_linked"": 1}",school-level staffing returns,
school-level textbook inventory,unclear,place not stated,—,maybe — needs the survey's own geography,1,1,False,"household or phone survey, facility / asset / infrastructure records","{""unclear"": 1}",School-level textbook inventory data,
school-level textbook stock registers,unclear,place not stated,—,maybe — needs the survey's own geography,1,1,False,facility / asset / infrastructure records,"{""unclear"": 1}",school-level textbook stock registers,
scope,admin_linked,named area,country only,maybe — needs the survey's own geography,1,1,False,"household or phone survey, registry / administrative database","{""admin_linked"": 1}",SCOPE database,
sctp management information system,admin_linked,named area,country only,maybe — needs the survey's own geography,1,1,False,"named source, family not stated","{""admin_linked"": 1}",SCTP Management Information System,
sdg 4 country dashboard kenya,admin_linked,named area,country only,maybe — needs the survey's own geography,1,1,False,"official statistics series, monitoring / tracking system","{""admin_linked"": 1}",SDG 4 Country Dashboard: Kenya,
sdg 6 snapshot in niger,non_spatial,no place,—,unknown,1,1,False,"named source, family not stated","{""non_spatial"": 1}",SDG 6 snapshot in Niger,
sdg 7 1 1 electrification,admin_linked,named area,country only,maybe — needs the survey's own geography,1,1,False,"registry / administrative database, monitoring / tracking system","{""admin_linked"": 1}",SDG 7.1.1 Electrification Dataset,
sdg indicators,unclear,place not stated,—,unknown,1,1,False,"named source, family not stated","{""unclear"": 1}",SDG indicators,
sdg7 tracking,admin_linked,named area,country only,maybe — needs the survey's own geography,1,1,False,"registry / administrative database, monitoring / tracking system","{""admin_linked"": 1}",SDG7 Tracking,
sdg7 tracking report,non_spatial,no place,—,unknown,1,1,False,monitoring / tracking system,"{""non_spatial"": 1}",SDG7 Tracking Report,
sdo/ctb,non_spatial,no place,—,no — aggregate,1,1,False,"named source, family not stated","{""non_spatial"": 1}",SDO/CTB,
seabed surveys,point_geocoded,exact point,point,yes — coordinates or a layer exists,1,1,False,household or phone survey,"{""point_geocoded"": 1}",seabed surveys,
second comparative and explanatory regional study,non_spatial,no place,—,unknown,1,1,False,"named source, family not stated","{""non_spatial"": 1}",Second Comparative and Explanatory Regional Study,
secondary data from moest mohdfsga,admin_linked,named area,country only,maybe — needs the survey's own geography,1,1,False,"named source, family not stated","{""admin_linked"": 1}","Secondary data from MoEST, MoHDFSGA",
secondary data from moest mohdfsga mortcdllg,admin_linked,named area,country only,maybe — needs the survey's own geography,1,1,False,"named source, family not stated","{""admin_linked"": 1}","Secondary data from MoEST, MoHDFSGA,MoRTCDLLG",
secondary market,non_spatial,no place,—,maybe — needs the survey's own geography,1,1,False,"official statistics series, registry / administrative database, facility / asset / infrastructure records","{""non_spatial"": 1}",secondary market data,
sector,non_spatial,no place,—,unknown,1,1,False,"monitoring / tracking system, facility / asset / infrastructure records","{""non_spatial"": 1}",sector data,
sector production and consumption,unclear,place not stated,—,unknown,1,1,False,"named source, family not stated","{""unclear"": 1}",sector production and consumption data,
sector regular semi- reports,unclear,place not stated,—,unknown,1,1,False,"named source, family not stated","{""unclear"": 1}",sector regular semi-annual reports,
sector surveys,unclear,place not stated,—,no — aggregate,1,1,False,"household or phone survey, official statistics series","{""unclear"": 1}",sector surveys,
sectoral,unclear,place not stated,—,yes — coordinates or a layer exists,1,1,False,"household or phone survey, facility / asset / infrastructure records, mapped layer / geospatial product","{""unclear"": 1}",sectoral data,
sectoral census and survey,non_spatial,no place,—,maybe — needs the survey's own geography,1,1,False,household or phone survey,"{""non_spatial"": 1}","sectoral, census, and survey data",
sectoral data from mdas,unclear,place not stated,—,maybe — needs the survey's own geography,1,1,False,"official statistics series, registry / administrative database","{""unclear"": 1}",sectoral data from MDAs,
sectoral database for swm,non_spatial,no place,—,maybe — needs the survey's own geography,1,1,False,registry / administrative database,"{""non_spatial"": 1}",sectoral database for SWM,
sectoral databases,non_spatial,no place,—,maybe — needs the survey's own geography,1,1,False,registry / administrative database,"{""non_spatial"": 1}",sectoral databases,
sectorial statistics,non_spatial,no place,—,unknown,1,1,False,official statistics series,"{""non_spatial"": 1}",sectorial statistics,
secure cr,admin_linked,named area,country only,maybe — needs the survey's own geography,1,1,False,registry / administrative database,"{""admin_linked"": 1}",secure CR database,
sedlac,non_spatial,no place,—,maybe — needs the survey's own geography,1,1,False,registry / administrative database,"{""non_spatial"": 1}",SEDLAC,
seeg connection registry,unclear,place not stated,—,maybe — needs the survey's own geography,1,1,False,"household or phone survey, registry / administrative database","{""unclear"": 1}",SEEG connection registry,
seeg data and reports,admin_linked,named area,country only,no — aggregate,1,1,False,"named source, family not stated","{""admin_linked"": 1}",SEEG data and annual reports,
seeg hr records,unclear,place not stated,—,maybe — needs the survey's own geography,1,1,False,"named source, family not stated","{""unclear"": 1}",SEEG HR records,
seeg meter installation logs,unclear,place not stated,—,unknown,1,1,False,"named source, family not stated","{""unclear"": 1}",SEEG meter installation logs,
seeg scada system,unclear,place not stated,—,maybe — needs the survey's own geography,1,1,False,"named source, family not stated","{""unclear"": 1}",SEEG SCADA system,
seguce export file,admin_linked,named area,not stated,unknown,1,1,False,"named source, family not stated","{""admin_linked"": 1}",SEGUCE export file,
self-reliant village index,point_geocoded,exact point,point,yes — coordinates or a layer exists,1,1,False,"named source, family not stated","{""point_geocoded"": 1}",Self-Reliant Village Index,
self-reported,unclear,place not stated,—,maybe — needs the survey's own geography,1,1,False,household or phone survey,"{""unclear"": 1}",Self-reported data,
self-reported data from informal workers,unclear,place not stated,—,unknown,1,1,False,"named source, family not stated","{""unclear"": 1}",self-reported data from informal workers,
self-reported sex-disaggregated,unclear,place not stated,—,unknown,1,1,False,"named source, family not stated","{""unclear"": 1}","self-reported, sex-disaggregated data",
self-reporting,non_spatial,no place,—,maybe — needs the survey's own geography,1,1,False,registry / administrative database,"{""non_spatial"": 1}",self-reporting database,
semiannual report of der-se,unclear,place not stated,—,unknown,1,1,False,"named source, family not stated","{""unclear"": 1}",Semiannual report of the DER-SE,
senar s register,admin_linked,named area,country only,maybe — needs the survey's own geography,1,1,False,"named source, family not stated","{""admin_linked"": 1}",SENAR’s Register,
senescyt s information system,unclear,place not stated,—,maybe — needs the survey's own geography,1,1,False,"named source, family not stated","{""unclear"": 1}",SENESCYT’s information system,
sentinel 2,point_geocoded,exact point,point,yes — coordinates or a layer exists,1,1,False,satellite / raster / index,"{""point_geocoded"": 1}",Sentinel 2,
sentinel 2 images,admin_linked,named area,point,yes — coordinates or a layer exists,1,1,False,satellite / raster / index,"{""admin_linked"": 1}",Sentinel 2 images,
september/october phone survey,admin_linked,named area,country only,maybe — needs the survey's own geography,1,1,False,household or phone survey,"{""admin_linked"": 1}",September/October 2020 phone survey,
serological and pcr-test,admin_linked,named area,country only,maybe — needs the survey's own geography,1,1,False,"named source, family not stated","{""admin_linked"": 1}",serological and PCR-test data,
service availability and readiness assessment,point_geocoded,exact point,point,yes — coordinates or a layer exists,1,1,False,"named source, family not stated","{""point_geocoded"": 1}",Service Availability and Readiness Assessment,
service availability readiness assessment,point_geocoded,exact point,point,yes — coordinates or a layer exists,1,1,False,"named source, family not stated","{""point_geocoded"": 1}",Service Availability Readiness Assessment,
service delivery indicator,point_geocoded,exact point,point,yes — coordinates or a layer exists,1,1,False,"named source, family not stated","{""point_geocoded"": 1}",Service Delivery Indicator 2016,
service delivery indicators,unclear,place not stated,—,maybe — needs the survey's own geography,1,1,False,household or phone survey,"{""unclear"": 1}",2015 Service Delivery Indicators,
service delivery indicators report for mozambique,admin_linked,named area,country only,maybe — needs the survey's own geography,1,1,False,"named source, family not stated","{""admin_linked"": 1}",Service Delivery Indicators Report for Mozambique,
service delivery indicators survey,unclear,place not stated,—,maybe — needs the survey's own geography,1,1,False,household or phone survey,"{""unclear"": 1}",Service Delivery Indicators Survey,
service provider performance,unclear,place not stated,—,unknown,1,1,False,"named source, family not stated","{""unclear"": 1}",service provider performance data,
service turnover index,non_spatial,no place,—,no — aggregate,1,1,False,"named source, family not stated","{""non_spatial"": 1}",Service Turnover Index,
service utilization,unclear,place not stated,—,maybe — needs the survey's own geography,1,1,False,"named source, family not stated","{""unclear"": 1}",service utilization data,
service-level,point_geocoded,exact point,point,yes — coordinates or a layer exists,1,1,False,"named source, family not stated","{""point_geocoded"": 1}",service-level data,
service/product deployment records,admin_linked,named area,country only,maybe — needs the survey's own geography,1,1,False,"household or phone survey, monitoring / tracking system","{""admin_linked"": 1}",service/product deployment records,
services turnover index,non_spatial,no place,—,no — aggregate,1,1,False,"named source, family not stated","{""non_spatial"": 1}",Services Turnover Index,
sesa,unclear,place not stated,—,unknown,1,1,False,"named source, family not stated","{""unclear"": 1}",SESA,
seves,unclear,place not stated,—,maybe — needs the survey's own geography,1,1,False,"named source, family not stated","{""unclear"": 1}",SEVES,
sex disaggregated,non_spatial,no place,—,unknown,1,1,False,"named source, family not stated","{""non_spatial"": 1}",sex disaggregated data,
sex-disaggregated data on employment by major sectors,non_spatial,no place,—,unknown,1,1,False,official statistics series,"{""non_spatial"": 1}",sex-disaggregated data on employment by major sectors,
sex-disaggregated data on labor force participation,non_spatial,no place,—,unknown,1,1,False,official statistics series,"{""non_spatial"": 1}",Sex-disaggregated data on labor force participation,
sex-disaggregated data sets,unclear,place not stated,—,unknown,1,1,False,registry / administrative database,"{""unclear"": 1}",sex-disaggregated data sets,
sex-disaggregated id,admin_linked,named area,local (ward/village/camp/kebele),maybe — needs the survey's own geography,1,1,False,"named source, family not stated","{""admin_linked"": 1}",sex-disaggregated ID data,
sex-disaggregated staffing,unclear,place not stated,—,unknown,1,1,False,"named source, family not stated","{""unclear"": 1}",sex-disaggregated staffing data,
sex-disaggregated unemployment,non_spatial,no place,—,unknown,1,1,False,"named source, family not stated","{""non_spatial"": 1}",sex-disaggregated unemployment data,
sexdisaggregated,unclear,place not stated,—,unknown,1,1,False,"named source, family not stated","{""unclear"": 1}",sexdisaggregated data,
sfdb,unclear,place not stated,—,unknown,1,1,False,"named source, family not stated","{""unclear"": 1}",SFDB,
shanghai ranking,non_spatial,no place,—,unknown,1,1,False,"named source, family not stated","{""non_spatial"": 1}",2024 Shanghai ranking,
shapefiles of parcel boundaries,point_geocoded,exact point,point,yes — coordinates or a layer exists,1,1,False,"satellite / raster / index, household or phone survey, facility / asset / infrastructure records, mapped layer / geospatial product","{""point_geocoded"": 1}",shapefiles of the parcel boundaries,
short training,unclear,place not stated,—,maybe — needs the survey's own geography,1,1,False,registry / administrative database,"{""unclear"": 1}",short training database,
short-term occupation prospects,unclear,place not stated,—,unknown,1,1,False,monitoring / tracking system,"{""unclear"": 1}",short-term occupation prospects,
siapkerja lmis dashboard,unclear,place not stated,—,unknown,1,1,False,monitoring / tracking system,"{""unclear"": 1}",SIAPKerja LMIS Dashboard,
siasar,admin_linked,named area,urban / rural split,maybe — needs the survey's own geography,1,1,False,"named source, family not stated","{""admin_linked"": 1}",SIASAR,
sibes- economic survey,unclear,place not stated,—,maybe — needs the survey's own geography,1,1,False,household or phone survey,"{""unclear"": 1}",SIBES-II economic survey,
sierra leone demographic and health survey,admin_linked,named area,country only,maybe — needs the survey's own geography,1,1,False,household or phone survey,"{""admin_linked"": 1}",Sierra Leone Demographic and Health Survey 2019,
sierra leone demographic and health survey report,admin_linked,named area,country only,maybe — needs the survey's own geography,1,1,False,household or phone survey,"{""admin_linked"": 1}",Sierra Leone 2019 Demographic and Health Survey report,
sierra leone integrated household survey,admin_linked,named area,country only,maybe — needs the survey's own geography,1,1,False,household or phone survey,"{""admin_linked"": 1}",Sierra Leone Integrated Household Survey,
sierra leone integrated surveys,non_spatial,no place,—,maybe — needs the survey's own geography,1,1,False,household or phone survey,"{""non_spatial"": 1}",Sierra Leone Integrated Surveys,
sierra leone land administration project,non_spatial,no place,—,unknown,1,1,False,"named source, family not stated","{""non_spatial"": 1}",Sierra Leone Land Administration Project,
sierra leone poverty assessment,non_spatial,no place,—,unknown,1,1,False,"named source, family not stated","{""non_spatial"": 1}",Sierra Leone Poverty Assessment,
sigef/uepex,non_spatial,no place,—,maybe — needs the survey's own geography,1,1,False,registry / administrative database,"{""non_spatial"": 1}",SIGEF/UEPEX,
sigevies,admin_linked,named area,country only,maybe — needs the survey's own geography,1,1,False,"named source, family not stated","{""admin_linked"": 1}",SIGEVIES,
siiir,point_geocoded,exact point,point,yes — coordinates or a layer exists,1,1,False,registry / administrative database,"{""point_geocoded"": 1}",SIIIR database,
sikelim,admin_linked,named area,country only,maybe — needs the survey's own geography,1,1,False,"named source, family not stated","{""admin_linked"": 1}",SIKELIM,
simast,admin_linked,named area,country only,maybe — needs the survey's own geography,1,1,False,"named source, family not stated","{""admin_linked"": 1}",SIMAST,
simast census sweep surveys,admin_linked,named area,district / sub-county,maybe — needs the survey's own geography,1,1,False,household or phone survey,"{""admin_linked"": 1}",SIMAST census sweep surveys,
simast social registry,admin_linked,named area,country only,maybe — needs the survey's own geography,1,1,False,registry / administrative database,"{""admin_linked"": 1}",SIMAST social registry,
simba,admin_linked,named area,not stated,no — aggregate,1,1,False,"named source, family not stated","{""admin_linked"": 1}",SIMBA,
simsa ddjjs,admin_linked,named area,country only,maybe — needs the survey's own geography,1,1,False,"named source, family not stated","{""admin_linked"": 1}",SIMSa DDJJs,
sinadi del msp,unclear,place not stated,—,maybe — needs the survey's own geography,1,1,False,"named source, family not stated","{""unclear"": 1}",SINADI del MSP,
single registry of beneficiaries,non_spatial,no place,—,maybe — needs the survey's own geography,1,1,False,registry / administrative database,"{""non_spatial"": 1}",single registry of beneficiaries,
single social register,admin_linked,named area,country only,maybe — needs the survey's own geography,1,1,False,"named source, family not stated","{""admin_linked"": 1}",single social register,
sipa,unclear,place not stated,—,maybe — needs the survey's own geography,1,1,False,registry / administrative database,"{""unclear"": 1}",SIPA database,
sisar data base,unclear,place not stated,—,maybe — needs the survey's own geography,1,1,False,household or phone survey,"{""unclear"": 1}",SISAR data base,
siscon,non_spatial,no place,—,maybe — needs the survey's own geography,1,1,False,registry / administrative database,"{""non_spatial"": 1}",Siscon,
sistema de historia cl nica electr nica,unclear,place not stated,—,maybe — needs the survey's own geography,1,1,False,"named source, family not stated","{""unclear"": 1}",sistema de Historia Clínica Electrónica,
sistema integrado de informa es de desastres,admin_linked,named area,province / region / state,maybe — needs the survey's own geography,1,1,False,"named source, family not stated","{""admin_linked"": 1}",Sistema Integrado de Informações de Desastres,
sistema nacional de informa es sobre saneamento,non_spatial,no place,—,maybe — needs the survey's own geography,1,1,False,household or phone survey,"{""non_spatial"": 1}",Sistema Nacional de Informações sobre Saneamento,
sistemas de informaci n adicionales del minsa,admin_linked,named area,not stated,maybe — needs the survey's own geography,1,1,False,monitoring / tracking system,"{""admin_linked"": 1}",sistemas de información adicionales del MINSA,
sistemas de informaci n del ins,admin_linked,named area,country only,maybe — needs the survey's own geography,1,1,False,registry / administrative database,"{""admin_linked"": 1}",sistemas de información del INS,
sistemul informatic integrat al nv m ntului din rom nia,admin_linked,named area,country only,maybe — needs the survey's own geography,1,1,False,"named source, family not stated","{""admin_linked"": 1}",Sistemul Informatic Integrat al Învăţământului din România,
site inspection reports,point_geocoded,exact point,point,yes — coordinates or a layer exists,1,1,False,"named source, family not stated","{""point_geocoded"": 1}",site inspection reports,
site supervision and engineering reports,unclear,place not stated,—,maybe — needs the survey's own geography,1,1,False,"named source, family not stated","{""unclear"": 1}",site supervision and engineering reports,
site survey,point_geocoded,exact point,point,yes — coordinates or a layer exists,1,1,False,household or phone survey,"{""point_geocoded"": 1}",site survey,
site-specific inundation and sea-level rise information,admin_linked,named area,point,unknown,1,1,False,"named source, family not stated","{""admin_linked"": 1}",site-specific inundation and sea-level rise information,
situational,non_spatial,no place,—,unknown,1,1,False,"named source, family not stated","{""non_spatial"": 1}",situational data,
size distribution,non_spatial,no place,—,unknown,1,1,False,"named source, family not stated","{""non_spatial"": 1}",size distribution data,
skills demand repository,unclear,place not stated,—,unknown,1,1,False,"named source, family not stated","{""unclear"": 1}",skills demand repository,
skills for better jobs project,non_spatial,no place,—,unknown,1,1,False,"named source, family not stated","{""non_spatial"": 1}",Skills for Better Jobs Project,
skills toward employment and productivity survey,unclear,place not stated,—,maybe — needs the survey's own geography,1,1,False,household or phone survey,"{""unclear"": 1}",Skills Toward Employment and Productivity survey,
skis,admin_linked,named area,country only,maybe — needs the survey's own geography,1,1,False,"named source, family not stated","{""admin_linked"": 1}",SKIs,
slihs,national_spatial_derived,mapped / satellite,point,maybe — needs the survey's own geography,1,1,False,"satellite / raster / index, household or phone survey, official statistics series","{""national_spatial_derived"": 1}",SLIHS 2011,
slope stability detectors,point_geocoded,exact point,point,yes — coordinates or a layer exists,1,1,False,facility / asset / infrastructure records,"{""point_geocoded"": 1}",slope stability detectors,
smads system,admin_linked,named area,country only,maybe — needs the survey's own geography,1,1,False,"named source, family not stated","{""admin_linked"": 1}",SMADS system,
small business loan,unclear,place not stated,—,maybe — needs the survey's own geography,1,1,False,registry / administrative database,"{""unclear"": 1}",Small business loan database,
small panel survey,unclear,place not stated,—,maybe — needs the survey's own geography,1,1,False,household or phone survey,"{""unclear"": 1}",small panel survey,
smart household surveys,unclear,place not stated,—,maybe — needs the survey's own geography,1,1,False,household or phone survey,"{""unclear"": 1}",SMART household surveys,
smartcard validation records,point_geocoded,exact point,point,yes — coordinates or a layer exists,1,1,False,"named source, family not stated","{""point_geocoded"": 1}",smartcard validation records,
sme and sector-based surveys,unclear,place not stated,—,maybe — needs the survey's own geography,1,1,False,"household or phone survey, registry / administrative database","{""unclear"": 1}",SME and sector-based surveys,
sme and sectorbased surveys,unclear,place not stated,—,maybe — needs the survey's own geography,1,1,False,"household or phone survey, registry / administrative database","{""unclear"": 1}",SME and sectorbased surveys,
sme database,unclear,place not stated,—,no — aggregate,1,1,False,registry / administrative database,"{""unclear"": 1}",SME Database 2017,
sme-level program,unclear,place not stated,—,no — aggregate,1,1,False,"named source, family not stated","{""unclear"": 1}",SME-level program data,
sna environmental accounts,non_spatial,no place,—,unknown,1,1,False,"named source, family not stated","{""non_spatial"": 1}",SNA environmental accounts,
snde,non_spatial,no place,—,unknown,1,1,False,"named source, family not stated","{""non_spatial"": 1}",SNDE,
social,unclear,place not stated,—,maybe — needs the survey's own geography,1,1,False,"named source, family not stated","{""unclear"": 1}",social data,
social and fiscal national identification system,unclear,place not stated,—,no — aggregate,1,1,False,"named source, family not stated","{""unclear"": 1}",Social and Fiscal National Identification System,
social and gender assessment surveys,unclear,place not stated,—,maybe — needs the survey's own geography,1,1,False,household or phone survey,"{""unclear"": 1}",social and gender assessment surveys,
social assessment surveys,unclear,place not stated,—,maybe — needs the survey's own geography,1,1,False,household or phone survey,"{""unclear"": 1}",social assessment surveys,
social development index (mideplan),admin_linked,named area,not stated,no — aggregate,1,1,False,"named source, family not stated","{""admin_linked"": 1}",Social Development Index (MIDEPLAN),
social health insurance service utilization,unclear,place not stated,—,unknown,1,1,False,"named source, family not stated","{""unclear"": 1}",social health insurance service utilization data,
social institutions and gender index,admin_linked,named area,country only,no — aggregate,1,1,False,"named source, family not stated","{""admin_linked"": 1}",Social Institutions and Gender Index,
social protection and health databases,unclear,place not stated,—,maybe — needs the survey's own geography,1,1,False,registry / administrative database,"{""unclear"": 1}",Social Protection and Health databases,
social protection beneficiary,unclear,place not stated,—,maybe — needs the survey's own geography,1,1,False,registry / administrative database,"{""unclear"": 1}",social protection beneficiary database,
social protection beneficiary registry,unclear,place not stated,—,maybe — needs the survey's own geography,1,1,False,registry / administrative database,"{""unclear"": 1}",Social Protection Beneficiary Registry,
social protection databases,unclear,place not stated,—,maybe — needs the survey's own geography,1,1,False,registry / administrative database,"{""unclear"": 1}",social protection databases,
social protection information systems,admin_linked,named area,not stated,maybe — needs the survey's own geography,1,1,False,"named source, family not stated","{""admin_linked"": 1}",social protection information systems,
social protection survey,unclear,place not stated,—,maybe — needs the survey's own geography,1,1,False,household or phone survey,"{""unclear"": 1}",social protection survey,
social safeguards and monitoring reports,unclear,place not stated,—,maybe — needs the survey's own geography,1,1,False,"registry / administrative database, monitoring / tracking system","{""unclear"": 1}",social safeguards and monitoring reports,
social security contributions,unclear,place not stated,—,maybe — needs the survey's own geography,1,1,False,registry / administrative database,"{""unclear"": 1}",social security contributions database,
social security information system,unclear,place not stated,—,maybe — needs the survey's own geography,1,1,False,monitoring / tracking system,"{""unclear"": 1}",Social Security Information system,
social services survey,unclear,place not stated,—,maybe — needs the survey's own geography,1,1,False,household or phone survey,"{""unclear"": 1}",Social Services Survey,
social vulnerability index,admin_linked,named area,district / sub-county,no — aggregate,1,1,False,"named source, family not stated","{""admin_linked"": 1}",Social Vulnerability Index,
socio-economic surveys and impacts assessments,admin_linked,named area,country only,maybe — needs the survey's own geography,1,1,False,household or phone survey,"{""admin_linked"": 1}",socio-economic surveys and impacts assessments,
socioeconomic vulnerability,admin_linked,named area,country only,maybe — needs the survey's own geography,1,1,False,"named source, family not stated","{""admin_linked"": 1}",socioeconomic vulnerability data,
soe registry,non_spatial,no place,—,no — aggregate,1,1,False,registry / administrative database,"{""non_spatial"": 1}",SOE registry,
soil erosion map,point_geocoded,exact point,point,yes — coordinates or a layer exists,1,1,False,mapped layer / geospatial product,"{""point_geocoded"": 1}",Soil erosion map,
soil nutrient management maps,point_geocoded,exact point,point,yes — coordinates or a layer exists,1,1,False,"named source, family not stated","{""point_geocoded"": 1}",soil nutrient management maps,
solar pv market assessment in yemen,admin_linked,named area,country only,maybe — needs the survey's own geography,1,1,False,"official statistics series, facility / asset / infrastructure records","{""admin_linked"": 1}",Solar PV market assessment in Yemen,
solomon islands demographic and health survey,unclear,place not stated,—,maybe — needs the survey's own geography,1,1,False,household or phone survey,"{""unclear"": 1}",Solomon Islands Demographic and Health Survey,
somali health and demographic survey,unclear,place not stated,—,maybe — needs the survey's own geography,1,1,False,household or phone survey,"{""unclear"": 1}",Somali Health and Demographic Survey,
somali integrated business establishment surveys,unclear,place not stated,—,maybe — needs the survey's own geography,1,1,False,"household or phone survey, registry / administrative database","{""unclear"": 1}",Somali Integrated Business Establishment Surveys,
somapep,admin_linked,named area,country only,maybe — needs the survey's own geography,1,1,False,household or phone survey,"{""admin_linked"": 1}",SOMAPEP,
source,unclear,place not stated,—,unknown,1,1,False,official statistics series,"{""unclear"": 1}",source data,
south sudan macro-poverty outlook,admin_linked,named area,country only,maybe — needs the survey's own geography,1,1,False,"named source, family not stated","{""admin_linked"": 1}",South Sudan Macro-Poverty Outlook,
sp metro origin-destination survey,admin_linked,named area,not stated,maybe — needs the survey's own geography,1,1,False,household or phone survey,"{""admin_linked"": 1}",SP Metro origin-destination survey,
sp-conasur,admin_linked,named area,country only,maybe — needs the survey's own geography,1,1,False,registry / administrative database,"{""admin_linked"": 1}",SP-CONASUR database,
spatial data on population distribution,point_geocoded,exact point,point,yes — coordinates or a layer exists,1,1,False,facility / asset / infrastructure records,"{""point_geocoded"": 1}",spatial data on population distribution,
spatial database for basin,point_geocoded,exact point,point,yes — coordinates or a layer exists,1,1,False,registry / administrative database,"{""point_geocoded"": 1}",spatial database for the basin,
spatial database for idps,point_geocoded,exact point,point,yes — coordinates or a layer exists,1,1,False,"household or phone survey, registry / administrative database","{""point_geocoded"": 1}",spatial database for IDPs,
spatial information from ict,admin_linked,named area,district / sub-county,unknown,1,1,False,"named source, family not stated","{""admin_linked"": 1}",Spatial information from ICT,
spatial information on ict demand floors,admin_linked,named area,district / sub-county,unknown,1,1,False,mapped layer / geospatial product,"{""admin_linked"": 1}",Spatial information on ICT demand floors,
spc,non_spatial,no place,—,unknown,1,1,False,registry / administrative database,"{""non_spatial"": 1}",SPC data,
spc beneficiary registry,unclear,place not stated,—,maybe — needs the survey's own geography,1,1,False,registry / administrative database,"{""unclear"": 1}",SPC Beneficiary Registry,
special data collection,unclear,place not stated,—,unknown,1,1,False,"named source, family not stated","{""unclear"": 1}",special data collection,
special surveys,unclear,place not stated,—,maybe — needs the survey's own geography,1,1,False,"household or phone survey, registry / administrative database","{""unclear"": 1}",special surveys,
speed test,admin_linked,named area,country only,maybe — needs the survey's own geography,1,1,False,"named source, family not stated","{""admin_linked"": 1}",speed test data,
speedtest,non_spatial,no place,—,no — aggregate,1,1,False,"named source, family not stated","{""non_spatial"": 1}",Speedtest data,
spei,national_spatial_derived,mapped / satellite,country only,unknown,1,1,False,"named source, family not stated","{""national_spatial_derived"": 1}",SPEI,
spending,non_spatial,no place,—,unknown,1,1,False,"named source, family not stated","{""non_spatial"": 1}",spending data,
spot checks survey,unclear,place not stated,—,maybe — needs the survey's own geography,1,1,False,household or phone survey,"{""unclear"": 1}",Spot Checks Survey,
spot height surveys,point_geocoded,exact point,not stated,maybe — needs the survey's own geography,1,1,False,household or phone survey,"{""point_geocoded"": 1}",spot height surveys,
spot-checks surveys,unclear,place not stated,—,maybe — needs the survey's own geography,1,1,False,household or phone survey,"{""unclear"": 1}",Spot-Checks surveys,
spot5 images,admin_linked,named area,not stated,yes — coordinates or a layer exists,1,1,False,satellite / raster / index,"{""admin_linked"": 1}",SPOT5 images,
ssingei,unclear,place not stated,—,unknown,1,1,False,"named source, family not stated","{""unclear"": 1}",SSINGEI,
ssnp,unclear,place not stated,—,unknown,1,1,False,"named source, family not stated","{""unclear"": 1}",SSNP,
st lucia central education statistical digest,non_spatial,no place,—,unknown,1,1,False,official statistics series,"{""non_spatial"": 1}",St. Lucia Central Education Statistical Digest 2018,
st lucia energy report card,admin_linked,named area,country only,maybe — needs the survey's own geography,1,1,False,"named source, family not stated","{""admin_linked"": 1}",St. Lucia Energy Report Card,
staff absence survey,unclear,place not stated,—,maybe — needs the survey's own geography,1,1,False,household or phone survey,"{""unclear"": 1}",Staff Absence Survey,
staff list,unclear,place not stated,—,unknown,1,1,False,"named source, family not stated","{""unclear"": 1}",Staff list,
staff survey,unclear,place not stated,—,maybe — needs the survey's own geography,1,1,False,household or phone survey,"{""unclear"": 1}",staff survey,
stakeholder engagement reports,admin_linked,named area,point,unknown,1,1,False,"named source, family not stated","{""admin_linked"": 1}",Stakeholder engagement reports,
stakeholder map,unclear,place not stated,—,yes — coordinates or a layer exists,1,1,False,mapped layer / geospatial product,"{""unclear"": 1}",stakeholder map,
stakeholder mapping,non_spatial,no place,—,yes — coordinates or a layer exists,1,1,False,mapped layer / geospatial product,"{""non_spatial"": 1}",stakeholder mapping,
standard eurobarometer,non_spatial,no place,—,maybe — needs the survey's own geography,1,1,False,household or phone survey,"{""non_spatial"": 1}",Standard Eurobarometer,
standardized beneficiary satisfaction survey,non_spatial,no place,—,maybe — needs the survey's own geography,1,1,False,household or phone survey,"{""non_spatial"": 1}",standardized beneficiary satisfaction survey,
standardized classroom observations,admin_linked,named area,not stated,unknown,1,1,False,"named source, family not stated","{""admin_linked"": 1}",standardized classroom observations,
standardized data on social services,admin_linked,named area,country only,maybe — needs the survey's own geography,1,1,False,"named source, family not stated","{""admin_linked"": 1}",standardized data on social services,
state family,unclear,place not stated,—,maybe — needs the survey's own geography,1,1,False,registry / administrative database,"{""unclear"": 1}",State Family Database,
state of education report,unclear,place not stated,—,unknown,1,1,False,"named source, family not stated","{""unclear"": 1}",Annual State of Education Report,
state of uganda population report,non_spatial,no place,—,no — aggregate,1,1,False,"named source, family not stated","{""non_spatial"": 1}",State of Uganda Population Report 2018,
state parties self-assessment reports,non_spatial,no place,—,unknown,1,1,False,"named source, family not stated","{""non_spatial"": 1}",State Parties Self-Assessment Annual Reports,
state party self-assessment,non_spatial,no place,—,unknown,1,1,False,"named source, family not stated","{""non_spatial"": 1}",State Party Self-Assessment,
state rwss platform,admin_linked,named area,province / region / state,maybe — needs the survey's own geography,1,1,False,"named source, family not stated","{""admin_linked"": 1}",State RWSS platform,
states and federal district fiscal management report,admin_linked,named area,district / sub-county,no — aggregate,1,1,False,"named source, family not stated","{""admin_linked"": 1}",States and the Federal District Fiscal Management Report,
statistical and administrative,unclear,place not stated,—,maybe — needs the survey's own geography,1,1,False,"official statistics series, registry / administrative database","{""unclear"": 1}",statistical and administrative data,
statistical and tax declarations,unclear,place not stated,—,unknown,1,1,False,official statistics series,"{""unclear"": 1}",statistical and tax declarations,
statistical business registry,unclear,place not stated,—,maybe — needs the survey's own geography,1,1,False,"official statistics series, registry / administrative database","{""unclear"": 1}",Statistical Business Registry,
statistical capacity index,non_spatial,no place,—,no — aggregate,1,1,False,official statistics series,"{""non_spatial"": 1}",Statistical Capacity Index,
statistical capacity indicator,non_spatial,no place,—,unknown,1,1,False,official statistics series,"{""non_spatial"": 1}",Statistical Capacity Indicator,
statistical data on child malnutrition,non_spatial,no place,—,unknown,1,1,False,official statistics series,"{""non_spatial"": 1}",Statistical data on child malnutrition 2015,
statistical databases,non_spatial,no place,—,maybe — needs the survey's own geography,1,1,False,"official statistics series, registry / administrative database","{""non_spatial"": 1}",statistical databases,
statistical directory,non_spatial,no place,—,unknown,1,1,False,official statistics series,"{""non_spatial"": 1}",2017 Statistical Directory,
statistical information,unclear,place not stated,—,unknown,1,1,False,official statistics series,"{""unclear"": 1}",statistical information,
statistical performance indicator (spi),unclear,place not stated,—,no — aggregate,1,1,False,official statistics series,"{""unclear"": 1}",Statistical Performance Indicator (SPI),
statistical performance indicators,non_spatial,no place,—,maybe — needs the survey's own geography,1,1,False,official statistics series,"{""non_spatial"": 1}",Statistical Performance Indicators,
statistical registers,unclear,place not stated,—,unknown,1,1,False,official statistics series,"{""unclear"": 1}",statistical registers,
statistical reporting survey and census,non_spatial,no place,—,maybe — needs the survey's own geography,1,1,False,"household or phone survey, official statistics series","{""non_spatial"": 1}","statistical reporting, survey and census data",
statistical year book of,non_spatial,no place,—,unknown,1,1,False,official statistics series,"{""non_spatial"": 1}",Statistical Year Book of 2024,
statistical year book of viet nam,non_spatial,no place,—,unknown,1,1,False,official statistics series,"{""non_spatial"": 1}",Statistical Year Book of Viet Nam,
statistical yearbook from merse,non_spatial,no place,—,unknown,1,1,False,"official statistics series, registry / administrative database","{""non_spatial"": 1}",statistical yearbook from MERSE,
statistical yearbook of vietnam,non_spatial,no place,—,unknown,1,1,False,"official statistics series, registry / administrative database","{""non_spatial"": 1}",Statistical Yearbook of Vietnam 2015,
statistics botswana,admin_linked,named area,country only,maybe — needs the survey's own geography,1,1,False,official statistics series,"{""admin_linked"": 1}",Statistics Botswana 2022,
statistics from ministry of labor,non_spatial,no place,—,unknown,1,1,False,official statistics series,"{""non_spatial"": 1}",2022 statistics from the Ministry of Labor,
statistics on formal employment creation,non_spatial,no place,—,unknown,1,1,False,official statistics series,"{""non_spatial"": 1}",statistics on formal employment creation,
statistics on preexisting gender gaps,admin_linked,named area,country only,maybe — needs the survey's own geography,1,1,False,official statistics series,"{""admin_linked"": 1}",statistics on preexisting gender gaps,
status of education report,admin_linked,named area,urban / rural split,unknown,1,1,False,"named source, family not stated","{""admin_linked"": 1}",Annual Status of Education Report 2022,
step survey,unclear,place not stated,—,maybe — needs the survey's own geography,1,1,False,household or phone survey,"{""unclear"": 1}",STEP survey,
steps ncd surveillance survey,unclear,place not stated,—,maybe — needs the survey's own geography,1,1,False,household or phone survey,"{""unclear"": 1}",STEPS NCD Surveillance Survey,
stepwise approach to ncd risk factor surveillance,unclear,place not stated,—,maybe — needs the survey's own geography,1,1,False,household or phone survey,"{""unclear"": 1}",STEPwise Approach to NCD Risk Factor Surveillance,
ster-based land records,admin_linked,named area,country only,maybe — needs the survey's own geography,1,1,False,"named source, family not stated","{""admin_linked"": 1}",ster-based land records,
stock visibility system,unclear,place not stated,—,maybe — needs the survey's own geography,1,1,False,"named source, family not stated","{""unclear"": 1}",Stock Visibility System,
stp aaleb and reports,non_spatial,no place,—,unknown,1,1,False,official statistics series,"{""non_spatial"": 1}",STP AALEB 2016 and 2019 reports,
structured visitor surveys,admin_linked,named area,not stated,maybe — needs the survey's own geography,1,1,False,household or phone survey,"{""admin_linked"": 1}",structured visitor surveys,
student surveys and self-reported assessments,unclear,place not stated,—,maybe — needs the survey's own geography,1,1,False,household or phone survey,"{""unclear"": 1}",Student surveys and self-reported assessments,
student-level,admin_linked,named area,country only,maybe — needs the survey's own geography,1,1,False,registry / administrative database,"{""admin_linked"": 1}",student-level database,
student-level panel,unclear,place not stated,—,unknown,1,1,False,registry / administrative database,"{""unclear"": 1}",student-level panel dataset,
study of teach ece in kosovo,admin_linked,named area,country only,maybe — needs the survey's own geography,1,1,False,"named source, family not stated","{""admin_linked"": 1}",baseline study of TEACH ECE in Kosovo,
sub national doing business (sndb) report,admin_linked,named area,country only,maybe — needs the survey's own geography,1,1,False,"named source, family not stated","{""admin_linked"": 1}",Sub National Doing Business (SNDB) Report 2010,
sub-district poverty map,admin_linked,named area,district / sub-county,yes — coordinates or a layer exists,1,1,False,mapped layer / geospatial product,"{""admin_linked"": 1}",sub-district poverty map,
sub-grantee reports/database,non_spatial,no place,—,maybe — needs the survey's own geography,1,1,False,registry / administrative database,"{""non_spatial"": 1}",Sub-grantee reports/database,
sub-loan,non_spatial,no place,—,maybe — needs the survey's own geography,1,1,False,registry / administrative database,"{""non_spatial"": 1}",sub-loan data,
sub-loan disbursement records,unclear,place not stated,—,maybe — needs the survey's own geography,1,1,False,"named source, family not stated","{""unclear"": 1}",sub-loan disbursement records,
sub-project,non_spatial,no place,—,maybe — needs the survey's own geography,1,1,False,registry / administrative database,"{""non_spatial"": 1}",Sub-project database,
sub-project loan performance,non_spatial,no place,—,unknown,1,1,False,"named source, family not stated","{""non_spatial"": 1}",sub-project loan performance data,
sub-saharan africa macro poverty outlook,non_spatial,no place,—,unknown,1,1,False,"named source, family not stated","{""non_spatial"": 1}",Sub-Saharan Africa Macro Poverty Outlook,
subcontractors quarterly reports,unclear,place not stated,—,unknown,1,1,False,"named source, family not stated","{""unclear"": 1}",subcontractors’ quarterly reports,
subdivision surveys,admin_linked,named area,country only,maybe — needs the survey's own geography,1,1,False,household or phone survey,"{""admin_linked"": 1}",subdivision surveys,
sube,admin_linked,named area,country only,maybe — needs the survey's own geography,1,1,False,"named source, family not stated","{""admin_linked"": 1}",SUBE data,
sube (subte),point_geocoded,exact point,point,yes — coordinates or a layer exists,1,1,False,"named source, family not stated","{""point_geocoded"": 1}",SUBE (Subte) data,
submuestra de centros ecpi,admin_linked,named area,not stated,unknown,1,1,False,"named source, family not stated","{""admin_linked"": 1}",submuestra de centros ECPI,
subproject,admin_linked,named area,country only,maybe — needs the survey's own geography,1,1,False,registry / administrative database,"{""admin_linked"": 1}",Subproject database,
subscriptions data from gsma,non_spatial,no place,—,maybe — needs the survey's own geography,1,1,False,"household or phone survey, official statistics series","{""non_spatial"": 1}",Subscriptions data from GSMA,
subscriptions data from telegeography,non_spatial,no place,—,no — aggregate,1,1,False,"named source, family not stated","{""non_spatial"": 1}",Subscriptions data from TeleGeography,
subsidies databases,admin_linked,named area,country only,maybe — needs the survey's own geography,1,1,False,registry / administrative database,"{""admin_linked"": 1}",subsidies databases,
sudan emergency crisis response safety net project,non_spatial,no place,—,unknown,1,1,False,"named source, family not stated","{""non_spatial"": 1}",Sudan Emergency Crisis Response Safety Net Project,
sudan mics,unclear,place not stated,—,maybe — needs the survey's own geography,1,1,False,"household or phone survey, facility / asset / infrastructure records","{""unclear"": 1}",Sudan MICS 2014,
supervision engineer reports,admin_linked,named area,not stated,unknown,1,1,False,facility / asset / infrastructure records,"{""admin_linked"": 1}",Supervision engineer reports,
supply and demand,admin_linked,named area,country only,maybe — needs the survey's own geography,1,1,False,"named source, family not stated","{""admin_linked"": 1}",supply and demand data,
supply use table,non_spatial,no place,—,maybe — needs the survey's own geography,1,1,False,household or phone survey,"{""non_spatial"": 1}",supply use table,
surface data of management plans,point_geocoded,exact point,point,yes — coordinates or a layer exists,1,1,False,"named source, family not stated","{""point_geocoded"": 1}",surface data of the Management Plans,
surface distress index,admin_linked,named area,not stated,no — aggregate,1,1,False,facility / asset / infrastructure records,"{""admin_linked"": 1}",surface distress index,
survey among benefiting famers,admin_linked,named area,country only,maybe — needs the survey's own geography,1,1,False,household or phone survey,"{""admin_linked"": 1}",survey among benefiting famers,
survey and focus group,unclear,place not stated,—,maybe — needs the survey's own geography,1,1,False,household or phone survey,"{""unclear"": 1}",survey and focus group data,
survey and grm,unclear,place not stated,—,maybe — needs the survey's own geography,1,1,False,household or phone survey,"{""unclear"": 1}",survey and GRM,
survey by acgf,unclear,place not stated,—,maybe — needs the survey's own geography,1,1,False,household or phone survey,"{""unclear"": 1}",2018 survey by ACGF,
survey by uncdf,unclear,place not stated,—,maybe — needs the survey's own geography,1,1,False,household or phone survey,"{""unclear"": 1}",survey by UNCDF,
survey carried out by consad,admin_linked,named area,country only,maybe — needs the survey's own geography,1,1,False,household or phone survey,"{""admin_linked"": 1}",2021 survey carried out by CONSAD,
survey conducted by world vision armenia,non_spatial,no place,—,maybe — needs the survey's own geography,1,1,False,household or phone survey,"{""non_spatial"": 1}",survey conducted by World Vision Armenia,
survey conducted for regional study,non_spatial,no place,—,maybe — needs the survey's own geography,1,1,False,household or phone survey,"{""non_spatial"": 1}",Survey conducted for the recent regional study,
survey conducted in,admin_linked,named area,province / region / state,maybe — needs the survey's own geography,1,1,False,household or phone survey,"{""admin_linked"": 1}",survey conducted in 2022,
survey conducted with utilities in angola,non_spatial,no place,—,maybe — needs the survey's own geography,1,1,False,household or phone survey,"{""non_spatial"": 1}",survey conducted with utilities in Angola,
survey data collection,unclear,place not stated,—,maybe — needs the survey's own geography,1,1,False,household or phone survey,"{""unclear"": 1}",Survey data collection,
survey data files,unclear,place not stated,—,maybe — needs the survey's own geography,1,1,False,household or phone survey,"{""unclear"": 1}",survey data files,
survey evidence,unclear,place not stated,—,maybe — needs the survey's own geography,1,1,False,household or phone survey,"{""unclear"": 1}",survey evidence,
survey in april-may,unclear,place not stated,—,maybe — needs the survey's own geography,1,1,False,household or phone survey,"{""unclear"": 1}",survey in April-May 2020,
survey in sti activities,unclear,place not stated,—,maybe — needs the survey's own geography,1,1,False,household or phone survey,"{""unclear"": 1}",Survey in STI activities,
survey of 1 190 enterprises,non_spatial,no place,—,maybe — needs the survey's own geography,1,1,False,household or phone survey,"{""non_spatial"": 1}","survey of 1,190 enterprises",
survey of 10 medium and small city uwps,admin_linked,named area,country only,maybe — needs the survey's own geography,1,1,False,household or phone survey,"{""admin_linked"": 1}",survey of 10 medium and small city UWPs,
survey of 136 wuas,point_geocoded,exact point,point,yes — coordinates or a layer exists,1,1,False,household or phone survey,"{""point_geocoded"": 1}",survey of 136 WUAs,
survey of 250 formal and informal msmes,non_spatial,no place,—,maybe — needs the survey's own geography,1,1,False,household or phone survey,"{""non_spatial"": 1}",2023 survey of 250 formal and informal MSMEs,
survey of 44 economic empowerment studies,non_spatial,no place,—,maybe — needs the survey's own geography,1,1,False,household or phone survey,"{""non_spatial"": 1}",survey of 44 economic empowerment studies,
survey of a representative sample of benefeciary firms,unclear,place not stated,—,maybe — needs the survey's own geography,1,1,False,household or phone survey,"{""unclear"": 1}",Survey of a representative sample of benefeciary firms,
survey of agro-logistical,unclear,place not stated,—,maybe — needs the survey's own geography,1,1,False,household or phone survey,"{""unclear"": 1}",Survey of agro-logistical,
survey of all recipients,unclear,place not stated,—,maybe — needs the survey's own geography,1,1,False,household or phone survey,"{""unclear"": 1}",survey of all recipients,
survey of customers degree of satisfaction,unclear,place not stated,—,maybe — needs the survey's own geography,1,1,False,household or phone survey,"{""unclear"": 1}",Survey of customers' degree of satisfaction,
survey of eco-innovation challenge grant and award recipients,unclear,place not stated,—,maybe — needs the survey's own geography,1,1,False,household or phone survey,"{""unclear"": 1}",survey of the Eco-Innovation Challenge grant and award recipients,
survey of employees employers and unemployed citizens,unclear,place not stated,—,maybe — needs the survey's own geography,1,1,False,household or phone survey,"{""unclear"": 1}","survey of employees, employers, and unemployed citizens",
survey of employers,unclear,place not stated,—,maybe — needs the survey's own geography,1,1,False,household or phone survey,"{""unclear"": 1}",survey of employers,
survey of employment and informal sector,unclear,place not stated,—,maybe — needs the survey's own geography,1,1,False,household or phone survey,"{""unclear"": 1}",Survey of Employment and the Informal Sector,
survey of frontline service delivery units,admin_linked,named area,country only,maybe — needs the survey's own geography,1,1,False,"household or phone survey, monitoring / tracking system","{""admin_linked"": 1}",survey of frontline service delivery units,
survey of households,admin_linked,named area,country only,maybe — needs the survey's own geography,1,1,False,household or phone survey,"{""admin_linked"": 1}",survey of households,
survey of industrial production,unclear,place not stated,—,maybe — needs the survey's own geography,1,1,False,household or phone survey,"{""unclear"": 1}",Annual Survey of Industrial Production,
survey of industries,unclear,place not stated,—,maybe — needs the survey's own geography,1,1,False,"household or phone survey, official statistics series","{""unclear"": 1}",annual survey of industries,
survey of international and national ngos,unclear,place not stated,—,maybe — needs the survey's own geography,1,1,False,household or phone survey,"{""unclear"": 1}",survey of international and national NGOs,
survey of living,unclear,place not stated,—,maybe — needs the survey's own geography,1,1,False,household or phone survey,"{""unclear"": 1}",Survey of Living,
survey of living conditions,unclear,place not stated,—,no — aggregate,1,1,False,household or phone survey,"{""unclear"": 1}",Survey of Living Conditions,
survey of living standards,admin_linked,named area,country only,maybe — needs the survey's own geography,1,1,False,household or phone survey,"{""admin_linked"": 1}",Survey of Living Standards,
survey of macroeconomic expectations,non_spatial,no place,—,maybe — needs the survey's own geography,1,1,False,"household or phone survey, official statistics series, facility / asset / infrastructure records","{""non_spatial"": 1}",Survey of Macroeconomic Expectations,
survey of micro and small enterprises,admin_linked,named area,country only,maybe — needs the survey's own geography,1,1,False,household or phone survey,"{""admin_linked"": 1}",survey of micro and small enterprises,
survey of micro small and medium enterprises,unclear,place not stated,—,maybe — needs the survey's own geography,1,1,False,household or phone survey,"{""unclear"": 1}","survey of Micro, Small and Medium Enterprises",
survey of schools,admin_linked,named area,point,maybe — needs the survey's own geography,1,1,False,"household or phone survey, facility / asset / infrastructure records","{""admin_linked"": 1}",Survey of schools,
survey of scientific equipment in research centers,unclear,place not stated,—,maybe — needs the survey's own geography,1,1,False,household or phone survey,"{""unclear"": 1}",Survey of scientific equipment in research centers,
survey of service providers,unclear,place not stated,—,maybe — needs the survey's own geography,1,1,False,household or phone survey,"{""unclear"": 1}",survey of service providers,
survey of stakeholders,unclear,place not stated,—,maybe — needs the survey's own geography,1,1,False,household or phone survey,"{""unclear"": 1}",Survey of stakeholders,
survey of students,unclear,place not stated,—,maybe — needs the survey's own geography,1,1,False,household or phone survey,"{""unclear"": 1}",survey of students,
survey of training providers attendance records,unclear,place not stated,—,maybe — needs the survey's own geography,1,1,False,household or phone survey,"{""unclear"": 1}","Survey of training providers, attendance records",
survey of transport costs,admin_linked,named area,urban / rural split,maybe — needs the survey's own geography,1,1,False,household or phone survey,"{""admin_linked"": 1}",survey of transport costs,
survey of uwps,admin_linked,named area,country only,maybe — needs the survey's own geography,1,1,False,"household or phone survey, official statistics series","{""admin_linked"": 1}",2018 survey of UWPs,
survey of well-being,admin_linked,named area,point,maybe — needs the survey's own geography,1,1,False,household or phone survey,"{""admin_linked"": 1}",Survey of Well-being,
survey of willingness-to-pay,unclear,place not stated,—,maybe — needs the survey's own geography,1,1,False,household or phone survey,"{""unclear"": 1}",survey of willingness-to-pay,
survey on access to finance of enterprises,unclear,place not stated,—,maybe — needs the survey's own geography,1,1,False,household or phone survey,"{""unclear"": 1}",Survey on Access to Finance of Enterprises,
survey on beneficiary perceptions,unclear,place not stated,—,maybe — needs the survey's own geography,1,1,False,household or phone survey,"{""unclear"": 1}",baseline survey on beneficiary perceptions,
survey on gbv in car,unclear,place not stated,—,maybe — needs the survey's own geography,1,1,False,household or phone survey,"{""unclear"": 1}",2014 Survey on GBV in CAR,
survey on idp in ethiopia,admin_linked,named area,country only,maybe — needs the survey's own geography,1,1,False,household or phone survey,"{""admin_linked"": 1}",survey on IDP in Ethiopia,
survey on immigrant population needs,unclear,place not stated,—,maybe — needs the survey's own geography,1,1,False,household or phone survey,"{""unclear"": 1}",survey on immigrant population needs,
survey on labor and employment for,non_spatial,no place,—,maybe — needs the survey's own geography,1,1,False,household or phone survey,"{""non_spatial"": 1}",Annual Survey on Labor and Employment for 2018,
survey on use of information and communication technology,unclear,place not stated,—,maybe — needs the survey's own geography,1,1,False,household or phone survey,"{""unclear"": 1}",Survey on Use of Information and Communication Technology,
survey results released in july,non_spatial,no place,—,maybe — needs the survey's own geography,1,1,False,household or phone survey,"{""non_spatial"": 1}",survey results released in July 2020,
survey-based labor market,unclear,place not stated,—,maybe — needs the survey's own geography,1,1,False,"household or phone survey, official statistics series, facility / asset / infrastructure records","{""unclear"": 1}",Survey-based labor market data,
surveys - youth,unclear,place not stated,—,maybe — needs the survey's own geography,1,1,False,"household or phone survey, monitoring / tracking system","{""unclear"": 1}",surveys - youth,
surveys across afe countries,non_spatial,no place,—,maybe — needs the survey's own geography,1,1,False,household or phone survey,"{""non_spatial"": 1}",surveys across AFE countries,
surveys and feedback forms,unclear,place not stated,—,maybe — needs the survey's own geography,1,1,False,household or phone survey,"{""unclear"": 1}",Surveys and feedback forms,
surveys by workstream,unclear,place not stated,—,maybe — needs the survey's own geography,1,1,False,"household or phone survey, monitoring / tracking system","{""unclear"": 1}",annual surveys by workstream,
surveys carried out by psi,unclear,place not stated,—,maybe — needs the survey's own geography,1,1,False,household or phone survey,"{""unclear"": 1}",Surveys carried out by PSI,
surveys conducted among government ministries and agencies,non_spatial,no place,—,maybe — needs the survey's own geography,1,1,False,household or phone survey,"{""non_spatial"": 1}",surveys conducted among government ministries and agencies,
surveys in guinea-bissau,unclear,place not stated,—,maybe — needs the survey's own geography,1,1,False,"household or phone survey, official statistics series, facility / asset / infrastructure records","{""unclear"": 1}",Surveys in Guinea-Bissau,
surveys of earnings-empowerment nexus,non_spatial,no place,—,maybe — needs the survey's own geography,1,1,False,household or phone survey,"{""non_spatial"": 1}",surveys of the earnings-empowerment nexus,
surveys of men and women residents,unclear,place not stated,—,maybe — needs the survey's own geography,1,1,False,household or phone survey,"{""unclear"": 1}",Surveys of men and women residents,
surveys of r&d and technology adoption,unclear,place not stated,—,maybe — needs the survey's own geography,1,1,False,household or phone survey,"{""unclear"": 1}",Surveys of R&D and technology adoption,
surveys of school readiness and early literacy,unclear,place not stated,—,maybe — needs the survey's own geography,1,1,False,"household or phone survey, facility / asset / infrastructure records","{""unclear"": 1}",surveys of school readiness and early literacy,
surveys of training providers,unclear,place not stated,—,maybe — needs the survey's own geography,1,1,False,household or phone survey,"{""unclear"": 1}",surveys of training providers,
surveys on free zone companies and military bases,admin_linked,named area,province / region / state,maybe — needs the survey's own geography,1,1,False,"household or phone survey, official statistics series","{""admin_linked"": 1}",surveys on free zone companies and military bases,
surveys to be undertaken by local ngos,unclear,place not stated,—,maybe — needs the survey's own geography,1,1,False,household or phone survey,"{""unclear"": 1}",surveys to be undertaken by local NGOs,
surveys to monitor customer satisfaction,unclear,place not stated,—,maybe — needs the survey's own geography,1,1,False,household or phone survey,"{""unclear"": 1}",surveys to monitor customer satisfaction,
surveys to support monitoring of essential health services,unclear,place not stated,—,maybe — needs the survey's own geography,1,1,False,"household or phone survey, monitoring / tracking system","{""unclear"": 1}",surveys to support the monitoring of essential health services,
surveys tracking project implementation,unclear,place not stated,—,maybe — needs the survey's own geography,1,1,False,"household or phone survey, monitoring / tracking system","{""unclear"": 1}",surveys tracking project implementation,
surveys with beneficiaries,unclear,place not stated,—,maybe — needs the survey's own geography,1,1,False,household or phone survey,"{""unclear"": 1}",surveys with beneficiaries,
susenas,admin_linked,named area,point,maybe — needs the survey's own geography,1,1,False,household or phone survey,"{""admin_linked"": 1}",Susenas,
susenas survey,unclear,place not stated,—,maybe — needs the survey's own geography,1,1,False,household or phone survey,"{""unclear"": 1}",2021 Susenas survey,
sustainable aggregate study,admin_linked,named area,country only,maybe — needs the survey's own geography,1,1,False,"named source, family not stated","{""admin_linked"": 1}",Sustainable Aggregate study,
sustainable system for national green house gases (ghg) inventor,unclear,place not stated,—,maybe — needs the survey's own geography,1,1,False,"named source, family not stated","{""unclear"": 1}",Sustainable System for National Green House Gases (GHG) Inventories,
svg education statistical digest,non_spatial,no place,—,unknown,1,1,False,official statistics series,"{""non_spatial"": 1}",SVG Education Statistical Digest 2019,
svg health facility survey,admin_linked,named area,point,maybe — needs the survey's own geography,1,1,False,"household or phone survey, facility / asset / infrastructure records","{""admin_linked"": 1}",SVG Health Facility Survey,
svs,admin_linked,named area,country only,maybe — needs the survey's own geography,1,1,False,registry / administrative database,"{""admin_linked"": 1}",SVS,
swedd project,admin_linked,named area,country only,maybe — needs the survey's own geography,1,1,False,"named source, family not stated","{""admin_linked"": 1}",SWEDD Project,
swift data diagnostic,admin_linked,named area,not stated,maybe — needs the survey's own geography,1,1,False,household or phone survey,"{""admin_linked"": 1}",SWIFT data diagnostic,
swift survey,non_spatial,no place,—,maybe — needs the survey's own geography,1,1,False,household or phone survey,"{""non_spatial"": 1}",SWIFT survey,
synoptic observation,point_geocoded,exact point,point,yes — coordinates or a layer exists,1,1,False,satellite / raster / index,"{""point_geocoded"": 1}",Synoptic observation data,
system administrative records,unclear,place not stated,—,maybe — needs the survey's own geography,1,1,False,"named source, family not stated","{""unclear"": 1}",System administrative records,
system availability,unclear,place not stated,—,maybe — needs the survey's own geography,1,1,False,"named source, family not stated","{""unclear"": 1}",system availability data,
system logs,unclear,place not stated,—,maybe — needs the survey's own geography,1,1,False,"named source, family not stated","{""unclear"": 1}",System logs,
system operation,non_spatial,no place,—,maybe — needs the survey's own geography,1,1,False,"named source, family not stated","{""non_spatial"": 1}",System operation data,
systematic country diagnostic for cameroon,admin_linked,named area,province / region / state,maybe — needs the survey's own geography,1,1,False,"named source, family not stated","{""admin_linked"": 1}",Systematic Country Diagnostic for Cameroon,
systematic data on business activities,non_spatial,no place,—,maybe — needs the survey's own geography,1,1,False,"named source, family not stated","{""non_spatial"": 1}",systematic data on business activities,
t rkiye economic monitors,non_spatial,no place,—,no — aggregate,1,1,False,official statistics series,"{""non_spatial"": 1}",Türkiye Economic Monitors,
t rkiye gender assessment,non_spatial,no place,—,unknown,1,1,False,"named source, family not stated","{""non_spatial"": 1}",Türkiye Gender Assessment,
tabnet system,admin_linked,named area,country only,maybe — needs the survey's own geography,1,1,False,"named source, family not stated","{""admin_linked"": 1}",Tabnet system,
tailored surveys on taxes and selected public e-services,unclear,place not stated,—,maybe — needs the survey's own geography,1,1,False,household or phone survey,"{""unclear"": 1}",tailored surveys on taxes and selected public e-services,
tajikistan school-level,admin_linked,named area,point,maybe — needs the survey's own geography,1,1,False,facility / asset / infrastructure records,"{""admin_linked"": 1}",Tajikistan school-level data,
takaful mis,unclear,place not stated,—,maybe — needs the survey's own geography,1,1,False,"named source, family not stated","{""unclear"": 1}",Takaful MIS,
tamsat,admin_linked,named area,district / sub-county,yes — coordinates or a layer exists,1,1,False,mapped layer / geospatial product,"{""admin_linked"": 1}",TAMSAT,
tanzania demographic and health survey and malaria indicator sur,unclear,place not stated,—,maybe — needs the survey's own geography,1,1,False,household or phone survey,"{""unclear"": 1}",Tanzania Demographic and Health Survey and Malaria Indicator Survey,
tanzania diesel prices,non_spatial,no place,—,unknown,1,1,False,official statistics series,"{""non_spatial"": 1}",Tanzania Diesel Prices,
tanzania integrated labour force survey,unclear,place not stated,—,maybe — needs the survey's own geography,1,1,False,"household or phone survey, official statistics series","{""unclear"": 1}",Tanzania Integrated Labour Force Survey 2020/21,
tanzania poverty assessment mainland,non_spatial,no place,—,unknown,1,1,False,"named source, family not stated","{""non_spatial"": 1}",Tanzania Poverty Assessment Mainland 2019,
tanzanian national census,non_spatial,no place,—,maybe — needs the survey's own geography,1,1,False,household or phone survey,"{""non_spatial"": 1}",Tanzanian National Census,
targeted surveys,unclear,place not stated,—,maybe — needs the survey's own geography,1,1,False,household or phone survey,"{""unclear"": 1}",Targeted surveys,
targeted youth surveys,unclear,place not stated,—,maybe — needs the survey's own geography,1,1,False,household or phone survey,"{""unclear"": 1}",targeted youth surveys,
tasaf registry,admin_linked,named area,country only,maybe — needs the survey's own geography,1,1,False,"household or phone survey, registry / administrative database","{""admin_linked"": 1}",TASAF registry,
tax administration registers,unclear,place not stated,—,unknown,1,1,False,"named source, family not stated","{""unclear"": 1}",tax administration registers,
tax records,unclear,place not stated,—,maybe — needs the survey's own geography,1,1,False,registry / administrative database,"{""unclear"": 1}",Tax records database,
taxpayer feedback survey,unclear,place not stated,—,maybe — needs the survey's own geography,1,1,False,household or phone survey,"{""unclear"": 1}",taxpayer feedback survey,
tb prevention treatment register,admin_linked,named area,not stated,unknown,1,1,False,facility / asset / infrastructure records,"{""admin_linked"": 1}",TB Prevention Treatment Register,
tde customer,non_spatial,no place,—,maybe — needs the survey's own geography,1,1,False,"named source, family not stated","{""non_spatial"": 1}",TdE customer data,
tde operational dashboards,unclear,place not stated,—,maybe — needs the survey's own geography,1,1,False,"household or phone survey, registry / administrative database, monitoring / tracking system","{""unclear"": 1}",TdE operational dashboards,
teach observations,admin_linked,named area,point,maybe — needs the survey's own geography,1,1,False,facility / asset / infrastructure records,"{""admin_linked"": 1}",TEACH observations,
teacher assessments and evaluations,unclear,place not stated,—,unknown,1,1,False,"named source, family not stated","{""unclear"": 1}",Teacher assessments and evaluations,
teacher census,admin_linked,named area,country only,maybe — needs the survey's own geography,1,1,False,"household or phone survey, registry / administrative database","{""admin_linked"": 1}",teacher census,
teacher hr,admin_linked,named area,country only,maybe — needs the survey's own geography,1,1,False,registry / administrative database,"{""admin_linked"": 1}",teacher HR database,
teacher management information system,admin_linked,named area,country only,maybe — needs the survey's own geography,1,1,False,"named source, family not stated","{""admin_linked"": 1}",Teacher Management Information System,
teacher satisfaction surveys,admin_linked,named area,country only,maybe — needs the survey's own geography,1,1,False,household or phone survey,"{""admin_linked"": 1}",teacher satisfaction surveys,
tech adoption survey,unclear,place not stated,—,maybe — needs the survey's own geography,1,1,False,household or phone survey,"{""unclear"": 1}",tech adoption survey,
telegeography,admin_linked,named area,country only,maybe — needs the survey's own geography,1,1,False,"named source, family not stated","{""admin_linked"": 1}",TeleGeography,
telephonic neet survey,unclear,place not stated,—,maybe — needs the survey's own geography,1,1,False,household or phone survey,"{""unclear"": 1}",Telephonic NEET Survey,
tenwir,unclear,place not stated,—,maybe — needs the survey's own geography,1,1,False,registry / administrative database,"{""unclear"": 1}",Tenwir Database,
test records and other reports,unclear,place not stated,—,maybe — needs the survey's own geography,1,1,False,"named source, family not stated","{""unclear"": 1}",Test records and other reports,
test reports by specialized firms,unclear,place not stated,—,unknown,1,1,False,registry / administrative database,"{""unclear"": 1}",Test reports by specialized firms,
testing statistics by country,unclear,place not stated,—,unknown,1,1,False,official statistics series,"{""unclear"": 1}",Testing statistics by country,
thematic agricultural surveys,unclear,place not stated,—,maybe — needs the survey's own geography,1,1,False,household or phone survey,"{""unclear"": 1}",thematic agricultural surveys,
third comparative and explanatory regional study,non_spatial,no place,—,unknown,1,1,False,"named source, family not stated","{""non_spatial"": 1}",Third Comparative and Explanatory Regional Study,
third-party monitoring survey,unclear,place not stated,—,maybe — needs the survey's own geography,1,1,False,"household or phone survey, monitoring / tracking system","{""unclear"": 1}",Third-Party monitoring Survey,
third-party verification reports,non_spatial,no place,—,maybe — needs the survey's own geography,1,1,False,registry / administrative database,"{""non_spatial"": 1}",third-party verification reports,
time use survey and informal sector survey,unclear,place not stated,—,maybe — needs the survey's own geography,1,1,False,household or phone survey,"{""unclear"": 1}",time use survey and informal sector survey,
tkyb administrative,non_spatial,no place,—,maybe — needs the survey's own geography,1,1,False,registry / administrative database,"{""non_spatial"": 1}",TKYB administrative data,
tme-series,unclear,place not stated,—,unknown,1,1,False,"named source, family not stated","{""unclear"": 1}",tme-series data,
tonga labour force survey,unclear,place not stated,—,maybe — needs the survey's own geography,1,1,False,"household or phone survey, official statistics series","{""unclear"": 1}",2018 Tonga Labour Force Survey,
tonga multiple indicator cluster survey,non_spatial,no place,—,maybe — needs the survey's own geography,1,1,False,household or phone survey,"{""non_spatial"": 1}",Tonga 2019 Multiple Indicator Cluster Survey,
tonga ncd risk factors survey,admin_linked,named area,country only,maybe — needs the survey's own geography,1,1,False,household or phone survey,"{""admin_linked"": 1}",2017 Tonga NCD Risk Factors Survey,
tongan surveys,unclear,place not stated,—,maybe — needs the survey's own geography,1,1,False,"household or phone survey, facility / asset / infrastructure records","{""unclear"": 1}",Tongan surveys,
topography map and land,admin_linked,named area,not stated,yes — coordinates or a layer exists,1,1,False,mapped layer / geospatial product,"{""admin_linked"": 1}",topography map and land data,
total world vehicles in use by,non_spatial,no place,—,unknown,1,1,False,"named source, family not stated","{""non_spatial"": 1}",Total World vehicles in use by 2020,
tourism,unclear,place not stated,—,maybe — needs the survey's own geography,1,1,False,monitoring / tracking system,"{""unclear"": 1}",tourism data,
tourism arrivals,non_spatial,no place,—,unknown,1,1,False,"named source, family not stated","{""non_spatial"": 1}",Tourism arrivals,
tourism statistical digest,admin_linked,named area,country only,maybe — needs the survey's own geography,1,1,False,official statistics series,"{""admin_linked"": 1}",2021 Tourism Statistical Digest,
tourism statistics dashboard,admin_linked,named area,country only,maybe — needs the survey's own geography,1,1,False,"official statistics series, monitoring / tracking system","{""admin_linked"": 1}",Tourism Statistics Dashboard,
tpm report,admin_linked,named area,country only,maybe — needs the survey's own geography,1,1,False,"named source, family not stated","{""admin_linked"": 1}",TPM Report,
tpma reports,unclear,place not stated,—,maybe — needs the survey's own geography,1,1,False,registry / administrative database,"{""unclear"": 1}",TPMA reports,
tracer studies,unclear,place not stated,—,unknown,1,1,False,"named source, family not stated","{""unclear"": 1}",tracer studies,
tracer study for beneficiaries of supported employment services,unclear,place not stated,—,maybe — needs the survey's own geography,1,1,False,household or phone survey,"{""unclear"": 1}",tracer study for beneficiaries of supported employment services,
tracer study survey,unclear,place not stated,—,maybe — needs the survey's own geography,1,1,False,household or phone survey,"{""unclear"": 1}",Tracer study survey,
tracking survey for teachers,admin_linked,named area,country only,maybe — needs the survey's own geography,1,1,False,"household or phone survey, monitoring / tracking system","{""admin_linked"": 1}",Annual Tracking Survey for Teachers,
trade sector databases,non_spatial,no place,—,no — aggregate,1,1,False,"household or phone survey, registry / administrative database","{""non_spatial"": 1}",Trade sector databases,
trading across borders,non_spatial,no place,—,unknown,1,1,False,"named source, family not stated","{""non_spatial"": 1}",Trading Across Borders data,
traffic accident statistics,unclear,place not stated,—,unknown,1,1,False,official statistics series,"{""unclear"": 1}",Traffic Accident Statistics,
traffic count report,admin_linked,named area,country only,maybe — needs the survey's own geography,1,1,False,facility / asset / infrastructure records,"{""admin_linked"": 1}",traffic count report,
traffic counters,point_geocoded,exact point,point,yes — coordinates or a layer exists,1,1,False,facility / asset / infrastructure records,"{""point_geocoded"": 1}",traffic counters,
traffic crash,admin_linked,named area,country only,maybe — needs the survey's own geography,1,1,False,registry / administrative database,"{""admin_linked"": 1}",traffic crash data,
traffic data from sample roads,point_geocoded,exact point,point,yes — coordinates or a layer exists,1,1,False,facility / asset / infrastructure records,"{""point_geocoded"": 1}",traffic data from sample roads,
traffic measurements on s5 international road,point_geocoded,exact point,not stated,unknown,1,1,False,facility / asset / infrastructure records,"{""point_geocoded"": 1}",traffic measurements on the S5 international road,
traffic monitoring systems,point_geocoded,exact point,point,yes — coordinates or a layer exists,1,1,False,"household or phone survey, monitoring / tracking system","{""point_geocoded"": 1}",traffic monitoring systems,
traffic police reports,admin_linked,named area,country only,maybe — needs the survey's own geography,1,1,False,"named source, family not stated","{""admin_linked"": 1}",traffic police reports,
training and certification records,unclear,place not stated,—,maybe — needs the survey's own geography,1,1,False,"named source, family not stated","{""unclear"": 1}",training and certification records,
training attendance records and administrative,admin_linked,named area,point,maybe — needs the survey's own geography,1,1,False,"registry / administrative database, facility / asset / infrastructure records","{""admin_linked"": 1}",Training attendance records and administrative data,
training attendance records of tesda,admin_linked,named area,not stated,maybe — needs the survey's own geography,1,1,False,facility / asset / infrastructure records,"{""admin_linked"": 1}",Training attendance records of TESDA,
training attendance sheets,non_spatial,no place,—,unknown,1,1,False,"named source, family not stated","{""non_spatial"": 1}",Training attendance sheets,
training completion records,unclear,place not stated,—,maybe — needs the survey's own geography,1,1,False,"named source, family not stated","{""unclear"": 1}",Training completion records,
training completion reports,unclear,place not stated,—,unknown,1,1,False,"named source, family not stated","{""unclear"": 1}",Training completion reports,
training delivery records,unclear,place not stated,—,maybe — needs the survey's own geography,1,1,False,"named source, family not stated","{""unclear"": 1}",training delivery records,
training institution administrative records,unclear,place not stated,—,maybe — needs the survey's own geography,1,1,False,"named source, family not stated","{""unclear"": 1}",Training institution administrative records,
training logs,unclear,place not stated,—,unknown,1,1,False,"named source, family not stated","{""unclear"": 1}",training logs,
training needs assessment,non_spatial,no place,—,unknown,1,1,False,"named source, family not stated","{""non_spatial"": 1}",training needs assessment,
training participant surveys,unclear,place not stated,—,maybe — needs the survey's own geography,1,1,False,household or phone survey,"{""unclear"": 1}",training participant surveys,
training program records,admin_linked,named area,not stated,maybe — needs the survey's own geography,1,1,False,facility / asset / infrastructure records,"{""admin_linked"": 1}",training program records,
training provider report,unclear,place not stated,—,unknown,1,1,False,"named source, family not stated","{""unclear"": 1}",training provider report,
training register maintained by mps,non_spatial,no place,—,unknown,1,1,False,"named source, family not stated","{""non_spatial"": 1}",Training register maintained by MPS,
training report and attendance sheets,unclear,place not stated,—,maybe — needs the survey's own geography,1,1,False,household or phone survey,"{""unclear"": 1}",Training report and attendance sheets,
training reports,non_spatial,no place,—,maybe — needs the survey's own geography,1,1,False,monitoring / tracking system,"{""non_spatial"": 1}",Training reports,
transparency corruption perception index,non_spatial,no place,—,no — aggregate,1,1,False,"named source, family not stated","{""non_spatial"": 1}",transparency corruption perception index,
transparency international corruption perceptions index,non_spatial,no place,—,no — aggregate,1,1,False,"named source, family not stated","{""non_spatial"": 1}",Transparency International corruption perceptions index,
transparency international report,non_spatial,no place,—,unknown,1,1,False,"named source, family not stated","{""non_spatial"": 1}",2020 Transparency International Report,
transport,admin_linked,named area,not stated,unknown,1,1,False,"named source, family not stated","{""admin_linked"": 1}",transport data,
transport infrastructure asset inventory system,admin_linked,named area,country only,maybe — needs the survey's own geography,1,1,False,"named source, family not stated","{""admin_linked"": 1}",transport infrastructure asset inventory system,
transport super-network,admin_linked,named area,district / sub-county,unknown,1,1,False,"named source, family not stated","{""admin_linked"": 1}",transport super-network,
transportation,point_geocoded,exact point,point,yes — coordinates or a layer exists,1,1,False,"official statistics series, facility / asset / infrastructure records","{""point_geocoded"": 1}",transportation data,
transportation data layer,admin_linked,named area,not stated,unknown,1,1,False,mapped layer / geospatial product,"{""admin_linked"": 1}",transportation data layer,
travel and tourism development index,non_spatial,no place,—,no — aggregate,1,1,False,"named source, family not stated","{""non_spatial"": 1}",Travel and Tourism Development Index,
travel speeds on intervention corridors,point_geocoded,exact point,point,yes — coordinates or a layer exists,1,1,False,"named source, family not stated","{""point_geocoded"": 1}",Travel speeds on the Phase 1 intervention corridors,
travel speeds on mpa intervention corridors,point_geocoded,exact point,point,yes — coordinates or a layer exists,1,1,False,"named source, family not stated","{""point_geocoded"": 1}",Travel speeds on the MPA intervention corridors,
trc livelihood survey,admin_linked,named area,country only,maybe — needs the survey's own geography,1,1,False,household or phone survey,"{""admin_linked"": 1}",TRC Livelihood Survey 2018,
treatment plant inflow records,point_geocoded,exact point,point,yes — coordinates or a layer exists,1,1,False,registry / administrative database,"{""point_geocoded"": 1}",treatment plant inflow records,
trends in international mathematics and science study,non_spatial,no place,—,unknown,1,1,False,"named source, family not stated","{""non_spatial"": 1}",Trends in International Mathematics and Science Study,
trss conducted in each ppic,admin_linked,named area,country only,maybe — needs the survey's own geography,1,1,False,"named source, family not stated","{""admin_linked"": 1}",TRSs conducted in each PPIC,
tsa,unclear,place not stated,—,maybe — needs the survey's own geography,1,1,False,registry / administrative database,"{""unclear"": 1}",TSA database,
tsa data base,unclear,place not stated,—,unknown,1,1,False,"named source, family not stated","{""unclear"": 1}",TSA data base,
tuberculosis integrated information system,unclear,place not stated,—,maybe — needs the survey's own geography,1,1,False,"named source, family not stated","{""unclear"": 1}",Tuberculosis Integrated Information System,
tuegra assessments,unclear,place not stated,—,unknown,1,1,False,"named source, family not stated","{""unclear"": 1}",TuEGRA annual assessments,
tuehci assessment,unclear,place not stated,—,unknown,1,1,False,"named source, family not stated","{""unclear"": 1}",TuEHCI assessment,
tuehci census,non_spatial,no place,—,maybe — needs the survey's own geography,1,1,False,household or phone survey,"{""non_spatial"": 1}",2016 TuEHCI census,
tuna-related employment data for tuvalu,admin_linked,named area,country only,maybe — needs the survey's own geography,1,1,False,"named source, family not stated","{""admin_linked"": 1}",tuna-related employment data for Tuvalu,
tunisia smes barometer,non_spatial,no place,—,maybe — needs the survey's own geography,1,1,False,household or phone survey,"{""non_spatial"": 1}",2021 Tunisia SMEs barometer,
tunisia world bank enterprise surveys,unclear,place not stated,—,maybe — needs the survey's own geography,1,1,False,household or phone survey,"{""unclear"": 1}",2020 Tunisia World Bank Enterprise Surveys,
turkey country gender assessment,non_spatial,no place,—,unknown,1,1,False,"named source, family not stated","{""non_spatial"": 1}",Turkey – Country Gender Assessment 2017,
turkey emergency covid-19 health project,non_spatial,no place,—,unknown,1,1,False,"named source, family not stated","{""non_spatial"": 1}",Turkey Emergency COVID-19 Health Project,
turkish bank association,non_spatial,no place,—,unknown,1,1,False,"named source, family not stated","{""non_spatial"": 1}",Turkish Bank Association data,
turkish enterprise information system,unclear,place not stated,—,maybe — needs the survey's own geography,1,1,False,"named source, family not stated","{""unclear"": 1}",Turkish Enterprise Information System,
turkstat household labor force survey,non_spatial,no place,—,maybe — needs the survey's own geography,1,1,False,"household or phone survey, official statistics series, facility / asset / infrastructure records","{""non_spatial"": 1}",Turkstat Household Labor Force Survey,
turkstat municipal wastewater statistics,non_spatial,no place,—,unknown,1,1,False,official statistics series,"{""non_spatial"": 1}",TURKSTAT Municipal Wastewater Statistics,
turkstat water and wastewater statistics,unclear,place not stated,—,unknown,1,1,False,"official statistics series, monitoring / tracking system","{""unclear"": 1}",TURKSTAT Water and Wastewater Statistics,
turkstat youth in labor market,non_spatial,no place,—,no — aggregate,1,1,False,"official statistics series, facility / asset / infrastructure records","{""non_spatial"": 1}",Turkstat Youth in Labor Market,
tuvalu mics,unclear,place not stated,—,maybe — needs the survey's own geography,1,1,False,household or phone survey,"{""unclear"": 1}",Tuvalu MICS,
tuvalu multiple indicator cluster survey,unclear,place not stated,—,maybe — needs the survey's own geography,1,1,False,household or phone survey,"{""unclear"": 1}",Tuvalu Multiple Indicator Cluster Survey,
tvet,non_spatial,no place,—,maybe — needs the survey's own geography,1,1,False,registry / administrative database,"{""non_spatial"": 1}",TVET database,
tvet centers registry,unclear,place not stated,—,maybe — needs the survey's own geography,1,1,False,registry / administrative database,"{""unclear"": 1}",TVET centers registry,
tvet monitoring and information system,unclear,place not stated,—,maybe — needs the survey's own geography,1,1,False,"official statistics series, monitoring / tracking system","{""unclear"": 1}",TVET Monitoring and Information System,
tvet statistics,point_geocoded,exact point,point,yes — coordinates or a layer exists,1,1,False,official statistics series,"{""point_geocoded"": 1}",TVET Statistics,
tvet surveys,admin_linked,named area,country only,maybe — needs the survey's own geography,1,1,False,household or phone survey,"{""admin_linked"": 1}",TVET surveys,
u s national sanitation foundation quality index,point_geocoded,exact point,point,yes — coordinates or a layer exists,1,1,False,"named source, family not stated","{""point_geocoded"": 1}",U.S. National Sanitation Foundation Quality Index,
uap,non_spatial,no place,—,unknown,1,1,False,"named source, family not stated","{""non_spatial"": 1}",UAP,
ubicaci n de hogares,point_geocoded,exact point,point,yes — coordinates or a layer exists,1,1,False,"named source, family not stated","{""point_geocoded"": 1}",ubicación de hogares,
ubos labour force surveys,unclear,place not stated,—,maybe — needs the survey's own geography,1,1,False,"household or phone survey, official statistics series","{""unclear"": 1}",UBOS Labour Force Surveys,
uc-level,admin_linked,named area,country only,maybe — needs the survey's own geography,1,1,False,registry / administrative database,"{""admin_linked"": 1}",UC-level database,
uganda demographic and health survey,non_spatial,no place,—,maybe — needs the survey's own geography,1,1,False,"household or phone survey, official statistics series","{""non_spatial"": 1}",Uganda Demographic and Health Survey 2016,
uganda enterprise survey,non_spatial,no place,—,maybe — needs the survey's own geography,1,1,False,household or phone survey,"{""non_spatial"": 1}",Uganda Enterprise Survey,
uganda labour force survey,unclear,place not stated,—,maybe — needs the survey's own geography,1,1,False,"household or phone survey, official statistics series, facility / asset / infrastructure records","{""unclear"": 1}",Uganda Labour Force Survey,
uganda national household survey,admin_linked,named area,country only,maybe — needs the survey's own geography,1,1,False,household or phone survey,"{""admin_linked"": 1}",Uganda National Household Survey,
uganda refugee protection assessment update,admin_linked,named area,country only,maybe — needs the survey's own geography,1,1,False,"named source, family not stated","{""admin_linked"": 1}",Uganda Refugee Protection Assessment Update,
uhia,admin_linked,named area,district / sub-county,maybe — needs the survey's own geography,1,1,False,"named source, family not stated","{""admin_linked"": 1}",UHIA data,
uis,non_spatial,no place,—,maybe — needs the survey's own geography,1,1,False,registry / administrative database,"{""non_spatial"": 1}",UIS database,
ukraine internal displacement report,admin_linked,named area,country only,maybe — needs the survey's own geography,1,1,False,"named source, family not stated","{""admin_linked"": 1}",Ukraine Internal Displacement Report,
un comtrade,non_spatial,no place,—,no — aggregate,1,1,False,"named source, family not stated","{""non_spatial"": 1}",UN ComTrade data,
un e-government development index,non_spatial,no place,—,no — aggregate,1,1,False,"named source, family not stated","{""non_spatial"": 1}",2020 UN E-Government Development Index,
un egovernment index survey report,non_spatial,no place,—,no — aggregate,1,1,False,household or phone survey,"{""non_spatial"": 1}",2020 UN EGovernment Index Survey Report,
un human development index,non_spatial,no place,—,no — aggregate,1,1,False,"named source, family not stated","{""non_spatial"": 1}",UN Human Development Index,
un human development index tables,admin_linked,named area,country only,no — aggregate,1,1,False,"named source, family not stated","{""admin_linked"": 1}",UN Human Development Index tables,
un humanitarian needs overview,non_spatial,no place,—,unknown,1,1,False,"named source, family not stated","{""non_spatial"": 1}",UN Humanitarian Needs Overview,
un tourism,admin_linked,named area,country only,maybe — needs the survey's own geography,1,1,False,"named source, family not stated","{""admin_linked"": 1}",UN Tourism data,
unaids data,admin_linked,named area,country only,maybe — needs the survey's own geography,1,1,False,"named source, family not stated","{""admin_linked"": 1}",UNAIDS Data 2019,
uncomtrade mirror,admin_linked,named area,country only,no — aggregate,1,1,False,"named source, family not stated","{""admin_linked"": 1}",UNCOMTRADE mirror data,
unctad s e-commerce index,non_spatial,no place,—,no — aggregate,1,1,False,"named source, family not stated","{""non_spatial"": 1}",UNCTAD's 2020 e-Commerce Index,
undernutrition maps of bangladesh,admin_linked,named area,not stated,yes — coordinates or a layer exists,1,1,False,mapped layer / geospatial product,"{""admin_linked"": 1}",Undernutrition Maps of Bangladesh 2012,
undp gender inequality index,non_spatial,no place,—,no — aggregate,1,1,False,"named source, family not stated","{""non_spatial"": 1}",2019 UNDP Gender Inequality Index,
undp hdi,non_spatial,no place,—,no — aggregate,1,1,False,"named source, family not stated","{""non_spatial"": 1}",UNDP HDI,
undp human development indicators,non_spatial,no place,—,no — aggregate,1,1,False,facility / asset / infrastructure records,"{""non_spatial"": 1}",UNDP 2020 Human Development Indicators,
unemployment statistics,non_spatial,no place,—,unknown,1,1,False,official statistics series,"{""non_spatial"": 1}",unemployment statistics,
unemployment study,admin_linked,named area,country only,maybe — needs the survey's own geography,1,1,False,"named source, family not stated","{""admin_linked"": 1}",unemployment study,
unesco institute for statistics,admin_linked,named area,country only,maybe — needs the survey's own geography,1,1,False,official statistics series,"{""admin_linked"": 1}",UNESCO Institute for Statistics data,
unesco uis,non_spatial,no place,—,unknown,1,1,False,"named source, family not stated","{""non_spatial"": 1}",UNESCO UIS data,
unhcr operations data portal,unclear,place not stated,—,unknown,1,1,False,"named source, family not stated","{""unclear"": 1}",UNHCR Operations Data Portal 2022,
unhcr refugee protection assessment,admin_linked,named area,country only,maybe — needs the survey's own geography,1,1,False,"named source, family not stated","{""admin_linked"": 1}",UNHCR baseline Refugee Protection Assessment,
unicef,admin_linked,named area,country only,maybe — needs the survey's own geography,1,1,False,household or phone survey,"{""admin_linked"": 1}",2019 UNICEF data,
unicef data warehouse,non_spatial,no place,—,unknown,1,1,False,facility / asset / infrastructure records,"{""non_spatial"": 1}",UNICEF Data Warehouse,
unicef in-house,admin_linked,named area,country only,maybe — needs the survey's own geography,1,1,False,registry / administrative database,"{""admin_linked"": 1}",UNICEF in-house database,
unicef integrated child health and nutrition survey,unclear,place not stated,—,maybe — needs the survey's own geography,1,1,False,household or phone survey,"{""unclear"": 1}",UNICEF Integrated Child Health and Nutrition Survey,
unicef mics results,unclear,place not stated,—,maybe — needs the survey's own geography,1,1,False,household or phone survey,"{""unclear"": 1}",UNICEF MICS results,
unicef multiple indicator cluster survey,unclear,place not stated,—,maybe — needs the survey's own geography,1,1,False,"household or phone survey, official statistics series","{""unclear"": 1}",UNICEF Multiple Indicator Cluster Survey,
unicef/tpm report,admin_linked,named area,country only,maybe — needs the survey's own geography,1,1,False,"named source, family not stated","{""admin_linked"": 1}",UNICEF/TPM report,
unified database and protocols for data collection at jamoat,admin_linked,named area,country only,maybe — needs the survey's own geography,1,1,False,registry / administrative database,"{""admin_linked"": 1}",unified database and protocols for data collection at jamoat,
unified database of households receiving social assistance,admin_linked,named area,country only,maybe — needs the survey's own geography,1,1,False,"household or phone survey, registry / administrative database","{""admin_linked"": 1}",Unified database of households receiving social assistance,
unified district information system for education,admin_linked,named area,district / sub-county,maybe — needs the survey's own geography,1,1,False,"named source, family not stated","{""admin_linked"": 1}",Unified District Information System for Education,
unified district information system for education plus,admin_linked,named area,district / sub-county,maybe — needs the survey's own geography,1,1,False,"named source, family not stated","{""admin_linked"": 1}",Unified District Information System for Education Plus,
unified information database on idps,admin_linked,named area,country only,maybe — needs the survey's own geography,1,1,False,registry / administrative database,"{""admin_linked"": 1}",Unified Information Database on IDPs,
unified social registry,admin_linked,named area,country only,maybe — needs the survey's own geography,1,1,False,registry / administrative database,"{""admin_linked"": 1}",Unified Social Registry,
unique registry of beneficiaries of social programs,unclear,place not stated,—,maybe — needs the survey's own geography,1,1,False,registry / administrative database,"{""unclear"": 1}",Unique Registry of Beneficiaries of social programs,
united nations,non_spatial,no place,—,unknown,1,1,False,"named source, family not stated","{""non_spatial"": 1}",United Nations data,
united nations (un) human development index,non_spatial,no place,—,no — aggregate,1,1,False,"named source, family not stated","{""non_spatial"": 1}",United Nations (UN) Human Development Index,
united nations desa/population division,non_spatial,no place,—,unknown,1,1,False,"named source, family not stated","{""non_spatial"": 1}",United Nations DESA/Population Division Data,
united nations e-government development index,non_spatial,no place,—,no — aggregate,1,1,False,"named source, family not stated","{""non_spatial"": 1}",United Nations e-government development index,
united nations food and agriculture 18,admin_linked,named area,country only,maybe — needs the survey's own geography,1,1,False,"named source, family not stated","{""admin_linked"": 1}",United Nations Food and Agriculture 18,
united nations gender inequity index,non_spatial,no place,—,no — aggregate,1,1,False,"named source, family not stated","{""non_spatial"": 1}",United Nations Gender Inequity Index,
united nations population projections,non_spatial,no place,—,unknown,1,1,False,"named source, family not stated","{""non_spatial"": 1}",United Nations population projections,
universal health coverage (uhc) service index,admin_linked,named area,country only,no — aggregate,1,1,False,"named source, family not stated","{""admin_linked"": 1}",Universal Health Coverage (UHC) Service Index,
university of notre dame global adaptation index,non_spatial,no place,—,no — aggregate,1,1,False,"named source, family not stated","{""non_spatial"": 1}",University of Notre Dame Global Adaptation Index,
up-nec risk indicators,admin_linked,named area,country only,maybe — needs the survey's own geography,1,1,False,"named source, family not stated","{""admin_linked"": 1}",UP-NEC Risk Indicators,
updated emis,admin_linked,named area,point,maybe — needs the survey's own geography,1,1,False,"household or phone survey, official statistics series, registry / administrative database, facility / asset / infrastructure records","{""admin_linked"": 1}",updated EMIS dataset,
updated household map of country,point_geocoded,exact point,point,yes — coordinates or a layer exists,1,1,False,"household or phone survey, mapped layer / geospatial product","{""point_geocoded"": 1}",updated household map of the country,
updated vulnerability map,point_geocoded,exact point,point,yes — coordinates or a layer exists,1,1,False,mapped layer / geospatial product,"{""point_geocoded"": 1}",updated vulnerability map,
urban and housing,admin_linked,named area,urban / rural split,maybe — needs the survey's own geography,1,1,False,"named source, family not stated","{""admin_linked"": 1}",urban and housing data,
usaid climate risk profile,admin_linked,named area,country only,maybe — needs the survey's own geography,1,1,False,satellite / raster / index,"{""admin_linked"": 1}",USAID Climate Risk Profile,
user feedback surveys,unclear,place not stated,—,maybe — needs the survey's own geography,1,1,False,"household or phone survey, monitoring / tracking system","{""unclear"": 1}",user feedback surveys,
user satisfaction survey of rtc operators,unclear,place not stated,—,maybe — needs the survey's own geography,1,1,False,household or phone survey,"{""unclear"": 1}",User satisfaction survey of RTC Operators,
user satisfaction surveys,unclear,place not stated,—,maybe — needs the survey's own geography,1,1,False,household or phone survey,"{""unclear"": 1}",user satisfaction surveys,
usr,admin_linked,named area,province / region / state,maybe — needs the survey's own geography,1,1,False,"named source, family not stated","{""admin_linked"": 1}",USR data,
utilities and provincial regulators databases,admin_linked,named area,country only,maybe — needs the survey's own geography,1,1,False,registry / administrative database,"{""admin_linked"": 1}",Utilities and provincial regulators databases,
utility cadastre,point_geocoded,exact point,point,yes — coordinates or a layer exists,1,1,False,registry / administrative database,"{""point_geocoded"": 1}",utility cadastre,
utility reported data to ib-net for bih,admin_linked,named area,country only,maybe — needs the survey's own geography,1,1,False,"named source, family not stated","{""admin_linked"": 1}",utility reported data to IB-Net for BiH,
utility reports and data from commercial softwares,non_spatial,no place,—,unknown,1,1,False,"named source, family not stated","{""non_spatial"": 1}",Utility reports and data from commercial softwares,
utilization of essential service delivery survey,admin_linked,named area,urban / rural split,maybe — needs the survey's own geography,1,1,False,household or phone survey,"{""admin_linked"": 1}",2016 Utilization of Essential Service Delivery Survey,
uyep,unclear,place not stated,—,unknown,1,1,False,"named source, family not stated","{""unclear"": 1}",UYEP I,
uzkad,point_geocoded,exact point,point,yes — coordinates or a layer exists,1,1,False,"named source, family not stated","{""point_geocoded"": 1}",UzKAD,
vacancies,unclear,place not stated,—,maybe — needs the survey's own geography,1,1,False,registry / administrative database,"{""unclear"": 1}",vacancies database,
vacancy,unclear,place not stated,—,maybe — needs the survey's own geography,1,1,False,registry / administrative database,"{""unclear"": 1}",vacancy database,
vaccine registry,admin_linked,named area,country only,maybe — needs the survey's own geography,1,1,False,registry / administrative database,"{""admin_linked"": 1}",vaccine registry,
validation reports of studies,non_spatial,no place,—,unknown,1,1,False,"named source, family not stated","{""non_spatial"": 1}",Validation reports of the studies,
value chain and enterprise surveys,unclear,place not stated,—,maybe — needs the survey's own geography,1,1,False,"household or phone survey, monitoring / tracking system","{""unclear"": 1}",value chain and enterprise surveys,
value chain and rnr enterprise surveys,unclear,place not stated,—,maybe — needs the survey's own geography,1,1,False,household or phone survey,"{""unclear"": 1}",value chain and RNR enterprise surveys,
vanua levu market demand assessment,admin_linked,named area,country only,maybe — needs the survey's own geography,1,1,False,"official statistics series, facility / asset / infrastructure records","{""admin_linked"": 1}",Vanua Levu Market Demand Assessment,
vanuatu household income and expenditure survey,unclear,place not stated,—,maybe — needs the survey's own geography,1,1,False,household or phone survey,"{""unclear"": 1}",Vanuatu Household Income and Expenditure Survey,
vanuatu population census,admin_linked,named area,country only,maybe — needs the survey's own geography,1,1,False,household or phone survey,"{""admin_linked"": 1}",Vanuatu Population Census,
vehicle fleet,non_spatial,no place,—,unknown,1,1,False,"named source, family not stated","{""non_spatial"": 1}",Vehicle Fleet Data,
vehicle fleet telematic system,admin_linked,named area,not stated,maybe — needs the survey's own geography,1,1,False,"named source, family not stated","{""admin_linked"": 1}",vehicle fleet telematic system,
vehicle registration database systems,unclear,place not stated,—,maybe — needs the survey's own geography,1,1,False,registry / administrative database,"{""unclear"": 1}",vehicle registration database systems,
ver transaction records,unclear,place not stated,—,maybe — needs the survey's own geography,1,1,False,"named source, family not stated","{""unclear"": 1}",VER transaction records,
veraset gps,point_geocoded,exact point,point,yes — coordinates or a layer exists,1,1,False,"named source, family not stated","{""point_geocoded"": 1}",Veraset GPS data,
verpf portfolio,unclear,place not stated,—,maybe — needs the survey's own geography,1,1,False,registry / administrative database,"{""unclear"": 1}",VERPF portfolio database,
veterinary and food safety data systems,admin_linked,named area,district / sub-county,maybe — needs the survey's own geography,1,1,False,"named source, family not stated","{""admin_linked"": 1}",veterinary and food safety data systems,
vietnam household living standards survey,non_spatial,no place,—,maybe — needs the survey's own geography,1,1,False,"household or phone survey, official statistics series","{""non_spatial"": 1}",Vietnam Household Living Standards Survey 2014,
vietnam multiple indicator cluster survey,non_spatial,no place,—,maybe — needs the survey's own geography,1,1,False,"household or phone survey, official statistics series","{""non_spatial"": 1}",Vietnam Multiple Indicator Cluster Survey 2014,
village level survey,admin_linked,named area,local (ward/village/camp/kebele),maybe — needs the survey's own geography,1,1,False,household or phone survey,"{""admin_linked"": 1}",village level survey,
village scorecard,admin_linked,named area,local (ward/village/camp/kebele),maybe — needs the survey's own geography,1,1,False,"named source, family not stated","{""admin_linked"": 1}",village scorecard data,
village-level scorecards,admin_linked,named area,local (ward/village/camp/kebele),maybe — needs the survey's own geography,1,1,False,household or phone survey,"{""admin_linked"": 1}",village-level scorecards,
village/neighborhood level registry,admin_linked,named area,local (ward/village/camp/kebele),maybe — needs the survey's own geography,1,1,False,registry / administrative database,"{""admin_linked"": 1}",village/neighborhood level registry,
vinh long donre report,admin_linked,named area,country only,maybe — needs the survey's own geography,1,1,False,"named source, family not stated","{""admin_linked"": 1}",Vinh Long DONRE report,
vinh river water quality,point_geocoded,exact point,point,yes — coordinates or a layer exists,1,1,False,"named source, family not stated","{""point_geocoded"": 1}",Vinh River water quality,
violence against children study,unclear,place not stated,—,maybe — needs the survey's own geography,1,1,False,"official statistics series, facility / asset / infrastructure records","{""unclear"": 1}",Violence Against Children Study,
violence survey in palestinian society,non_spatial,no place,—,maybe — needs the survey's own geography,1,1,False,"household or phone survey, official statistics series","{""non_spatial"": 1}",Violence Survey in the Palestinian Society 2019,
visitor expenditure surveys,admin_linked,named area,not stated,maybe — needs the survey's own geography,1,1,False,household or phone survey,"{""admin_linked"": 1}",Visitor expenditure surveys,
visitor satisfaction surveys,admin_linked,named area,not stated,maybe — needs the survey's own geography,1,1,False,household or phone survey,"{""admin_linked"": 1}",Visitor satisfaction surveys,
vital records information systems,admin_linked,named area,country only,maybe — needs the survey's own geography,1,1,False,"named source, family not stated","{""admin_linked"": 1}",Vital Records Information Systems,
vital registration system coverage,unclear,place not stated,—,maybe — needs the survey's own geography,1,1,False,registry / administrative database,"{""unclear"": 1}",vital registration system coverage,
vital statistics,admin_linked,named area,country only,maybe — needs the survey's own geography,1,1,False,official statistics series,"{""admin_linked"": 1}",vital statistics,
volume counts for cyclists and motorized vehicles,point_geocoded,exact point,point,yes — coordinates or a layer exists,1,1,False,"named source, family not stated","{""point_geocoded"": 1}",volume counts for cyclists and motorized vehicles,
volunteer reports and outreach session attendance records,unclear,place not stated,—,maybe — needs the survey's own geography,1,1,False,"named source, family not stated","{""unclear"": 1}",Volunteer reports and outreach session attendance records,
vsl estimates for philippines,non_spatial,no place,—,unknown,1,1,False,"named source, family not stated","{""non_spatial"": 1}",VSL estimates for the Philippines,
vulnerability index,point_geocoded,exact point,point,yes — coordinates or a layer exists,1,1,False,"named source, family not stated","{""point_geocoded"": 1}",vulnerability index,
waemu report,non_spatial,no place,—,maybe — needs the survey's own geography,1,1,False,registry / administrative database,"{""non_spatial"": 1}",WAEMU report,
warfp vessel monitoring system,point_geocoded,exact point,point,yes — coordinates or a layer exists,1,1,False,monitoring / tracking system,"{""point_geocoded"": 1}",WARFP vessel monitoring system,
wash poverty diagnostic,admin_linked,named area,country only,maybe — needs the survey's own geography,1,1,False,"named source, family not stated","{""admin_linked"": 1}",WASH Poverty Diagnostic,
waste and plastics statistics,non_spatial,no place,—,unknown,1,1,False,official statistics series,"{""non_spatial"": 1}",waste and plastics statistics,
waste characterization,unclear,place not stated,—,unknown,1,1,False,"named source, family not stated","{""unclear"": 1}",waste characterization data,
waste global,non_spatial,no place,—,maybe — needs the survey's own geography,1,1,False,registry / administrative database,"{""non_spatial"": 1}",Waste Global Database,
wastewater amr data points,admin_linked,named area,country only,maybe — needs the survey's own geography,1,1,False,"named source, family not stated","{""admin_linked"": 1}",wastewater AMR data points,
wastewater quality reports,point_geocoded,exact point,point,yes — coordinates or a layer exists,1,1,False,"named source, family not stated","{""point_geocoded"": 1}",wastewater quality reports,
water and sanitation establishment administrative,point_geocoded,exact point,point,yes — coordinates or a layer exists,1,1,False,registry / administrative database,"{""point_geocoded"": 1}",Water and Sanitation Establishment administrative data,
water and sanitation establishment service coverage reports,admin_linked,named area,country only,yes — coordinates or a layer exists,1,1,False,"registry / administrative database, mapped layer / geospatial product","{""admin_linked"": 1}",Water and Sanitation Establishment service coverage reports,
water information system,admin_linked,named area,country only,maybe — needs the survey's own geography,1,1,False,"named source, family not stated","{""admin_linked"": 1}",water information system,
water infrastructure information system,point_geocoded,exact point,point,yes — coordinates or a layer exists,1,1,False,"named source, family not stated","{""point_geocoded"": 1}",Water Infrastructure Information System,
water level and discharge,point_geocoded,exact point,point,yes — coordinates or a layer exists,1,1,False,"named source, family not stated","{""point_geocoded"": 1}",water level and discharge data,
water level and discharge data from modernized hydroposts,point_geocoded,exact point,point,yes — coordinates or a layer exists,1,1,False,"named source, family not stated","{""point_geocoded"": 1}",Water level and discharge data from modernized hydroposts,
water quality audit by unicef,admin_linked,named area,country only,maybe — needs the survey's own geography,1,1,False,"named source, family not stated","{""admin_linked"": 1}",water quality audit by UNICEF,
water quality monitoring network,admin_linked,named area,not stated,maybe — needs the survey's own geography,1,1,False,monitoring / tracking system,"{""admin_linked"": 1}",water quality monitoring network,
water quality survey in kindergartens,admin_linked,named area,country only,maybe — needs the survey's own geography,1,1,False,household or phone survey,"{""admin_linked"": 1}",2016 water quality survey in kindergartens,
water quality tests of aquifers,point_geocoded,exact point,point,yes — coordinates or a layer exists,1,1,False,"named source, family not stated","{""point_geocoded"": 1}",water quality tests of aquifers,
water resources,admin_linked,named area,country only,maybe — needs the survey's own geography,1,1,False,"named source, family not stated","{""admin_linked"": 1}",water resources data,
water resources information system,point_geocoded,exact point,point,yes — coordinates or a layer exists,1,1,False,monitoring / tracking system,"{""point_geocoded"": 1}",water resources information system,
water resources monitoring systems,admin_linked,named area,country only,maybe — needs the survey's own geography,1,1,False,monitoring / tracking system,"{""admin_linked"": 1}",water resources monitoring systems,
water security diagnostic for argentina,admin_linked,named area,country only,maybe — needs the survey's own geography,1,1,False,"named source, family not stated","{""admin_linked"": 1}",water security diagnostic for Argentina,
water service providers data book,point_geocoded,exact point,point,yes — coordinates or a layer exists,1,1,False,"named source, family not stated","{""point_geocoded"": 1}",Water Service Providers Data Book,
water user s registry,admin_linked,named area,urban / rural split,maybe — needs the survey's own geography,1,1,False,registry / administrative database,"{""admin_linked"": 1}",water user’s registry,
water-environmental information,admin_linked,named area,not stated,unknown,1,1,False,"named source, family not stated","{""admin_linked"": 1}",water-environmental information,
wb covid-19 bps,admin_linked,named area,country only,maybe — needs the survey's own geography,1,1,False,"named source, family not stated","{""admin_linked"": 1}",WB COVID-19 BPS,
wb operations portal,non_spatial,no place,—,maybe — needs the survey's own geography,1,1,False,registry / administrative database,"{""non_spatial"": 1}",WB Operations Portal,
wb surveys,unclear,place not stated,—,maybe — needs the survey's own geography,1,1,False,household or phone survey,"{""unclear"": 1}",WB surveys,
wb world development indicators,admin_linked,named area,country only,no — aggregate,1,1,False,"named source, family not stated","{""admin_linked"": 1}",WB World Development Indicators,
wb-sponsored rapid surveys,admin_linked,named area,country only,maybe — needs the survey's own geography,1,1,False,household or phone survey,"{""admin_linked"": 1}",WB-sponsored rapid surveys,
wbdocs,non_spatial,no place,—,maybe — needs the survey's own geography,1,1,False,"named source, family not stated","{""non_spatial"": 1}",wbdocs,
wbg corporate scorecard,non_spatial,no place,—,unknown,1,1,False,"named source, family not stated","{""non_spatial"": 1}",WBG Corporate Scorecard,
wbg es,unclear,place not stated,—,maybe — needs the survey's own geography,1,1,False,household or phone survey,"{""unclear"": 1}",WBG ES data,
wbg scorecard,non_spatial,no place,—,unknown,1,1,False,"named source, family not stated","{""non_spatial"": 1}",WBG ScoreCard,
wbg scorecard indicator,non_spatial,no place,—,unknown,1,1,False,"named source, family not stated","{""non_spatial"": 1}",WBG Scorecard indicator,
wbg survey of citizens perceptions,admin_linked,named area,country only,maybe — needs the survey's own geography,1,1,False,household or phone survey,"{""admin_linked"": 1}",WBG survey of citizens’ perceptions,
wbl,non_spatial,no place,—,unknown,1,1,False,"named source, family not stated","{""non_spatial"": 1}",WBL 2021,
wdi indicators,admin_linked,named area,country only,no — aggregate,1,1,False,"named source, family not stated","{""admin_linked"": 1}",WDI indicators,
we-fi tourism enterprise survey,unclear,place not stated,—,maybe — needs the survey's own geography,1,1,False,household or phone survey,"{""unclear"": 1}",We-Fi Tourism Enterprise Survey,
weather advisory platform,unclear,place not stated,—,yes — coordinates or a layer exists,1,1,False,"registry / administrative database, mapped layer / geospatial product","{""unclear"": 1}",weather advisory platform,
web of science,non_spatial,no place,—,unknown,1,1,False,"named source, family not stated","{""non_spatial"": 1}",Web of Science,
webiz (immunization) portal,unclear,place not stated,—,maybe — needs the survey's own geography,1,1,False,facility / asset / infrastructure records,"{""unclear"": 1}",WebIZ (immunization) portal,
website consultant contract completion report,non_spatial,no place,—,unknown,1,1,False,"named source, family not stated","{""non_spatial"": 1}",Website Consultant Contract Completion Report,
wef travel & tourism development index,non_spatial,no place,—,no — aggregate,1,1,False,"named source, family not stated","{""non_spatial"": 1}",WEF Travel & Tourism Development Index 2021,
wef travel and tourism competitiveness report,non_spatial,no place,—,unknown,1,1,False,"named source, family not stated","{""non_spatial"": 1}",WEF Travel and Tourism Competitiveness Report,
wefi tourism enterprise survey,unclear,place not stated,—,maybe — needs the survey's own geography,1,1,False,household or phone survey,"{""unclear"": 1}",WeFi Tourism Enterprise Survey,
welfare registry,unclear,place not stated,—,maybe — needs the survey's own geography,1,1,False,registry / administrative database,"{""unclear"": 1}",Welfare Registry,
west africa climate migration report,admin_linked,named area,country only,maybe — needs the survey's own geography,1,1,False,"named source, family not stated","{""admin_linked"": 1}",West Africa Climate Migration Report,
west african examinations council,admin_linked,named area,country only,maybe — needs the survey's own geography,1,1,False,"official statistics series, facility / asset / infrastructure records","{""admin_linked"": 1}",West African Examinations Council data,
wfp and unicef in-house mis,admin_linked,named area,country only,maybe — needs the survey's own geography,1,1,False,registry / administrative database,"{""admin_linked"": 1}",WFP and UNICEF in-house MIS,
wfp comprehensive food security and vulnerability analysis,admin_linked,named area,country only,maybe — needs the survey's own geography,1,1,False,"official statistics series, registry / administrative database","{""admin_linked"": 1}",WFP Comprehensive Food security and Vulnerability Analysis,
wfp in-house,unclear,place not stated,—,maybe — needs the survey's own geography,1,1,False,registry / administrative database,"{""unclear"": 1}",WFP in-house database,
wfp in-house mis and fsps,unclear,place not stated,—,maybe — needs the survey's own geography,1,1,False,registry / administrative database,"{""unclear"": 1}",WFP in-house MIS and FSPs database,
who coronavirus dashboard,admin_linked,named area,country only,maybe — needs the survey's own geography,1,1,False,monitoring / tracking system,"{""admin_linked"": 1}",WHO Coronavirus dashboard,
who dashboard,non_spatial,no place,—,unknown,1,1,False,"official statistics series, monitoring / tracking system","{""non_spatial"": 1}",WHO Dashboard,
who estimates,non_spatial,no place,—,unknown,1,1,False,"named source, family not stated","{""non_spatial"": 1}",WHO estimates,
who global ambient air quality,admin_linked,named area,country only,maybe — needs the survey's own geography,1,1,False,registry / administrative database,"{""admin_linked"": 1}",WHO Global Ambient Air Quality Database,
who health for all,non_spatial,no place,—,no — aggregate,1,1,False,registry / administrative database,"{""non_spatial"": 1}",WHO Health for All database,
who readiness report,non_spatial,no place,—,unknown,1,1,False,"named source, family not stated","{""non_spatial"": 1}",WHO readiness report,
who steps,admin_linked,named area,country only,maybe — needs the survey's own geography,1,1,False,"named source, family not stated","{""admin_linked"": 1}",2018 WHO STEPS,
who/unicef joint monitoring programme,non_spatial,no place,—,maybe — needs the survey's own geography,1,1,False,monitoring / tracking system,"{""non_spatial"": 1}",WHO/UNICEF Joint Monitoring Programme,
wildfire risk layers,national_spatial_derived,mapped / satellite,country only,unknown,1,1,False,mapped layer / geospatial product,"{""national_spatial_derived"": 1}",wildfire risk layers,
wim,point_geocoded,exact point,point,yes — coordinates or a layer exists,1,1,False,facility / asset / infrastructure records,"{""point_geocoded"": 1}",WIM,
wims,point_geocoded,exact point,point,yes — coordinates or a layer exists,1,1,False,facility / asset / infrastructure records,"{""point_geocoded"": 1}",WIMS,
withdrawal monitoring register,non_spatial,no place,—,maybe — needs the survey's own geography,1,1,False,monitoring / tracking system,"{""non_spatial"": 1}",Withdrawal Monitoring Register,
women and men in bosnia and herzegovina,admin_linked,named area,province / region / state,maybe — needs the survey's own geography,1,1,False,"household or phone survey, official statistics series","{""admin_linked"": 1}",Women and Men in Bosnia and Herzegovina,
women business and law index,non_spatial,no place,—,no — aggregate,1,1,False,"named source, family not stated","{""non_spatial"": 1}","Women, Business and the Law Index",
women in tech index,non_spatial,no place,—,no — aggregate,1,1,False,"named source, family not stated","{""non_spatial"": 1}",2018 Women in Tech Index,
women s global sdg,non_spatial,no place,—,maybe — needs the survey's own geography,1,1,False,registry / administrative database,"{""non_spatial"": 1}",Women’s Global SDG Database,
woreda level data for all 781 woredas,admin_linked,named area,local (ward/village/camp/kebele),unknown,1,1,False,"named source, family not stated","{""admin_linked"": 1}",woreda level data for all 781 Woredas,
world bank (wb) gender statistics,non_spatial,no place,—,unknown,1,1,False,official statistics series,"{""non_spatial"": 1}",World Bank (WB) Gender Statistics,
world bank administered transaction registry,unclear,place not stated,—,maybe — needs the survey's own geography,1,1,False,registry / administrative database,"{""unclear"": 1}",World Bank administered transaction registry,
world bank boost,non_spatial,no place,—,no — aggregate,1,1,False,registry / administrative database,"{""non_spatial"": 1}",World Bank BOOST database,
world bank country economic monitoring 2 0 tool,non_spatial,no place,—,maybe — needs the survey's own geography,1,1,False,monitoring / tracking system,"{""non_spatial"": 1}",World Bank Country Economic Monitoring 2.0 tool,
world bank country statistical information,unclear,place not stated,—,no — aggregate,1,1,False,"official statistics series, registry / administrative database","{""unclear"": 1}",World Bank 2018 Country Statistical Information Database,
world bank covid-19 business pulse survey,unclear,place not stated,—,maybe — needs the survey's own geography,1,1,False,household or phone survey,"{""unclear"": 1}",World Bank COVID-19 Business Pulse Survey,
world bank data indicators,non_spatial,no place,—,unknown,1,1,False,"named source, family not stated","{""non_spatial"": 1}",World Bank data indicators,
world bank data portal,non_spatial,no place,—,no — aggregate,1,1,False,"named source, family not stated","{""non_spatial"": 1}",World Bank Data portal,
world bank data site,non_spatial,no place,—,unknown,1,1,False,"named source, family not stated","{""non_spatial"": 1}",World Bank data site,
world bank development indicators,non_spatial,no place,—,maybe — needs the survey's own geography,1,1,False,"named source, family not stated","{""non_spatial"": 1}",World Bank Development Indicators,
world bank doing business,non_spatial,no place,—,unknown,1,1,False,"named source, family not stated","{""non_spatial"": 1}",World Bank Doing Business 2020,
world bank education flagship study,non_spatial,no place,—,maybe — needs the survey's own geography,1,1,False,"named source, family not stated","{""non_spatial"": 1}",World Bank Education Flagship Study,
world bank estimates,admin_linked,named area,country only,maybe — needs the survey's own geography,1,1,False,"named source, family not stated","{""admin_linked"": 1}",World Bank Estimates,
world bank global economic prospects,non_spatial,no place,—,unknown,1,1,False,"named source, family not stated","{""non_spatial"": 1}",World Bank Global Economic Prospects,
world bank group scorecard result indicator,unclear,place not stated,—,unknown,1,1,False,"named source, family not stated","{""unclear"": 1}",World Bank Group Scorecard Result Indicator,
world bank human capital data portal,non_spatial,no place,—,no — aggregate,1,1,False,"named source, family not stated","{""non_spatial"": 1}",World Bank Human Capital Data Portal,
world bank human capital project,non_spatial,no place,—,unknown,1,1,False,"named source, family not stated","{""non_spatial"": 1}",World Bank Human Capital Project,
world bank human capital project report,admin_linked,named area,country only,no — aggregate,1,1,False,"named source, family not stated","{""admin_linked"": 1}",World Bank Human Capital Project Report,
world bank learning poverty indicator,non_spatial,no place,—,unknown,1,1,False,"named source, family not stated","{""non_spatial"": 1}",World Bank Learning Poverty indicator,
world bank listening to citizens of uzbekistan survey,admin_linked,named area,country only,maybe — needs the survey's own geography,1,1,False,household or phone survey,"{""admin_linked"": 1}",World Bank Listening to Citizens of Uzbekistan Survey,
world bank macro poverty outlook for sudan,non_spatial,no place,—,no — aggregate,1,1,False,"named source, family not stated","{""non_spatial"": 1}",World Bank Macro Poverty Outlook for Sudan,
world bank macro-fiscal model,non_spatial,no place,—,no — aggregate,1,1,False,"named source, family not stated","{""non_spatial"": 1}",World Bank Macro-Fiscal Model,
world bank myanmar systematic country diagnostic,non_spatial,no place,—,maybe — needs the survey's own geography,1,1,False,"named source, family not stated","{""non_spatial"": 1}",World Bank Myanmar Systematic Country Diagnostic,
world bank open data,admin_linked,named area,country only,maybe — needs the survey's own geography,1,1,False,"named source, family not stated","{""admin_linked"": 1}",World Bank Open Data sources,
world bank open data portal,non_spatial,no place,—,no — aggregate,1,1,False,"named source, family not stated","{""non_spatial"": 1}",2020 World Bank Open Data Portal data,
world bank population,non_spatial,no place,—,unknown,1,1,False,"named source, family not stated","{""non_spatial"": 1}",World Bank Population data,
world bank poverty rates,non_spatial,no place,—,unknown,1,1,False,"named source, family not stated","{""non_spatial"": 1}",World Bank poverty rates,
world bank regional balkans infrastructure study,point_geocoded,exact point,point,yes — coordinates or a layer exists,1,1,False,"named source, family not stated","{""point_geocoded"": 1}",World Bank Regional Balkans Infrastructure Study,
world bank service delivery indicators,admin_linked,named area,country only,unknown,1,1,False,facility / asset / infrastructure records,"{""admin_linked"": 1}",World Bank Service Delivery Indicators,
world bank statistical capacity indicator,non_spatial,no place,—,unknown,1,1,False,official statistics series,"{""non_spatial"": 1}",World Bank Statistical Capacity Indicator,
world bank statistical performance index,non_spatial,no place,—,no — aggregate,1,1,False,"household or phone survey, official statistics series","{""non_spatial"": 1}",World Bank Statistical Performance Index,
world bank survey,admin_linked,named area,country only,maybe — needs the survey's own geography,1,1,False,household or phone survey,"{""admin_linked"": 1}",2017 World Bank survey,
world bank systematic country diagnostic,admin_linked,named area,country only,maybe — needs the survey's own geography,1,1,False,"named source, family not stated","{""admin_linked"": 1}",2016 World Bank Systematic Country Diagnostic,
world bank technology adoption survey,unclear,place not stated,—,maybe — needs the survey's own geography,1,1,False,household or phone survey,"{""unclear"": 1}",World Bank Technology Adoption Survey,
world bank wdi,non_spatial,no place,—,no — aggregate,1,1,False,registry / administrative database,"{""non_spatial"": 1}",World Bank WDI database,
world bank women business and law index,non_spatial,no place,—,no — aggregate,1,1,False,"named source, family not stated","{""non_spatial"": 1}","2023 World Bank Women, Business, and Law Index",
world bank world development indicators,non_spatial,no place,—,no — aggregate,1,1,False,household or phone survey,"{""non_spatial"": 1}",World Bank World Development Indicators,
world bank-administered survey,unclear,place not stated,—,maybe — needs the survey's own geography,1,1,False,household or phone survey,"{""unclear"": 1}",World Bank-administered survey,
world bank-implemented phone surveys,unclear,place not stated,—,maybe — needs the survey's own geography,1,1,False,household or phone survey,"{""unclear"": 1}",World Bank-implemented phone surveys,
world bank-led survey on refugee self-reliance,admin_linked,named area,country only,maybe — needs the survey's own geography,1,1,False,household or phone survey,"{""admin_linked"": 1}",World Bank-led survey on refugee self-reliance,
world bank-moics firm survey,admin_linked,named area,country only,maybe — needs the survey's own geography,1,1,False,household or phone survey,"{""admin_linked"": 1}",World Bank-MoICS firm survey,
world bank/ifc tunisia pulse survey,unclear,place not stated,—,maybe — needs the survey's own geography,1,1,False,household or phone survey,"{""unclear"": 1}",2021 World Bank/IFC Tunisia Pulse Survey,
world development indicators databank,non_spatial,no place,—,no — aggregate,1,1,False,"named source, family not stated","{""non_spatial"": 1}",World Development Indicators Databank,
world economic forum competitiveness report,non_spatial,no place,—,unknown,1,1,False,"named source, family not stated","{""non_spatial"": 1}",World Economic Forum Competitiveness Report 2019,
world economic outlook,non_spatial,no place,—,maybe — needs the survey's own geography,1,1,False,registry / administrative database,"{""non_spatial"": 1}",World Economic Outlook Database,
world energy outlook stated policies scenarios,admin_linked,named area,country only,maybe — needs the survey's own geography,1,1,False,"named source, family not stated","{""admin_linked"": 1}",2024 World Energy Outlook Stated Policies Scenarios,
world health organization,non_spatial,no place,—,unknown,1,1,False,"named source, family not stated","{""non_spatial"": 1}",World Health Organization 2025 data,
world inequality,non_spatial,no place,—,maybe — needs the survey's own geography,1,1,False,registry / administrative database,"{""non_spatial"": 1}",World Inequality Database,
world inequality report,non_spatial,no place,—,unknown,1,1,False,"named source, family not stated","{""non_spatial"": 1}",World Inequality Report 2022,
world justice project index,non_spatial,no place,—,no — aggregate,1,1,False,household or phone survey,"{""non_spatial"": 1}",2022 World Justice Project Index,
world management survey,unclear,place not stated,—,maybe — needs the survey's own geography,1,1,False,household or phone survey,"{""unclear"": 1}",World Management Survey,
world meter coronavirus,admin_linked,named area,country only,maybe — needs the survey's own geography,1,1,False,"named source, family not stated","{""admin_linked"": 1}",World Meter Coronavirus,
world population prospects,non_spatial,no place,—,unknown,1,1,False,"named source, family not stated","{""non_spatial"": 1}",World Population Prospects,
world risk report on disaster risk,non_spatial,no place,—,unknown,1,1,False,"named source, family not stated","{""non_spatial"": 1}",2023 World Risk Report on disaster risk,
world tourism organization,non_spatial,no place,—,unknown,1,1,False,"named source, family not stated","{""non_spatial"": 1}",World Tourism Organization Data,
world view,point_geocoded,exact point,point,yes — coordinates or a layer exists,1,1,False,satellite / raster / index,"{""point_geocoded"": 1}",World View,
worldpop,point_geocoded,exact point,point,yes — coordinates or a layer exists,1,1,False,"named source, family not stated","{""point_geocoded"": 1}",Worldpop data,
worldpop population distribution,point_geocoded,exact point,point,yes — coordinates or a layer exists,1,1,False,"registry / administrative database, mapped layer / geospatial product","{""point_geocoded"": 1}",WorldPop population distribution datasets,
wuas,admin_linked,named area,not stated,unknown,1,1,False,"named source, family not stated","{""admin_linked"": 1}",WUAs,
yearly beneficiary satisfaction surveys,unclear,place not stated,—,maybe — needs the survey's own geography,1,1,False,household or phone survey,"{""unclear"": 1}",Yearly beneficiary satisfaction surveys,
yemen desert locust response project,non_spatial,no place,—,unknown,1,1,False,"named source, family not stated","{""non_spatial"": 1}",Yemen Desert Locust Response Project,
yemen emergency human development survey,unclear,place not stated,—,no — aggregate,1,1,False,household or phone survey,"{""unclear"": 1}",Yemen Emergency Human Development Survey,
yemen multiple indicator cluster survey,non_spatial,no place,—,no — aggregate,1,1,False,household or phone survey,"{""non_spatial"": 1}",Yemen Multiple Indicator Cluster Survey,
yemen rural population macro trends,admin_linked,named area,urban / rural split,maybe — needs the survey's own geography,1,1,False,"named source, family not stated","{""admin_linked"": 1}",Yemen Rural Population 1960–2021 Macro Trends,
yemen smart surveys,non_spatial,no place,—,maybe — needs the survey's own geography,1,1,False,household or phone survey,"{""non_spatial"": 1}",Yemen SMART surveys,
yemen wash poverty diagnostic study,unclear,place not stated,—,unknown,1,1,False,"named source, family not stated","{""unclear"": 1}",Yemen WASH Poverty Diagnostic Study,
youth surveys,unclear,place not stated,—,maybe — needs the survey's own geography,1,1,False,household or phone survey,"{""unclear"": 1}",youth surveys,
zambia blue and yellow books,non_spatial,no place,—,no — aggregate,1,1,False,"named source, family not stated","{""non_spatial"": 1}",Zambia blue and yellow books,
zambia census of population and housing,admin_linked,named area,province / region / state,maybe — needs the survey's own geography,1,1,False,household or phone survey,"{""admin_linked"": 1}",Zambia 2022 Census of Population and Housing,
zambia demographic and health survey,non_spatial,no place,—,maybe — needs the survey's own geography,1,1,False,"household or phone survey, monitoring / tracking system","{""non_spatial"": 1}",2018 Zambia Demographic and Health Survey,
zambia hmis,admin_linked,named area,country only,no — aggregate,1,1,False,"named source, family not stated","{""admin_linked"": 1}",Zambia HMIS,
zambia living conditions and monitoring survey,non_spatial,no place,—,maybe — needs the survey's own geography,1,1,False,"household or phone survey, official statistics series, monitoring / tracking system","{""non_spatial"": 1}",Zambia Living Conditions and Monitoring Survey,
zealand s population census,admin_linked,named area,point,maybe — needs the survey's own geography,1,1,False,household or phone survey,"{""admin_linked"": 1}",New Zealand’s population census,
